{
  "type": "FeatureCollection",
  "generator": "overpass-turbo",
  "copyright": "The data included in this document is from www.openstreetmap.org. The data is made available under ODbL.",
  "timestamp": "2026-05-21T22:56:15Z",
  "features": [
    {
      "type": "Feature",
      "properties": {
        "@id": "relation/340972",
        "admin_level": "8",
        "boundary": "administrative",
        "idee:name": "Chía",
        "ine:municipio": "22095",
        "name": "Chía",
        "name:an": "Chía",
        "population": "90",
        "population:date": "2025",
        "ref:ine": "22095000000",
        "source": "BDLL25, EGRN, Instituto Geográfico Nacional",
        "type": "boundary",
        "wikidata": "Q987432",
        "wikipedia": "es:Chía (Huesca)"
      },
      "geometry": {
        "type": "Polygon",
        "coordinates": [
          [
            [
              0.4827443,
              42.5135184
            ],
            [
              0.4826099,
              42.5138315
            ],
            [
              0.4827623,
              42.5146012
            ],
            [
              0.483146,
              42.5153729
            ],
            [
              0.4831925,
              42.5155516
            ],
            [
              0.4831963,
              42.5158396
            ],
            [
              0.4831471,
              42.5160482
            ],
            [
              0.4826711,
              42.5169001
            ],
            [
              0.4825774,
              42.5176233
            ],
            [
              0.4826406,
              42.5178825
            ],
            [
              0.4828914,
              42.518235
            ],
            [
              0.483031,
              42.5185549
            ],
            [
              0.4830363,
              42.5188699
            ],
            [
              0.4829546,
              42.5191515
            ],
            [
              0.4824829,
              42.5196431
            ],
            [
              0.4822231,
              42.5197861
            ],
            [
              0.481746,
              42.5199627
            ],
            [
              0.4814745,
              42.520115
            ],
            [
              0.4812106,
              42.5204022
            ],
            [
              0.4810087,
              42.5206664
            ],
            [
              0.4804022,
              42.5214796
            ],
            [
              0.480215,
              42.522017
            ],
            [
              0.4800945,
              42.5226602
            ],
            [
              0.4799764,
              42.522943
            ],
            [
              0.4794795,
              42.5236861
            ],
            [
              0.4789698,
              42.5241997
            ],
            [
              0.4785633,
              42.5246229
            ],
            [
              0.4783955,
              42.524932
            ],
            [
              0.4734643,
              42.5262384
            ],
            [
              0.4681924,
              42.5286405
            ],
            [
              0.4676277,
              42.5287747
            ],
            [
              0.4673015,
              42.5288206
            ],
            [
              0.4670143,
              42.5289103
            ],
            [
              0.4663124,
              42.5289856
            ],
            [
              0.4656627,
              42.5295636
            ],
            [
              0.4648158,
              42.5307598
            ],
            [
              0.4642082,
              42.5312194
            ],
            [
              0.463238,
              42.5321672
            ],
            [
              0.4630124,
              42.5324892
            ],
            [
              0.4627594,
              42.532758
            ],
            [
              0.4625712,
              42.5330969
            ],
            [
              0.4621057,
              42.5337052
            ],
            [
              0.4615355,
              42.5341817
            ],
            [
              0.4611959,
              42.5344261
            ],
            [
              0.4608938,
              42.5346874
            ],
            [
              0.4605977,
              42.5350565
            ],
            [
              0.4600669,
              42.5355858
            ],
            [
              0.4596647,
              42.5358759
            ],
            [
              0.4592591,
              42.5361685
            ],
            [
              0.458595,
              42.5367109
            ],
            [
              0.4579536,
              42.5374416
            ],
            [
              0.4568766,
              42.5382215
            ],
            [
              0.4561448,
              42.5386398
            ],
            [
              0.4558225,
              42.5387576
            ],
            [
              0.4554809,
              42.538966
            ],
            [
              0.4547184,
              42.5392682
            ],
            [
              0.4544939,
              42.539392
            ],
            [
              0.4543406,
              42.5397028
            ],
            [
              0.4541139,
              42.5408892
            ],
            [
              0.4538246,
              42.5413842
            ],
            [
              0.4537514,
              42.5416025
            ],
            [
              0.4533009,
              42.5422644
            ],
            [
              0.4532615,
              42.5426528
            ],
            [
              0.4532315,
              42.543212
            ],
            [
              0.4530682,
              42.5437842
            ],
            [
              0.4529727,
              42.5444804
            ],
            [
              0.4528209,
              42.5448182
            ],
            [
              0.4525339,
              42.545133
            ],
            [
              0.4521687,
              42.545135
            ],
            [
              0.4518243,
              42.5450733
            ],
            [
              0.4516027,
              42.5452511
            ],
            [
              0.4509981,
              42.5459897
            ],
            [
              0.4508108,
              42.5463465
            ],
            [
              0.4508344,
              42.5465529
            ],
            [
              0.4510648,
              42.5469782
            ],
            [
              0.4508686,
              42.5476144
            ],
            [
              0.450918,
              42.547847
            ],
            [
              0.4510246,
              42.5480149
            ],
            [
              0.4510847,
              42.5482202
            ],
            [
              0.4510003,
              42.5484568
            ],
            [
              0.4508314,
              42.548705
            ],
            [
              0.4506356,
              42.548909
            ],
            [
              0.4502939,
              42.5491175
            ],
            [
              0.4499143,
              42.5497412
            ],
            [
              0.4497267,
              42.5498729
            ],
            [
              0.449294,
              42.549976
            ],
            [
              0.4491416,
              42.5503048
            ],
            [
              0.4488382,
              42.5507641
            ],
            [
              0.4486039,
              42.5513745
            ],
            [
              0.448188,
              42.5517832
            ],
            [
              0.4478833,
              42.5524407
            ],
            [
              0.447624,
              42.5528177
            ],
            [
              0.4471157,
              42.5537605
            ],
            [
              0.447012,
              42.5540878
            ],
            [
              0.4470021,
              42.5543492
            ],
            [
              0.4470621,
              42.5545545
            ],
            [
              0.447039,
              42.5547983
            ],
            [
              0.4469653,
              42.5550076
            ],
            [
              0.4467953,
              42.5552378
            ],
            [
              0.4461578,
              42.5558243
            ],
            [
              0.4456076,
              42.5562281
            ],
            [
              0.4453126,
              42.5563991
            ],
            [
              0.4448492,
              42.5566111
            ],
            [
              0.4440221,
              42.5572933
            ],
            [
              0.4435498,
              42.5577848
            ],
            [
              0.4432339,
              42.5580194
            ],
            [
              0.4430182,
              42.558305
            ],
            [
              0.4428102,
              42.5585094
            ],
            [
              0.4423784,
              42.5590717
            ],
            [
              0.4421942,
              42.5592663
            ],
            [
              0.4419371,
              42.5594631
            ],
            [
              0.4417413,
              42.5596671
            ],
            [
              0.441327,
              42.5603279
            ],
            [
              0.4411773,
              42.5604855
            ],
            [
              0.440162,
              42.5608492
            ],
            [
              0.4396753,
              42.5610799
            ],
            [
              0.4393944,
              42.5612865
            ],
            [
              0.4391581,
              42.5614196
            ],
            [
              0.4389963,
              42.5615776
            ],
            [
              0.4389347,
              42.5617865
            ],
            [
              0.4389403,
              42.5621105
            ],
            [
              0.4394467,
              42.5631218
            ],
            [
              0.439602,
              42.5632882
            ],
            [
              0.4397233,
              42.5635006
            ],
            [
              0.439626,
              42.5639448
            ],
            [
              0.4394984,
              42.5642818
            ],
            [
              0.439374,
              42.5644566
            ],
            [
              0.4390253,
              42.5645391
            ],
            [
              0.438319,
              42.5645424
            ],
            [
              0.4377007,
              42.564597
            ],
            [
              0.4372421,
              42.5646738
            ],
            [
              0.436391,
              42.5649245
            ],
            [
              0.4347237,
              42.5651727
            ],
            [
              0.4336267,
              42.5651606
            ],
            [
              0.432879,
              42.565075
            ],
            [
              0.4325467,
              42.5650129
            ],
            [
              0.4320525,
              42.5651088
            ],
            [
              0.4313454,
              42.5653191
            ],
            [
              0.4306601,
              42.5654837
            ],
            [
              0.430322,
              42.5655389
            ],
            [
              0.4291692,
              42.5656185
            ],
            [
              0.427866,
              42.5656216
            ],
            [
              0.4272229,
              42.5656678
            ],
            [
              0.4265409,
              42.5656703
            ],
            [
              0.4253397,
              42.5655352
            ],
            [
              0.424934,
              42.5654663
            ],
            [
              0.4241156,
              42.5652027
            ],
            [
              0.4236042,
              42.5649839
            ],
            [
              0.4230591,
              42.564595
            ],
            [
              0.4225725,
              42.5643844
            ],
            [
              0.422067,
              42.5642735
            ],
            [
              0.4218272,
              42.5643437
            ],
            [
              0.4216035,
              42.5644855
            ],
            [
              0.4209653,
              42.5652879
            ],
            [
              0.4203603,
              42.5662515
            ],
            [
              0.4201519,
              42.5666719
            ],
            [
              0.419759,
              42.5670619
            ],
            [
              0.4194994,
              42.5672137
            ],
            [
              0.4192236,
              42.567294
            ],
            [
              0.4187512,
              42.5673441
            ],
            [
              0.4166604,
              42.5674246
            ],
            [
              0.4087214,
              42.5614575
            ],
            [
              0.4078696,
              42.5612488
            ],
            [
              0.4093754,
              42.5609428
            ],
            [
              0.4104984,
              42.5605401
            ],
            [
              0.4114983,
              42.5601141
            ],
            [
              0.4116182,
              42.5600528
            ],
            [
              0.4117046,
              42.5600087
            ],
            [
              0.4129202,
              42.5593874
            ],
            [
              0.4133427,
              42.5590956
            ],
            [
              0.4139262,
              42.558628
            ],
            [
              0.414844,
              42.5575921
            ],
            [
              0.4152143,
              42.5570138
            ],
            [
              0.4156815,
              42.5566486
            ],
            [
              0.4162956,
              42.5562971
            ],
            [
              0.4165928,
              42.5561622
            ],
            [
              0.4169516,
              42.5560434
            ],
            [
              0.4173202,
              42.5558793
            ],
            [
              0.4181697,
              42.5553767
            ],
            [
              0.419016,
              42.5545951
            ],
            [
              0.4193066,
              42.5541182
            ],
            [
              0.419576,
              42.5532547
            ],
            [
              0.4197339,
              42.5530249
            ],
            [
              0.4199211,
              42.5528842
            ],
            [
              0.4200698,
              42.5527087
            ],
            [
              0.4202009,
              42.5524346
            ],
            [
              0.4204531,
              42.5512565
            ],
            [
              0.4213803,
              42.5499501
            ],
            [
              0.4215293,
              42.5495055
            ],
            [
              0.4216211,
              42.5492316
            ],
            [
              0.4217678,
              42.5490201
            ],
            [
              0.4218938,
              42.5489123
            ],
            [
              0.4221168,
              42.5487215
            ],
            [
              0.4222893,
              42.5485363
            ],
            [
              0.4224346,
              42.5482978
            ],
            [
              0.4225991,
              42.5477436
            ],
            [
              0.4227389,
              42.5474063
            ],
            [
              0.4230194,
              42.5471908
            ],
            [
              0.4232212,
              42.5470947
            ],
            [
              0.4242012,
              42.5465341
            ],
            [
              0.4247115,
              42.5460686
            ],
            [
              0.4250574,
              42.545491
            ],
            [
              0.4253211,
              42.5449698
            ],
            [
              0.4254345,
              42.5443721
            ],
            [
              0.4257043,
              42.5435177
            ],
            [
              0.4258257,
              42.5432889
            ],
            [
              0.4259833,
              42.5426089
            ],
            [
              0.4259591,
              42.5421684
            ],
            [
              0.4259118,
              42.5419717
            ],
            [
              0.422556,
              42.5411717
            ],
            [
              0.4214663,
              42.5379448
            ],
            [
              0.4217019,
              42.5375775
            ],
            [
              0.422189,
              42.5366895
            ],
            [
              0.4225574,
              42.535634
            ],
            [
              0.4227287,
              42.5349806
            ],
            [
              0.4228702,
              42.534229
            ],
            [
              0.4228791,
              42.5337245
            ],
            [
              0.4214198,
              42.5326426
            ],
            [
              0.4212378,
              42.5324319
            ],
            [
              0.421227,
              42.5322341
            ],
            [
              0.421523,
              42.5311898
            ],
            [
              0.4215169,
              42.5308568
            ],
            [
              0.4214134,
              42.5300765
            ],
            [
              0.4212681,
              42.5294235
            ],
            [
              0.4214094,
              42.5291132
            ],
            [
              0.4223171,
              42.5283477
            ],
            [
              0.4226233,
              42.5281584
            ],
            [
              0.4231709,
              42.5277098
            ],
            [
              0.4234897,
              42.5275292
            ],
            [
              0.4240715,
              42.5272596
            ],
            [
              0.4242891,
              42.52701
            ],
            [
              0.4243729,
              42.5265393
            ],
            [
              0.4243924,
              42.5257823
            ],
            [
              0.4240307,
              42.5242894
            ],
            [
              0.4240296,
              42.5240463
            ],
            [
              0.4240911,
              42.5236123
            ],
            [
              0.4242719,
              42.5229135
            ],
            [
              0.4248266,
              42.5221496
            ],
            [
              0.4257826,
              42.5211575
            ],
            [
              0.426063,
              42.520942
            ],
            [
              0.4262233,
              42.5207571
            ],
            [
              0.426402,
              42.5204636
            ],
            [
              0.4272143,
              42.5184042
            ],
            [
              0.4274383,
              42.5176051
            ],
            [
              0.4275022,
              42.517216
            ],
            [
              0.4274517,
              42.5165152
            ],
            [
              0.4272486,
              42.515918
            ],
            [
              0.426558,
              42.5146421
            ],
            [
              0.4260374,
              42.5138022
            ],
            [
              0.425509,
              42.5130437
            ],
            [
              0.42496,
              42.5125739
            ],
            [
              0.4242891,
              42.5123239
            ],
            [
              0.4236216,
              42.5121367
            ],
            [
              0.4233027,
              42.5120923
            ],
            [
              0.4229445,
              42.5119949
            ],
            [
              0.4210505,
              42.5114123
            ],
            [
              0.4202654,
              42.5110756
            ],
            [
              0.4186289,
              42.5103051
            ],
            [
              0.4183766,
              42.5101416
            ],
            [
              0.4181714,
              42.5099496
            ],
            [
              0.4178362,
              42.5093833
            ],
            [
              0.4203796,
              42.5084879
            ],
            [
              0.4207138,
              42.5081448
            ],
            [
              0.4215721,
              42.5073717
            ],
            [
              0.4220633,
              42.5070058
            ],
            [
              0.423957,
              42.5058056
            ],
            [
              0.4244223,
              42.5054135
            ],
            [
              0.4247333,
              42.5053141
            ],
            [
              0.4249889,
              42.5053155
            ],
            [
              0.4253097,
              42.5053959
            ],
            [
              0.4256243,
              42.5055846
            ],
            [
              0.4259359,
              42.5057193
            ],
            [
              0.426488,
              42.5058019
            ],
            [
              0.4267607,
              42.5058927
            ],
            [
              0.4271045,
              42.5061706
            ],
            [
              0.4274191,
              42.5063592
            ],
            [
              0.4277625,
              42.5068532
            ],
            [
              0.4279576,
              42.5070815
            ],
            [
              0.4282119,
              42.5072809
            ],
            [
              0.4285959,
              42.5074045
            ],
            [
              0.4292009,
              42.5073413
            ],
            [
              0.4293641,
              42.5072104
            ],
            [
              0.4294282,
              42.5070464
            ],
            [
              0.4298107,
              42.5064766
            ],
            [
              0.4304836,
              42.5060963
            ],
            [
              0.4306341,
              42.5059567
            ],
            [
              0.4306942,
              42.5057208
            ],
            [
              0.4307154,
              42.505441
            ],
            [
              0.430579,
              42.5042835
            ],
            [
              0.430349,
              42.503417
            ],
            [
              0.4302493,
              42.5027087
            ],
            [
              0.4303119,
              42.5025177
            ],
            [
              0.4304585,
              42.5023062
            ],
            [
              0.430609,
              42.5021666
            ],
            [
              0.4308102,
              42.5020615
            ],
            [
              0.4313606,
              42.5018919
            ],
            [
              0.4316507,
              42.5018562
            ],
            [
              0.4322503,
              42.5016942
            ],
            [
              0.4337582,
              42.5010096
            ],
            [
              0.4345142,
              42.5008158
            ],
            [
              0.4347688,
              42.5007992
            ],
            [
              0.435816,
              42.5008127
            ],
            [
              0.4362256,
              42.5007374
            ],
            [
              0.4365919,
              42.5005373
            ],
            [
              0.4368312,
              42.500242
            ],
            [
              0.4368471,
              42.5000884
            ],
            [
              0.4395542,
              42.4902193
            ],
            [
              0.443581,
              42.4831288
            ],
            [
              0.4638474,
              42.5000663
            ],
            [
              0.4692152,
              42.5044869
            ],
            [
              0.4710113,
              42.5054571
            ],
            [
              0.4711722,
              42.505544
            ],
            [
              0.4792048,
              42.5103784
            ],
            [
              0.4794159,
              42.510453
            ],
            [
              0.4797215,
              42.5106959
            ],
            [
              0.4809314,
              42.5120997
            ],
            [
              0.4816701,
              42.5133468
            ],
            [
              0.4818113,
              42.5134776
            ],
            [
              0.4820213,
              42.5135342
            ],
            [
              0.4827443,
              42.5135184
            ]
          ]
        ]
      },
      "id": "relation/340972"
    },
    {
      "type": "Feature",
      "properties": {
        "@id": "relation/7080224",
        "admin_level": "8",
        "boundary": "administrative",
        "name": "Bojacá",
        "type": "boundary"
      },
      "geometry": {
        "type": "Polygon",
        "coordinates": [
          [
            [
              -74.0292782,
              4.8638663
            ],
            [
              -74.0291452,
              4.863982
            ],
            [
              -74.028986,
              4.8641984
            ],
            [
              -74.028845,
              4.8643549
            ],
            [
              -74.0286932,
              4.8644313
            ],
            [
              -74.0278812,
              4.8648937
            ],
            [
              -74.0275503,
              4.8650822
            ],
            [
              -74.027425,
              4.8651851
            ],
            [
              -74.0273219,
              4.8652987
            ],
            [
              -74.0273345,
              4.8655522
            ],
            [
              -74.0274081,
              4.8656937
            ],
            [
              -74.0276739,
              4.8656167
            ],
            [
              -74.0278808,
              4.865389
            ],
            [
              -74.028084,
              4.8652403
            ],
            [
              -74.0282865,
              4.8650921
            ],
            [
              -74.0284589,
              4.8652386
            ],
            [
              -74.0287261,
              4.8660836
            ],
            [
              -74.0289133,
              4.8663848
            ],
            [
              -74.0290453,
              4.866608
            ],
            [
              -74.0294465,
              4.8670773
            ],
            [
              -74.0297875,
              4.8673281
            ],
            [
              -74.0300605,
              4.8674964
            ],
            [
              -74.0303046,
              4.8674964
            ],
            [
              -74.0305513,
              4.8676113
            ],
            [
              -74.0306425,
              4.8677129
            ],
            [
              -74.0306801,
              4.8678492
            ],
            [
              -74.030664,
              4.8680202
            ],
            [
              -74.0305406,
              4.8682233
            ],
            [
              -74.0302777,
              4.868397
            ],
            [
              -74.0299988,
              4.8684772
            ],
            [
              -74.0296662,
              4.8684852
            ],
            [
              -74.0292853,
              4.8683623
            ],
            [
              -74.0289581,
              4.8681057
            ],
            [
              -74.0285611,
              4.8675178
            ],
            [
              -74.0283948,
              4.8672398
            ],
            [
              -74.0281776,
              4.8666332
            ],
            [
              -74.0280435,
              4.8663926
            ],
            [
              -74.027912,
              4.8662857
            ],
            [
              -74.027794,
              4.866251
            ],
            [
              -74.0276787,
              4.8662697
            ],
            [
              -74.0275687,
              4.8663659
            ],
            [
              -74.027492,
              4.8665577
            ],
            [
              -74.0273541,
              4.8670581
            ],
            [
              -74.0274265,
              4.8677075
            ],
            [
              -74.0274582,
              4.8683983
            ],
            [
              -74.0275419,
              4.8690117
            ],
            [
              -74.0276814,
              4.8696211
            ],
            [
              -74.0280032,
              4.8699578
            ],
            [
              -74.0283305,
              4.8700006
            ],
            [
              -74.029001,
              4.8700006
            ],
            [
              -74.0296823,
              4.8700861
            ],
            [
              -74.0302616,
              4.8703587
            ],
            [
              -74.0305835,
              4.8705832
            ],
            [
              -74.0311199,
              4.870968
            ],
            [
              -74.0312058,
              4.8712513
            ],
            [
              -74.0311414,
              4.8714384
            ],
            [
              -74.0308785,
              4.8719461
            ],
            [
              -74.0303689,
              4.8725555
            ],
            [
              -74.029811,
              4.8729403
            ],
            [
              -74.0292102,
              4.8732343
            ],
            [
              -74.0286094,
              4.873555
            ],
            [
              -74.0280944,
              4.8737581
            ],
            [
              -74.0277189,
              4.8738062
            ],
            [
              -74.0274239,
              4.8736726
            ],
            [
              -74.0270859,
              4.8733252
            ],
            [
              -74.0266514,
              4.8729884
            ],
            [
              -74.026174,
              4.8729617
            ],
            [
              -74.0257663,
              4.8732396
            ],
            [
              -74.0252727,
              4.8736993
            ],
            [
              -74.0248168,
              4.8741483
            ],
            [
              -74.0244949,
              4.874469
            ],
            [
              -74.0243018,
              4.8746881
            ],
            [
              -74.0241194,
              4.8750623
            ],
            [
              -74.0241516,
              4.8752814
            ],
            [
              -74.0242159,
              4.8753563
            ],
            [
              -74.0245378,
              4.8754097
            ],
            [
              -74.0248758,
              4.8753456
            ],
            [
              -74.025203,
              4.8752494
            ],
            [
              -74.0255785,
              4.8750195
            ],
            [
              -74.0259862,
              4.8747737
            ],
            [
              -74.0262008,
              4.8747202
            ],
            [
              -74.0263563,
              4.8748752
            ],
            [
              -74.0263349,
              4.8754952
            ],
            [
              -74.0262651,
              4.8758801
            ],
            [
              -74.0260398,
              4.8762863
            ],
            [
              -74.0258038,
              4.876452
            ],
            [
              -74.0253693,
              4.8763772
            ],
            [
              -74.0247256,
              4.8761901
            ],
            [
              -74.0242964,
              4.8762649
            ],
            [
              -74.0242267,
              4.8764039
            ],
            [
              -74.0241087,
              4.8767834
            ],
            [
              -74.0238887,
              4.8771522
            ],
            [
              -74.0235668,
              4.8774515
            ],
            [
              -74.0235454,
              4.8777081
            ],
            [
              -74.0237761,
              4.8779379
            ],
            [
              -74.0241194,
              4.8781143
            ],
            [
              -74.0245003,
              4.8783174
            ],
            [
              -74.0246719,
              4.8786809
            ],
            [
              -74.0247792,
              4.8790016
            ],
            [
              -74.0248114,
              4.8796804
            ],
            [
              -74.024806,
              4.8800331
            ],
            [
              -74.0249455,
              4.8813908
            ],
            [
              -74.0251225,
              4.8820322
            ],
            [
              -74.0251815,
              4.8823475
            ],
            [
              -74.0253586,
              4.8824758
            ],
            [
              -74.0252084,
              4.8830103
            ],
            [
              -74.0250206,
              4.8832294
            ],
            [
              -74.0245807,
              4.8836143
            ],
            [
              -74.0244378,
              4.8844427
            ],
            [
              -74.0245056,
              4.8845496
            ],
            [
              -74.0246147,
              4.8846175
            ],
            [
              -74.0250447,
              4.884416
            ],
            [
              -74.0254685,
              4.8841537
            ],
            [
              -74.0256456,
              4.8840713
            ],
            [
              -74.0257797,
              4.8839456
            ],
            [
              -74.025903,
              4.8837853
            ],
            [
              -74.0261149,
              4.8834699
            ],
            [
              -74.026278,
              4.8833973
            ],
            [
              -74.0267356,
              4.884263
            ],
            [
              -74.0276516,
              4.8860264
            ],
            [
              -74.0278292,
              4.8860695
            ],
            [
              -74.0278293,
              4.8860224
            ],
            [
              -74.0297681,
              4.8868827
            ],
            [
              -74.0299115,
              4.8870196
            ],
            [
              -74.0317868,
              4.887824
            ],
            [
              -74.0346914,
              4.8890865
            ],
            [
              -74.0348056,
              4.8891157
            ],
            [
              -74.0348043,
              4.8891309
            ],
            [
              -74.0349998,
              4.8891729
            ],
            [
              -74.0351311,
              4.8892497
            ],
            [
              -74.035167,
              4.8892941
            ],
            [
              -74.0353354,
              4.8892011
            ],
            [
              -74.0354504,
              4.8886879
            ],
            [
              -74.035579,
              4.8878203
            ],
            [
              -74.03561,
              4.8876031
            ],
            [
              -74.0357673,
              4.8876278
            ],
            [
              -74.0358578,
              4.887653
            ],
            [
              -74.0359769,
              4.887725
            ],
            [
              -74.0360693,
              4.8877152
            ],
            [
              -74.036139,
              4.8877118
            ],
            [
              -74.0362145,
              4.8877524
            ],
            [
              -74.036557,
              4.8880151
            ],
            [
              -74.0367029,
              4.8881483
            ],
            [
              -74.036879,
              4.8883094
            ],
            [
              -74.0371378,
              4.888523
            ],
            [
              -74.0371735,
              4.8885356
            ],
            [
              -74.0372141,
              4.8886186
            ],
            [
              -74.0376348,
              4.8889783
            ],
            [
              -74.0376516,
              4.8889909
            ],
            [
              -74.0377587,
              4.8890759
            ],
            [
              -74.0378964,
              4.8891861
            ],
            [
              -74.0380881,
              4.8893533
            ],
            [
              -74.0383107,
              4.8895772
            ],
            [
              -74.0385976,
              4.8898515
            ],
            [
              -74.038817,
              4.8900327
            ],
            [
              -74.0390386,
              4.8900808
            ],
            [
              -74.0391731,
              4.8900508
            ],
            [
              -74.0393704,
              4.8898815
            ],
            [
              -74.0394403,
              4.8899168
            ],
            [
              -74.0397659,
              4.8900702
            ],
            [
              -74.0397544,
              4.8900949
            ],
            [
              -74.0397447,
              4.8901354
            ],
            [
              -74.039873,
              4.8901804
            ],
            [
              -74.0398924,
              4.8901857
            ],
            [
              -74.0398906,
              4.8903012
            ],
            [
              -74.0404702,
              4.8905771
            ],
            [
              -74.0407344,
              4.8906992
            ],
            [
              -74.0416332,
              4.891079
            ],
            [
              -74.0418567,
              4.8905807
            ],
            [
              -74.0418908,
              4.8905067
            ],
            [
              -74.0420225,
              4.8902152
            ],
            [
              -74.0423421,
              4.8895178
            ],
            [
              -74.0424058,
              4.8895447
            ],
            [
              -74.0438968,
              4.8902499
            ],
            [
              -74.0441274,
              4.8903574
            ],
            [
              -74.0446691,
              4.8906106
            ],
            [
              -74.0447384,
              4.8906443
            ],
            [
              -74.0449697,
              4.89075
            ],
            [
              -74.0452762,
              4.8908961
            ],
            [
              -74.0456853,
              4.8910864
            ],
            [
              -74.0461148,
              4.8912851
            ],
            [
              -74.0461884,
              4.8913196
            ],
            [
              -74.046945,
              4.8916685
            ],
            [
              -74.0474796,
              4.8919245
            ],
            [
              -74.0480782,
              4.8922062
            ],
            [
              -74.0482153,
              4.8922676
            ],
            [
              -74.0483013,
              4.8923058
            ],
            [
              -74.0490493,
              4.8926635
            ],
            [
              -74.0491131,
              4.8926813
            ],
            [
              -74.0493031,
              4.8926806
            ],
            [
              -74.0493027,
              4.8927178
            ],
            [
              -74.0494081,
              4.8927187
            ],
            [
              -74.0494122,
              4.892642
            ],
            [
              -74.0494186,
              4.8925775
            ],
            [
              -74.0494042,
              4.8924961
            ],
            [
              -74.0493241,
              4.8922611
            ],
            [
              -74.0493373,
              4.8920583
            ],
            [
              -74.0493513,
              4.8918513
            ],
            [
              -74.0494587,
              4.891707
            ],
            [
              -74.0496822,
              4.8916304
            ],
            [
              -74.0498126,
              4.8916671
            ],
            [
              -74.0499174,
              4.8916875
            ],
            [
              -74.0500121,
              4.8917402
            ],
            [
              -74.0501353,
              4.8917175
            ],
            [
              -74.0502341,
              4.8916501
            ],
            [
              -74.0502898,
              4.8915381
            ],
            [
              -74.0503344,
              4.8914806
            ],
            [
              -74.0503586,
              4.891413
            ],
            [
              -74.0503623,
              4.8913
            ],
            [
              -74.0503233,
              4.8912173
            ],
            [
              -74.050232,
              4.8911782
            ],
            [
              -74.0501426,
              4.8911999
            ],
            [
              -74.0500612,
              4.8912565
            ],
            [
              -74.049998,
              4.8913375
            ],
            [
              -74.0498974,
              4.8914067
            ],
            [
              -74.0497806,
              4.8914333
            ],
            [
              -74.04962,
              4.8913835
            ],
            [
              -74.0494879,
              4.891274
            ],
            [
              -74.0493929,
              4.8911952
            ],
            [
              -74.0493303,
              4.8910789
            ],
            [
              -74.0493281,
              4.8909709
            ],
            [
              -74.0494921,
              4.8907947
            ],
            [
              -74.0498802,
              4.8905683
            ],
            [
              -74.0503044,
              4.8902488
            ],
            [
              -74.0504884,
              4.8901045
            ],
            [
              -74.0505152,
              4.8899601
            ],
            [
              -74.0503757,
              4.8897752
            ],
            [
              -74.0502811,
              4.8895245
            ],
            [
              -74.0502629,
              4.8892621
            ],
            [
              -74.0503172,
              4.8891007
            ],
            [
              -74.0504609,
              4.8889612
            ],
            [
              -74.0505727,
              4.8889472
            ],
            [
              -74.0507558,
              4.888911
            ],
            [
              -74.0508388,
              4.8888198
            ],
            [
              -74.0508688,
              4.8886355
            ],
            [
              -74.0507971,
              4.8885545
            ],
            [
              -74.0508009,
              4.8884692
            ],
            [
              -74.0508979,
              4.8883337
            ],
            [
              -74.0510869,
              4.8881912
            ],
            [
              -74.0511385,
              4.8881507
            ],
            [
              -74.0512456,
              4.8880787
            ],
            [
              -74.0514002,
              4.888052
            ],
            [
              -74.0515926,
              4.8881035
            ],
            [
              -74.0517547,
              4.8881335
            ],
            [
              -74.0519205,
              4.8881462
            ],
            [
              -74.0520919,
              4.8881031
            ],
            [
              -74.0522659,
              4.8880352
            ],
            [
              -74.0523607,
              4.8879548
            ],
            [
              -74.0523896,
              4.8878566
            ],
            [
              -74.0524012,
              4.8877349
            ],
            [
              -74.0523875,
              4.8876422
            ],
            [
              -74.0523516,
              4.8876046
            ],
            [
              -74.0523113,
              4.8875741
            ],
            [
              -74.0522174,
              4.8874719
            ],
            [
              -74.0521385,
              4.887442
            ],
            [
              -74.0520407,
              4.8874503
            ],
            [
              -74.0519841,
              4.8874844
            ],
            [
              -74.0519053,
              4.8875044
            ],
            [
              -74.0518543,
              4.887527
            ],
            [
              -74.0518007,
              4.8875895
            ],
            [
              -74.0517204,
              4.8876449
            ],
            [
              -74.051627,
              4.8876659
            ],
            [
              -74.0515754,
              4.8876667
            ],
            [
              -74.0515069,
              4.8876709
            ],
            [
              -74.0514086,
              4.8876392
            ],
            [
              -74.0513187,
              4.8876166
            ],
            [
              -74.0512161,
              4.8876027
            ],
            [
              -74.0511447,
              4.8875937
            ],
            [
              -74.0511178,
              4.8875828
            ],
            [
              -74.0510934,
              4.8875575
            ],
            [
              -74.0510807,
              4.8875322
            ],
            [
              -74.0510408,
              4.8874557
            ],
            [
              -74.0510378,
              4.8873792
            ],
            [
              -74.0510711,
              4.8873072
            ],
            [
              -74.0511277,
              4.8872444
            ],
            [
              -74.0512557,
              4.8871165
            ],
            [
              -74.0513536,
              4.8869968
            ],
            [
              -74.0514891,
              4.8869104
            ],
            [
              -74.0516168,
              4.8868764
            ],
            [
              -74.0517364,
              4.8868868
            ],
            [
              -74.0518499,
              4.8869092
            ],
            [
              -74.0519777,
              4.8869559
            ],
            [
              -74.0521614,
              4.886911
            ],
            [
              -74.0522435,
              4.8868024
            ],
            [
              -74.0523064,
              4.8866929
            ],
            [
              -74.0523257,
              4.8866253
            ],
            [
              -74.0523288,
              4.8865577
            ],
            [
              -74.0523812,
              4.8863632
            ],
            [
              -74.052461,
              4.886201
            ],
            [
              -74.0524729,
              4.8860973
            ],
            [
              -74.0523956,
              4.8859644
            ],
            [
              -74.0523426,
              4.8858356
            ],
            [
              -74.052354,
              4.8857643
            ],
            [
              -74.0523877,
              4.8856949
            ],
            [
              -74.0524593,
              4.8856089
            ],
            [
              -74.0526051,
              4.8855533
            ],
            [
              -74.0527038,
              4.8854503
            ],
            [
              -74.0527821,
              4.8853211
            ],
            [
              -74.0528485,
              4.8850875
            ],
            [
              -74.0528562,
              4.8849868
            ],
            [
              -74.0528518,
              4.8848923
            ],
            [
              -74.0528452,
              4.8848539
            ],
            [
              -74.0528262,
              4.8847429
            ],
            [
              -74.0527395,
              4.8846806
            ],
            [
              -74.0526219,
              4.8846393
            ],
            [
              -74.0525492,
              4.8846265
            ],
            [
              -74.0525132,
              4.8846051
            ],
            [
              -74.0524944,
              4.8845657
            ],
            [
              -74.0524887,
              4.8844349
            ],
            [
              -74.0525076,
              4.8841524
            ],
            [
              -74.0526338,
              4.8839453
            ],
            [
              -74.0527388,
              4.8838703
            ],
            [
              -74.0528905,
              4.8838621
            ],
            [
              -74.0530452,
              4.8838856
            ],
            [
              -74.053121,
              4.8839084
            ],
            [
              -74.0531813,
              4.8838463
            ],
            [
              -74.0532588,
              4.883764
            ],
            [
              -74.0533025,
              4.883651
            ],
            [
              -74.053275,
              4.8834954
            ],
            [
              -74.0532923,
              4.8833566
            ],
            [
              -74.0533405,
              4.8831977
            ],
            [
              -74.0533904,
              4.8830865
            ],
            [
              -74.0534587,
              4.8829895
            ],
            [
              -74.0535129,
              4.8829336
            ],
            [
              -74.0535752,
              4.8829102
            ],
            [
              -74.053636,
              4.8829279
            ],
            [
              -74.0536776,
              4.8829658
            ],
            [
              -74.053727,
              4.883044
            ],
            [
              -74.053746,
              4.8831383
            ],
            [
              -74.0537433,
              4.883302
            ],
            [
              -74.0537549,
              4.8834585
            ],
            [
              -74.0538261,
              4.8835597
            ],
            [
              -74.0539196,
              4.8836366
            ],
            [
              -74.0540807,
              4.8836286
            ],
            [
              -74.0542003,
              4.8835784
            ],
            [
              -74.0542607,
              4.8835373
            ],
            [
              -74.0543393,
              4.8834838
            ],
            [
              -74.0544488,
              4.883353
            ],
            [
              -74.0545019,
              4.8832067
            ],
            [
              -74.0545213,
              4.8830503
            ],
            [
              -74.0545192,
              4.8825538
            ],
            [
              -74.0545258,
              4.8823658
            ],
            [
              -74.0545269,
              4.8823332
            ],
            [
              -74.0545945,
              4.8820537
            ],
            [
              -74.0545719,
              4.881851
            ],
            [
              -74.0545564,
              4.8816789
            ],
            [
              -74.0545645,
              4.8815186
            ],
            [
              -74.0546156,
              4.8813953
            ],
            [
              -74.0546622,
              4.8813572
            ],
            [
              -74.0547207,
              4.8813528
            ],
            [
              -74.0548967,
              4.8814366
            ],
            [
              -74.0551066,
              4.8814993
            ],
            [
              -74.0553561,
              4.8814953
            ],
            [
              -74.0555104,
              4.881449
            ],
            [
              -74.0555565,
              4.8814087
            ],
            [
              -74.0555697,
              4.8813087
            ],
            [
              -74.0555373,
              4.8811987
            ],
            [
              -74.0555317,
              4.880973
            ],
            [
              -74.0555383,
              4.880833
            ],
            [
              -74.0555336,
              4.8806675
            ],
            [
              -74.0555798,
              4.8804805
            ],
            [
              -74.0557152,
              4.8803642
            ],
            [
              -74.0558844,
              4.8802792
            ],
            [
              -74.0560071,
              4.8802625
            ],
            [
              -74.056237,
              4.8803797
            ],
            [
              -74.0564289,
              4.8804482
            ],
            [
              -74.0566525,
              4.8804625
            ],
            [
              -74.056884,
              4.880448
            ],
            [
              -74.0570729,
              4.8804344
            ],
            [
              -74.0572225,
              4.8803673
            ],
            [
              -74.0572814,
              4.8803007
            ],
            [
              -74.0572514,
              4.8801951
            ],
            [
              -74.0572045,
              4.8801405
            ],
            [
              -74.0570659,
              4.8800855
            ],
            [
              -74.0569087,
              4.8800421
            ],
            [
              -74.0567645,
              4.8800107
            ],
            [
              -74.0566087,
              4.8799653
            ],
            [
              -74.0564423,
              4.8799057
            ],
            [
              -74.0563767,
              4.8798167
            ],
            [
              -74.0563306,
              4.8796825
            ],
            [
              -74.0563006,
              4.8795351
            ],
            [
              -74.0562858,
              4.8794445
            ],
            [
              -74.0562822,
              4.8793784
            ],
            [
              -74.0563405,
              4.8792679
            ],
            [
              -74.0564323,
              4.8791774
            ],
            [
              -74.0565533,
              4.879163
            ],
            [
              -74.0566884,
              4.8791631
            ],
            [
              -74.0568204,
              4.8790989
            ],
            [
              -74.0569427,
              4.8790302
            ],
            [
              -74.057065,
              4.8789636
            ],
            [
              -74.0571362,
              4.8789137
            ],
            [
              -74.0572252,
              4.8788838
            ],
            [
              -74.0573787,
              4.8788417
            ],
            [
              -74.0574466,
              4.8787997
            ],
            [
              -74.0574877,
              4.87874
            ],
            [
              -74.0575259,
              4.8786546
            ],
            [
              -74.0574995,
              4.8785469
            ],
            [
              -74.057279,
              4.8783737
            ],
            [
              -74.0571943,
              4.8783148
            ],
            [
              -74.0571409,
              4.8782469
            ],
            [
              -74.0571166,
              4.8781828
            ],
            [
              -74.0571203,
              4.8781199
            ],
            [
              -74.0571364,
              4.8780334
            ],
            [
              -74.0571916,
              4.8779161
            ],
            [
              -74.0573275,
              4.8777144
            ],
            [
              -74.0573941,
              4.8776283
            ],
            [
              -74.0574128,
              4.8775837
            ],
            [
              -74.0574159,
              4.8775369
            ],
            [
              -74.0573766,
              4.8774147
            ],
            [
              -74.0573566,
              4.8773461
            ],
            [
              -74.0573444,
              4.8772787
            ],
            [
              -74.0573492,
              4.877221
            ],
            [
              -74.0573974,
              4.8771622
            ],
            [
              -74.0574582,
              4.8771224
            ],
            [
              -74.0575129,
              4.8771071
            ],
            [
              -74.0575675,
              4.877114
            ],
            [
              -74.0577142,
              4.8771584
            ],
            [
              -74.0578154,
              4.8771873
            ],
            [
              -74.0578943,
              4.8772061
            ],
            [
              -74.057949,
              4.8772039
            ],
            [
              -74.0579981,
              4.8771816
            ],
            [
              -74.0581184,
              4.8770719
            ],
            [
              -74.0582387,
              4.8769844
            ],
            [
              -74.0583081,
              4.8769563
            ],
            [
              -74.0583561,
              4.8768934
            ],
            [
              -74.0583622,
              4.8767963
            ],
            [
              -74.0583528,
              4.8767148
            ],
            [
              -74.0583136,
              4.8766509
            ],
            [
              -74.0582609,
              4.8766034
            ],
            [
              -74.0581515,
              4.8765619
            ],
            [
              -74.05805,
              4.8765783
            ],
            [
              -74.0579139,
              4.876622
            ],
            [
              -74.0578107,
              4.8766696
            ],
            [
              -74.0577462,
              4.8767474
            ],
            [
              -74.0576952,
              4.8768252
            ],
            [
              -74.0576008,
              4.8768784
            ],
            [
              -74.0575497,
              4.8768808
            ],
            [
              -74.0575064,
              4.8768716
            ],
            [
              -74.0574612,
              4.8768517
            ],
            [
              -74.0574275,
              4.8768221
            ],
            [
              -74.0573891,
              4.8767567
            ],
            [
              -74.0573892,
              4.8767057
            ],
            [
              -74.0573991,
              4.8766546
            ],
            [
              -74.057453,
              4.87656
            ],
            [
              -74.0575608,
              4.8763656
            ],
            [
              -74.0576716,
              4.8761859
            ],
            [
              -74.0577513,
              4.8760999
            ],
            [
              -74.0578551,
              4.8760202
            ],
            [
              -74.0579126,
              4.8760058
            ],
            [
              -74.0579798,
              4.8760107
            ],
            [
              -74.0581804,
              4.8760467
            ],
            [
              -74.0583927,
              4.8761097
            ],
            [
              -74.058542,
              4.8761513
            ],
            [
              -74.0587326,
              4.8761305
            ],
            [
              -74.0588767,
              4.8761464
            ],
            [
              -74.0589934,
              4.8761747
            ],
            [
              -74.0590538,
              4.8761778
            ],
            [
              -74.059114,
              4.8761431
            ],
            [
              -74.059146,
              4.8760842
            ],
            [
              -74.0591626,
              4.8760299
            ],
            [
              -74.0591559,
              4.8759755
            ],
            [
              -74.0591433,
              4.875898
            ],
            [
              -74.0590978,
              4.8758282
            ],
            [
              -74.0590509,
              4.8757225
            ],
            [
              -74.0590023,
              4.8756552
            ],
            [
              -74.0589594,
              4.8756362
            ],
            [
              -74.0588747,
              4.8756514
            ],
            [
              -74.0588056,
              4.8756801
            ],
            [
              -74.0587249,
              4.8757177
            ],
            [
              -74.0586191,
              4.875736
            ],
            [
              -74.058506,
              4.8757319
            ],
            [
              -74.0584318,
              4.8757432
            ],
            [
              -74.0583633,
              4.875742
            ],
            [
              -74.0583025,
              4.8757195
            ],
            [
              -74.0582725,
              4.8756544
            ],
            [
              -74.0582807,
              4.8755764
            ],
            [
              -74.0583394,
              4.8754771
            ],
            [
              -74.0583863,
              4.8753619
            ],
            [
              -74.0584283,
              4.8753356
            ],
            [
              -74.0586213,
              4.8753323
            ],
            [
              -74.0587575,
              4.8753138
            ],
            [
              -74.0588685,
              4.8752913
            ],
            [
              -74.0591688,
              4.8751163
            ],
            [
              -74.0593448,
              4.8750196
            ],
            [
              -74.0594137,
              4.8749659
            ],
            [
              -74.0594555,
              4.8749432
            ],
            [
              -74.059506,
              4.8749241
            ],
            [
              -74.0595566,
              4.8749263
            ],
            [
              -74.0596095,
              4.8749906
            ],
            [
              -74.0596169,
              4.8750782
            ],
            [
              -74.0595832,
              4.8751508
            ],
            [
              -74.0595457,
              4.875206
            ],
            [
              -74.0594561,
              4.8753062
            ],
            [
              -74.0594049,
              4.8753602
            ],
            [
              -74.0593732,
              4.8754045
            ],
            [
              -74.0593837,
              4.8754696
            ],
            [
              -74.0594329,
              4.8755269
            ],
            [
              -74.0595601,
              4.8755597
            ],
            [
              -74.0597019,
              4.8755605
            ],
            [
              -74.0597927,
              4.875551
            ],
            [
              -74.0598835,
              4.8755203
            ],
            [
              -74.0599973,
              4.8754752
            ],
            [
              -74.0600355,
              4.8754099
            ],
            [
              -74.0600408,
              4.8753004
            ],
            [
              -74.0600435,
              4.8751876
            ],
            [
              -74.0599983,
              4.875137
            ],
            [
              -74.0599996,
              4.8750845
            ],
            [
              -74.0601831,
              4.8747888
            ],
            [
              -74.060253,
              4.8746576
            ],
            [
              -74.0603148,
              4.8745832
            ],
            [
              -74.0603633,
              4.8745558
            ],
            [
              -74.0603993,
              4.8745593
            ],
            [
              -74.0604251,
              4.874577
            ],
            [
              -74.0605471,
              4.8747344
            ],
            [
              -74.0605918,
              4.8748605
            ],
            [
              -74.0606375,
              4.874943
            ],
            [
              -74.0607062,
              4.875018
            ],
            [
              -74.0607983,
              4.8750656
            ],
            [
              -74.0609018,
              4.8751318
            ],
            [
              -74.0610446,
              4.8751799
            ],
            [
              -74.0611563,
              4.8751797
            ],
            [
              -74.061265,
              4.8751533
            ],
            [
              -74.0613293,
              4.8750714
            ],
            [
              -74.0613356,
              4.8749885
            ],
            [
              -74.0612775,
              4.8747531
            ],
            [
              -74.0612148,
              4.874618
            ],
            [
              -74.0611807,
              4.8744973
            ],
            [
              -74.0611046,
              4.8744434
            ],
            [
              -74.0610164,
              4.8744259
            ],
            [
              -74.0608767,
              4.8744621
            ],
            [
              -74.0607745,
              4.8744585
            ],
            [
              -74.0606857,
              4.8744638
            ],
            [
              -74.0605754,
              4.8744396
            ],
            [
              -74.060502,
              4.8743831
            ],
            [
              -74.0604823,
              4.8743103
            ],
            [
              -74.0604871,
              4.8742342
            ],
            [
              -74.0605304,
              4.8741622
            ],
            [
              -74.0605894,
              4.8741146
            ],
            [
              -74.0606977,
              4.8740814
            ],
            [
              -74.0607753,
              4.8740736
            ],
            [
              -74.0608328,
              4.8740548
            ],
            [
              -74.0609287,
              4.8739833
            ],
            [
              -74.0610306,
              4.8739059
            ],
            [
              -74.0612049,
              4.8737959
            ],
            [
              -74.0612504,
              4.8737542
            ],
            [
              -74.061306,
              4.8737186
            ],
            [
              -74.0614992,
              4.8736438
            ],
            [
              -74.061606,
              4.8736048
            ],
            [
              -74.0617067,
              4.873576
            ],
            [
              -74.0617577,
              4.8735281
            ],
            [
              -74.0617762,
              4.87347
            ],
            [
              -74.0617736,
              4.8733812
            ],
            [
              -74.0617178,
              4.8733084
            ],
            [
              -74.0616447,
              4.8732559
            ],
            [
              -74.061566,
              4.8732428
            ],
            [
              -74.0614832,
              4.8732631
            ],
            [
              -74.0613258,
              4.8733524
            ],
            [
              -74.0609804,
              4.8736039
            ],
            [
              -74.0609612,
              4.8736108
            ],
            [
              -74.0609241,
              4.8736074
            ],
            [
              -74.0608627,
              4.8736262
            ],
            [
              -74.0608205,
              4.8736591
            ],
            [
              -74.0607745,
              4.8736792
            ],
            [
              -74.0607342,
              4.8736728
            ],
            [
              -74.0606313,
              4.8736135
            ],
            [
              -74.0605305,
              4.8735476
            ],
            [
              -74.0604464,
              4.8734914
            ],
            [
              -74.0603868,
              4.8734364
            ],
            [
              -74.0603316,
              4.8733619
            ],
            [
              -74.0602852,
              4.873304
            ],
            [
              -74.060271,
              4.8732383
            ],
            [
              -74.0602702,
              4.873157
            ],
            [
              -74.0603014,
              4.8731001
            ],
            [
              -74.0602403,
              4.8730321
            ],
            [
              -74.0601344,
              4.8730618
            ],
            [
              -74.0600839,
              4.8729773
            ],
            [
              -74.0596399,
              4.8727261
            ],
            [
              -74.0588775,
              4.8723663
            ],
            [
              -74.0589815,
              4.8721119
            ],
            [
              -74.0589827,
              4.8720711
            ],
            [
              -74.0589676,
              4.8720338
            ],
            [
              -74.0578339,
              4.8715225
            ],
            [
              -74.0577649,
              4.871508
            ],
            [
              -74.0575293,
              4.8714015
            ],
            [
              -74.0576526,
              4.8710904
            ],
            [
              -74.0570102,
              4.8707967
            ],
            [
              -74.0570346,
              4.8707055
            ],
            [
              -74.0562777,
              4.8703516
            ],
            [
              -74.0562585,
              4.8703875
            ],
            [
              -74.0561374,
              4.8706135
            ],
            [
              -74.0560792,
              4.8707221
            ],
            [
              -74.0553012,
              4.8703235
            ],
            [
              -74.0546606,
              4.870066
            ],
            [
              -74.0543332,
              4.8699197
            ],
            [
              -74.0542503,
              4.8700218
            ],
            [
              -74.0542099,
              4.8700091
            ],
            [
              -74.0539161,
              4.8705288
            ],
            [
              -74.0538309,
              4.8707133
            ],
            [
              -74.0536526,
              4.8706509
            ],
            [
              -74.0536575,
              4.8706375
            ],
            [
              -74.0534876,
              4.870562
            ],
            [
              -74.0532956,
              4.870484
            ],
            [
              -74.0531486,
              4.8704061
            ],
            [
              -74.0530823,
              4.8703806
            ],
            [
              -74.0529434,
              4.8706602
            ],
            [
              -74.052868,
              4.8706289
            ],
            [
              -74.0526755,
              4.8705457
            ],
            [
              -74.0518485,
              4.8701772
            ],
            [
              -74.0518105,
              4.8701716
            ],
            [
              -74.0516694,
              4.8701508
            ],
            [
              -74.0516277,
              4.8701485
            ],
            [
              -74.0512715,
              4.8700112
            ],
            [
              -74.050874,
              4.8698426
            ],
            [
              -74.050793,
              4.8698082
            ],
            [
              -74.0502662,
              4.8695806
            ],
            [
              -74.0499525,
              4.8694517
            ],
            [
              -74.0496696,
              4.8693239
            ],
            [
              -74.0489908,
              4.8690064
            ],
            [
              -74.0483839,
              4.8687936
            ],
            [
              -74.0482756,
              4.8687564
            ],
            [
              -74.0482292,
              4.8687523
            ],
            [
              -74.0481682,
              4.8687414
            ],
            [
              -74.0481063,
              4.8687215
            ],
            [
              -74.0474732,
              4.8684375
            ],
            [
              -74.0475734,
              4.8681829
            ],
            [
              -74.0475641,
              4.8681427
            ],
            [
              -74.0475344,
              4.8681139
            ],
            [
              -74.0473872,
              4.8680205
            ],
            [
              -74.0472807,
              4.8679485
            ],
            [
              -74.0468245,
              4.8677417
            ],
            [
              -74.0465612,
              4.867629
            ],
            [
              -74.0463516,
              4.8675335
            ],
            [
              -74.0463247,
              4.8675351
            ],
            [
              -74.0463046,
              4.8675599
            ],
            [
              -74.0462382,
              4.8677109
            ],
            [
              -74.0461634,
              4.8678739
            ],
            [
              -74.046149,
              4.8678976
            ],
            [
              -74.0461386,
              4.8679083
            ],
            [
              -74.0461282,
              4.8679146
            ],
            [
              -74.0461158,
              4.867917
            ],
            [
              -74.0461014,
              4.8679173
            ],
            [
              -74.0460763,
              4.8679092
            ],
            [
              -74.045977,
              4.8678652
            ],
            [
              -74.0456844,
              4.8677307
            ],
            [
              -74.0455556,
              4.8676754
            ],
            [
              -74.0448783,
              4.8673735
            ],
            [
              -74.0448616,
              4.8673661
            ],
            [
              -74.0446517,
              4.8672719
            ],
            [
              -74.0442661,
              4.8671015
            ],
            [
              -74.0436273,
              4.8668114
            ],
            [
              -74.0435987,
              4.8668735
            ],
            [
              -74.0435334,
              4.8668525
            ],
            [
              -74.0432406,
              4.8667122
            ],
            [
              -74.0432666,
              4.8666688
            ],
            [
              -74.0430155,
              4.8665561
            ],
            [
              -74.0424159,
              4.866293
            ],
            [
              -74.0418284,
              4.8660336
            ],
            [
              -74.0417367,
              4.8662524
            ],
            [
              -74.0410287,
              4.8659375
            ],
            [
              -74.0408712,
              4.8663419
            ],
            [
              -74.0406609,
              4.8662561
            ],
            [
              -74.0405274,
              4.8665441
            ],
            [
              -74.0401651,
              4.866378
            ],
            [
              -74.0396586,
              4.8675415
            ],
            [
              -74.0395079,
              4.8674737
            ],
            [
              -74.0391538,
              4.8673141
            ],
            [
              -74.0387441,
              4.8671336
            ],
            [
              -74.0381706,
              4.8668694
            ],
            [
              -74.0381105,
              4.8668422
            ],
            [
              -74.038159,
              4.8664956
            ],
            [
              -74.03819,
              4.866274
            ],
            [
              -74.0382165,
              4.8660844
            ],
            [
              -74.0382696,
              4.8655515
            ],
            [
              -74.0383204,
              4.8654524
            ],
            [
              -74.0383513,
              4.8653834
            ],
            [
              -74.0383907,
              4.8653146
            ],
            [
              -74.038439,
              4.8652549
            ],
            [
              -74.0385013,
              4.8651998
            ],
            [
              -74.0385719,
              4.8651574
            ],
            [
              -74.0386966,
              4.8650832
            ],
            [
              -74.0385417,
              4.8651079
            ],
            [
              -74.038458,
              4.8651171
            ],
            [
              -74.0383766,
              4.8651181
            ],
            [
              -74.0382878,
              4.8651115
            ],
            [
              -74.0382167,
              4.8650992
            ],
            [
              -74.038157,
              4.8650834
            ],
            [
              -74.0380804,
              4.8650544
            ],
            [
              -74.0379847,
              4.8650007
            ],
            [
              -74.0379046,
              4.8649401
            ],
            [
              -74.0378521,
              4.8648852
            ],
            [
              -74.0377998,
              4.8648268
            ],
            [
              -74.0377679,
              4.8647741
            ],
            [
              -74.0377236,
              4.8646906
            ],
            [
              -74.0375523,
              4.8643992
            ],
            [
              -74.0374988,
              4.8643147
            ],
            [
              -74.0374351,
              4.864233
            ],
            [
              -74.0373706,
              4.8641557
            ],
            [
              -74.0372998,
              4.8640769
            ],
            [
              -74.0372321,
              4.8640065
            ],
            [
              -74.0371431,
              4.8639354
            ],
            [
              -74.0370724,
              4.8638844
            ],
            [
              -74.0369703,
              4.8638218
            ],
            [
              -74.0368617,
              4.8638006
            ],
            [
              -74.0365203,
              4.8636545
            ],
            [
              -74.0361682,
              4.8635364
            ],
            [
              -74.0358076,
              4.8634469
            ],
            [
              -74.0353567,
              4.8633646
            ],
            [
              -74.035208,
              4.8633393
            ],
            [
              -74.0349559,
              4.8633012
            ],
            [
              -74.0346599,
              4.8632441
            ],
            [
              -74.0342858,
              4.8632022
            ],
            [
              -74.0340353,
              4.8632022
            ],
            [
              -74.0337587,
              4.8632133
            ],
            [
              -74.0335249,
              4.8632396
            ],
            [
              -74.0333108,
              4.8632854
            ],
            [
              -74.0330755,
              4.8633558
            ],
            [
              -74.0326148,
              4.8635025
            ],
            [
              -74.0316455,
              4.8638094
            ],
            [
              -74.0312477,
              4.863932
            ],
            [
              -74.0310385,
              4.8639927
            ],
            [
              -74.0308877,
              4.8640336
            ],
            [
              -74.0307806,
              4.8640577
            ],
            [
              -74.030591,
              4.8639535
            ],
            [
              -74.0296182,
              4.8634384
            ],
            [
              -74.0295716,
              4.8635267
            ],
            [
              -74.0295212,
              4.863607
            ],
            [
              -74.0294615,
              4.863673
            ],
            [
              -74.0294161,
              4.8637239
            ],
            [
              -74.0292782,
              4.8638663
            ]
          ],
          [
            [
              -74.0441662,
              4.8807812
            ],
            [
              -74.0439213,
              4.8812907
            ],
            [
              -74.0438755,
              4.8814049
            ],
            [
              -74.0437715,
              4.8816165
            ],
            [
              -74.0436072,
              4.8815381
            ],
            [
              -74.0435773,
              4.8814241
            ],
            [
              -74.043535,
              4.881314
            ],
            [
              -74.0434811,
              4.8812091
            ],
            [
              -74.043416,
              4.8811107
            ],
            [
              -74.0430572,
              4.8809535
            ],
            [
              -74.0428484,
              4.8808609
            ],
            [
              -74.0426268,
              4.8807013
            ],
            [
              -74.0418796,
              4.880294
            ],
            [
              -74.041855,
              4.8802806
            ],
            [
              -74.0418017,
              4.8802518
            ],
            [
              -74.0410678,
              4.8798653
            ],
            [
              -74.040713,
              4.8796811
            ],
            [
              -74.0405561,
              4.8796081
            ],
            [
              -74.0403662,
              4.8795183
            ],
            [
              -74.0401724,
              4.8794305
            ],
            [
              -74.0400715,
              4.8793829
            ],
            [
              -74.0396695,
              4.879198
            ],
            [
              -74.0396024,
              4.8791646
            ],
            [
              -74.0394409,
              4.8790347
            ],
            [
              -74.0393384,
              4.8789708
            ],
            [
              -74.0392584,
              4.8789379
            ],
            [
              -74.0389447,
              4.8788088
            ],
            [
              -74.0387846,
              4.8787439
            ],
            [
              -74.0384177,
              4.878592
            ],
            [
              -74.0382138,
              4.8785081
            ],
            [
              -74.0381656,
              4.8784905
            ],
            [
              -74.0381211,
              4.8784761
            ],
            [
              -74.0380458,
              4.8784732
            ],
            [
              -74.0380564,
              4.8782218
            ],
            [
              -74.0381177,
              4.8781968
            ],
            [
              -74.0382079,
              4.8780827
            ],
            [
              -74.0382545,
              4.8780041
            ],
            [
              -74.0382991,
              4.8779288
            ],
            [
              -74.0385025,
              4.8774568
            ],
            [
              -74.0386298,
              4.8771601
            ],
            [
              -74.038831,
              4.8766828
            ],
            [
              -74.0388724,
              4.8765961
            ],
            [
              -74.0389391,
              4.8764339
            ],
            [
              -74.0389732,
              4.8763512
            ],
            [
              -74.039096,
              4.8760526
            ],
            [
              -74.039109,
              4.8760211
            ],
            [
              -74.0392016,
              4.8757961
            ],
            [
              -74.0393535,
              4.8754632
            ],
            [
              -74.0394893,
              4.8751471
            ],
            [
              -74.0397815,
              4.874467
            ],
            [
              -74.0408487,
              4.8749351
            ],
            [
              -74.041326,
              4.8751445
            ],
            [
              -74.0417362,
              4.8753205
            ],
            [
              -74.0419812,
              4.8754282
            ],
            [
              -74.0426427,
              4.8757117
            ],
            [
              -74.0429378,
              4.87584
            ],
            [
              -74.0429805,
              4.8758565
            ],
            [
              -74.0434548,
              4.8760468
            ],
            [
              -74.0435299,
              4.8760769
            ],
            [
              -74.0435692,
              4.8760933
            ],
            [
              -74.0436139,
              4.876112
            ],
            [
              -74.0440629,
              4.8762993
            ],
            [
              -74.0446194,
              4.8765284
            ],
            [
              -74.0447228,
              4.8765709
            ],
            [
              -74.0450791,
              4.8767116
            ],
            [
              -74.0451553,
              4.8767416
            ],
            [
              -74.0459256,
              4.877067
            ],
            [
              -74.0460036,
              4.8770978
            ],
            [
              -74.0463351,
              4.8772139
            ],
            [
              -74.0464065,
              4.8772389
            ],
            [
              -74.0466919,
              4.8773536
            ],
            [
              -74.0468182,
              4.8774044
            ],
            [
              -74.0473233,
              4.8776074
            ],
            [
              -74.0470441,
              4.8783203
            ],
            [
              -74.047019,
              4.8783438
            ],
            [
              -74.0468952,
              4.8786318
            ],
            [
              -74.0473395,
              4.8787967
            ],
            [
              -74.0470552,
              4.8795196
            ],
            [
              -74.0464982,
              4.8792842
            ],
            [
              -74.0464652,
              4.8792881
            ],
            [
              -74.0458869,
              4.8790655
            ],
            [
              -74.0457195,
              4.8789956
            ],
            [
              -74.0451497,
              4.8787443
            ],
            [
              -74.0448502,
              4.8791538
            ],
            [
              -74.0445164,
              4.8798258
            ],
            [
              -74.0444756,
              4.8798665
            ],
            [
              -74.0447529,
              4.8800074
            ],
            [
              -74.0446326,
              4.8802753
            ],
            [
              -74.0445557,
              4.8805458
            ],
            [
              -74.044525,
              4.8807321
            ],
            [
              -74.044233,
              4.8806096
            ],
            [
              -74.0441662,
              4.8807812
            ]
          ]
        ]
      },
      "id": "relation/7080224"
    },
    {
      "type": "Feature",
      "properties": {
        "@id": "relation/7081106",
        "admin_level": "8",
        "boundary": "administrative",
        "name": "Fusca",
        "place": "suburb",
        "source": "Kaart Ground Survey 2017",
        "type": "boundary"
      },
      "geometry": {
        "type": "Polygon",
        "coordinates": [
          [
            [
              -74.0253854,
              4.8230587
            ],
            [
              -74.0252137,
              4.8228823
            ],
            [
              -74.0251708,
              4.8226792
            ],
            [
              -74.0250438,
              4.8223919
            ],
            [
              -74.0247274,
              4.8221391
            ],
            [
              -74.0243983,
              4.8220163
            ],
            [
              -74.0242052,
              4.8219415
            ],
            [
              -74.0239906,
              4.8218827
            ],
            [
              -74.0237346,
              4.8217996
            ],
            [
              -74.0235244,
              4.8218151
            ],
            [
              -74.0232339,
              4.8218615
            ],
            [
              -74.022941,
              4.8219839
            ],
            [
              -74.0226764,
              4.8222408
            ],
            [
              -74.0224189,
              4.8223638
            ],
            [
              -74.0221212,
              4.8224679
            ],
            [
              -74.0216429,
              4.8224973
            ],
            [
              -74.0214022,
              4.8224695
            ],
            [
              -74.0212439,
              4.822482
            ],
            [
              -74.0211355,
              4.822409
            ],
            [
              -74.0210432,
              4.822411
            ],
            [
              -74.020955,
              4.8224025
            ],
            [
              -74.0207848,
              4.8223569
            ],
            [
              -74.0205991,
              4.8222704
            ],
            [
              -74.0203858,
              4.8222408
            ],
            [
              -74.0199781,
              4.8221125
            ],
            [
              -74.0197206,
              4.8219736
            ],
            [
              -74.0192807,
              4.8218025
            ],
            [
              -74.0188515,
              4.8216956
            ],
            [
              -74.0185709,
              4.8214823
            ],
            [
              -74.0181842,
              4.8214245
            ],
            [
              -74.0178298,
              4.8213464
            ],
            [
              -74.0175927,
              4.8212264
            ],
            [
              -74.0173076,
              4.8211726
            ],
            [
              -74.0170868,
              4.8210961
            ],
            [
              -74.0168246,
              4.8210472
            ],
            [
              -74.0158051,
              4.8211789
            ],
            [
              -74.0151856,
              4.8213599
            ],
            [
              -74.0148389,
              4.8215032
            ],
            [
              -74.0141416,
              4.8214925
            ],
            [
              -74.0138197,
              4.8215032
            ],
            [
              -74.0134717,
              4.8214397
            ],
            [
              -74.0131867,
              4.8216315
            ],
            [
              -74.0128219,
              4.8215887
            ],
            [
              -74.0124286,
              4.8215231
            ],
            [
              -74.0117705,
              4.8215245
            ],
            [
              -74.011395,
              4.8215459
            ],
            [
              -74.0107083,
              4.8213642
            ],
            [
              -74.0103543,
              4.8213214
            ],
            [
              -74.0099466,
              4.8211931
            ],
            [
              -74.0095067,
              4.8209259
            ],
            [
              -74.0088737,
              4.8207227
            ],
            [
              -74.0079832,
              4.8209686
            ],
            [
              -74.0072537,
              4.8215139
            ],
            [
              -74.0069962,
              4.8218346
            ],
            [
              -74.0066958,
              4.8222836
            ],
            [
              -74.0063279,
              4.8233437
            ],
            [
              -74.0082408,
              4.8235085
            ],
            [
              -74.0097536,
              4.8238063
            ],
            [
              -74.0110569,
              4.8241717
            ],
            [
              -74.0120521,
              4.8245217
            ],
            [
              -74.0122493,
              4.8251725
            ],
            [
              -74.0120675,
              4.8253874
            ],
            [
              -74.0118025,
              4.8255655
            ],
            [
              -74.0118826,
              4.8256852
            ],
            [
              -74.0120059,
              4.8259462
            ],
            [
              -74.0119658,
              4.8261243
            ],
            [
              -74.0120089,
              4.8264589
            ],
            [
              -74.0119689,
              4.8266247
            ],
            [
              -74.0117347,
              4.8268826
            ],
            [
              -74.0116361,
              4.8270699
            ],
            [
              -74.0116361,
              4.827337
            ],
            [
              -74.0115283,
              4.8275335
            ],
            [
              -74.0115529,
              4.8277299
            ],
            [
              -74.011556,
              4.8278681
            ],
            [
              -74.0115191,
              4.8279449
            ],
            [
              -74.0113742,
              4.8283317
            ],
            [
              -74.0112602,
              4.8285036
            ],
            [
              -74.0112849,
              4.8287646
            ],
            [
              -74.0112079,
              4.8289457
            ],
            [
              -74.0111678,
              4.8291913
            ],
            [
              -74.011174,
              4.8295075
            ],
            [
              -74.0110446,
              4.8297286
            ],
            [
              -74.010909,
              4.8300233
            ],
            [
              -74.0107426,
              4.8303303
            ],
            [
              -74.0105639,
              4.8306588
            ],
            [
              -74.0106471,
              4.8310058
            ],
            [
              -74.0105362,
              4.8313005
            ],
            [
              -74.0105793,
              4.8315338
            ],
            [
              -74.0105331,
              4.8317487
            ],
            [
              -74.0105793,
              4.8318777
            ],
            [
              -74.0103976,
              4.8319206
            ],
            [
              -74.0101511,
              4.8322062
            ],
            [
              -74.0099354,
              4.8328447
            ],
            [
              -74.0098584,
              4.833075
            ],
            [
              -74.0098645,
              4.8333421
            ],
            [
              -74.0097505,
              4.8334895
            ],
            [
              -74.0095718,
              4.833818
            ],
            [
              -74.0093839,
              4.8342079
            ],
            [
              -74.0093931,
              4.8346407
            ],
            [
              -74.0093007,
              4.8349539
            ],
            [
              -74.0093253,
              4.8351043
            ],
            [
              -74.0094548,
              4.8353284
            ],
            [
              -74.009341,
              4.8357386
            ],
            [
              -74.0092822,
              4.836228
            ],
            [
              -74.0093377,
              4.8364521
            ],
            [
              -74.0094671,
              4.8369372
            ],
            [
              -74.0093408,
              4.8373946
            ],
            [
              -74.0093038,
              4.8377569
            ],
            [
              -74.0092237,
              4.8381099
            ],
            [
              -74.0105701,
              4.8395252
            ],
            [
              -74.0108782,
              4.8401945
            ],
            [
              -74.0126806,
              4.8403756
            ],
            [
              -74.0135864,
              4.8405445
            ],
            [
              -74.0148651,
              4.8407932
            ],
            [
              -74.0146679,
              4.843194
            ],
            [
              -74.0088415,
              4.8486147
            ],
            [
              -74.009614,
              4.8493416
            ],
            [
              -74.0103007,
              4.8502182
            ],
            [
              -74.0104612,
              4.8505053
            ],
            [
              -74.0105247,
              4.850562
            ],
            [
              -74.0107962,
              4.8506284
            ],
            [
              -74.0114083,
              4.8511234
            ],
            [
              -74.0118129,
              4.851644
            ],
            [
              -74.0118027,
              4.852282
            ],
            [
              -74.0119461,
              4.8527873
            ],
            [
              -74.0118052,
              4.8531854
            ],
            [
              -74.0118462,
              4.8535222
            ],
            [
              -74.0124993,
              4.8537289
            ],
            [
              -74.0128425,
              4.8539382
            ],
            [
              -74.0133086,
              4.8541755
            ],
            [
              -74.0135237,
              4.8544052
            ],
            [
              -74.013662,
              4.8547523
            ],
            [
              -74.0136902,
              4.8550814
            ],
            [
              -74.0135929,
              4.8553239
            ],
            [
              -74.0135801,
              4.855625
            ],
            [
              -74.0133803,
              4.8561456
            ],
            [
              -74.0132318,
              4.8564008
            ],
            [
              -74.0131472,
              4.8567249
            ],
            [
              -74.013055,
              4.8572888
            ],
            [
              -74.0129705,
              4.85747
            ],
            [
              -74.0129253,
              4.8576334
            ],
            [
              -74.012891,
              4.8576773
            ],
            [
              -74.0128888,
              4.8577268
            ],
            [
              -74.0130081,
              4.8579404
            ],
            [
              -74.0130085,
              4.8579668
            ],
            [
              -74.012997,
              4.8579878
            ],
            [
              -74.012964,
              4.8580106
            ],
            [
              -74.0129244,
              4.8580185
            ],
            [
              -74.012567,
              4.85779
            ],
            [
              -74.012508,
              4.8577777
            ],
            [
              -74.0124635,
              4.8577957
            ],
            [
              -74.0124288,
              4.8578282
            ],
            [
              -74.0123171,
              4.8583588
            ],
            [
              -74.0122142,
              4.8586108
            ],
            [
              -74.0122773,
              4.8586283
            ],
            [
              -74.0129898,
              4.8592848
            ],
            [
              -74.0134275,
              4.8597283
            ],
            [
              -74.0135645,
              4.8597186
            ],
            [
              -74.0137479,
              4.8596162
            ],
            [
              -74.0139997,
              4.859414
            ],
            [
              -74.0140902,
              4.859241
            ],
            [
              -74.0142198,
              4.859085
            ],
            [
              -74.0146233,
              4.8599452
            ],
            [
              -74.0146184,
              4.8602644
            ],
            [
              -74.0148285,
              4.8615944
            ],
            [
              -74.0147564,
              4.8617483
            ],
            [
              -74.0148153,
              4.8617674
            ],
            [
              -74.01488,
              4.861656
            ],
            [
              -74.0151071,
              4.8616047
            ],
            [
              -74.0159359,
              4.861442
            ],
            [
              -74.0166353,
              4.8614143
            ],
            [
              -74.0170204,
              4.8612025
            ],
            [
              -74.0176551,
              4.8610214
            ],
            [
              -74.01788,
              4.860874
            ],
            [
              -74.0183607,
              4.8604442
            ],
            [
              -74.0188074,
              4.8601556
            ],
            [
              -74.0194914,
              4.8597995
            ],
            [
              -74.0197749,
              4.8598763
            ],
            [
              -74.0204126,
              4.8597658
            ],
            [
              -74.0207146,
              4.8594772
            ],
            [
              -74.0214571,
              4.8596491
            ],
            [
              -74.0221072,
              4.8600543
            ],
            [
              -74.022631,
              4.8609231
            ],
            [
              -74.0247057,
              4.8618245
            ],
            [
              -74.025035,
              4.8617151
            ],
            [
              -74.0252789,
              4.8615713
            ],
            [
              -74.025657,
              4.8614457
            ],
            [
              -74.0260208,
              4.8613485
            ],
            [
              -74.0262282,
              4.8612715
            ],
            [
              -74.0266063,
              4.8611966
            ],
            [
              -74.02684,
              4.8611702
            ],
            [
              -74.0269396,
              4.8612067
            ],
            [
              -74.0270276,
              4.8613427
            ],
            [
              -74.0272547,
              4.8619101
            ],
            [
              -74.0273703,
              4.8620388
            ],
            [
              -74.0274751,
              4.8620159
            ],
            [
              -74.0275293,
              4.8620219
            ],
            [
              -74.0275844,
              4.862021
            ],
            [
              -74.0277357,
              4.8620433
            ],
            [
              -74.0278108,
              4.8622678
            ],
            [
              -74.0279281,
              4.8624302
            ],
            [
              -74.0280842,
              4.8625498
            ],
            [
              -74.028278,
              4.8627665
            ],
            [
              -74.028649,
              4.8631283
            ],
            [
              -74.0292423,
              4.863737
            ],
            [
              -74.0291922,
              4.8637824
            ],
            [
              -74.0292782,
              4.8638663
            ],
            [
              -74.0294161,
              4.8637239
            ],
            [
              -74.0294615,
              4.863673
            ],
            [
              -74.0295212,
              4.863607
            ],
            [
              -74.0295716,
              4.8635267
            ],
            [
              -74.0296182,
              4.8634384
            ],
            [
              -74.0297278,
              4.8632308
            ],
            [
              -74.0299212,
              4.8628856
            ],
            [
              -74.0301426,
              4.8625658
            ],
            [
              -74.0302504,
              4.8623814
            ],
            [
              -74.0303495,
              4.8620703
            ],
            [
              -74.0304238,
              4.8617887
            ],
            [
              -74.0304695,
              4.8615934
            ],
            [
              -74.0305068,
              4.8614342
            ],
            [
              -74.0305246,
              4.8612661
            ],
            [
              -74.0305344,
              4.8610426
            ],
            [
              -74.0305601,
              4.8608197
            ],
            [
              -74.0305734,
              4.8606379
            ],
            [
              -74.0306112,
              4.8605018
            ],
            [
              -74.0306542,
              4.8602309
            ],
            [
              -74.0306943,
              4.8600945
            ],
            [
              -74.0307599,
              4.8599415
            ],
            [
              -74.0308798,
              4.8597565
            ],
            [
              -74.030999,
              4.8596125
            ],
            [
              -74.0311659,
              4.8594524
            ],
            [
              -74.0314977,
              4.8591963
            ],
            [
              -74.0318546,
              4.8589534
            ],
            [
              -74.0332351,
              4.85807
            ],
            [
              -74.0333988,
              4.8579781
            ],
            [
              -74.0336168,
              4.8578738
            ],
            [
              -74.0337482,
              4.8578299
            ],
            [
              -74.0338598,
              4.857808
            ],
            [
              -74.034003,
              4.8577987
            ],
            [
              -74.0341308,
              4.8578086
            ],
            [
              -74.0342471,
              4.8578488
            ],
            [
              -74.0343387,
              4.8579184
            ],
            [
              -74.0343911,
              4.8579909
            ],
            [
              -74.0344303,
              4.8580962
            ],
            [
              -74.0344414,
              4.858177
            ],
            [
              -74.0344356,
              4.8583158
            ],
            [
              -74.0344008,
              4.8584503
            ],
            [
              -74.0343461,
              4.858584
            ],
            [
              -74.0342899,
              4.8586832
            ],
            [
              -74.0341985,
              4.8587933
            ],
            [
              -74.0341207,
              4.8588805
            ],
            [
              -74.0339277,
              4.8590911
            ],
            [
              -74.0337116,
              4.8593688
            ],
            [
              -74.0335619,
              4.8595388
            ],
            [
              -74.0334802,
              4.8596562
            ],
            [
              -74.0334411,
              4.8597394
            ],
            [
              -74.03341,
              4.8598272
            ],
            [
              -74.0334051,
              4.8599062
            ],
            [
              -74.0334213,
              4.8599829
            ],
            [
              -74.0334559,
              4.8600643
            ],
            [
              -74.0334951,
              4.8601206
            ],
            [
              -74.0335515,
              4.8601706
            ],
            [
              -74.0336685,
              4.860208
            ],
            [
              -74.0337603,
              4.8602089
            ],
            [
              -74.033898,
              4.8601946
            ],
            [
              -74.0340449,
              4.8601551
            ],
            [
              -74.0341361,
              4.8601237
            ],
            [
              -74.0342423,
              4.8600454
            ],
            [
              -74.0343659,
              4.8599659
            ],
            [
              -74.0344898,
              4.8598971
            ],
            [
              -74.0346315,
              4.8598148
            ],
            [
              -74.03475,
              4.8597718
            ],
            [
              -74.034889,
              4.8597493
            ],
            [
              -74.0350373,
              4.8597611
            ],
            [
              -74.0351361,
              4.8598008
            ],
            [
              -74.035258,
              4.8598562
            ],
            [
              -74.0354208,
              4.8599673
            ],
            [
              -74.0355573,
              4.86008
            ],
            [
              -74.0356563,
              4.8601867
            ],
            [
              -74.0357617,
              4.8603406
            ],
            [
              -74.0358646,
              4.8605104
            ],
            [
              -74.0359404,
              4.8606656
            ],
            [
              -74.0359871,
              4.8608072
            ],
            [
              -74.0360095,
              4.8609201
            ],
            [
              -74.03601,
              4.8610305
            ],
            [
              -74.0360009,
              4.8611967
            ],
            [
              -74.0359742,
              4.8613806
            ],
            [
              -74.035931,
              4.8616126
            ],
            [
              -74.0358227,
              4.8619621
            ],
            [
              -74.0357241,
              4.8622653
            ],
            [
              -74.0356325,
              4.8625398
            ],
            [
              -74.0355755,
              4.8627233
            ],
            [
              -74.0355529,
              4.8628473
            ],
            [
              -74.0355594,
              4.8629425
            ],
            [
              -74.035603,
              4.8630402
            ],
            [
              -74.0356818,
              4.8631114
            ],
            [
              -74.0358248,
              4.8631797
            ],
            [
              -74.0359597,
              4.8632134
            ],
            [
              -74.0360995,
              4.8632324
            ],
            [
              -74.036222,
              4.8632209
            ],
            [
              -74.0363471,
              4.8631971
            ],
            [
              -74.0364849,
              4.8631507
            ],
            [
              -74.0365986,
              4.8631003
            ],
            [
              -74.0367345,
              4.863014
            ],
            [
              -74.0370291,
              4.8628041
            ],
            [
              -74.0371736,
              4.8627076
            ],
            [
              -74.037275,
              4.8625962
            ],
            [
              -74.0376406,
              4.8619359
            ],
            [
              -74.0382049,
              4.8608295
            ],
            [
              -74.0383962,
              4.8606298
            ],
            [
              -74.0387141,
              4.8602977
            ],
            [
              -74.0398461,
              4.8598544
            ],
            [
              -74.0406105,
              4.8595679
            ],
            [
              -74.0408518,
              4.859246
            ],
            [
              -74.0410224,
              4.8590183
            ],
            [
              -74.0410112,
              4.8587891
            ],
            [
              -74.0408547,
              4.8587116
            ],
            [
              -74.0406078,
              4.8585892
            ],
            [
              -74.040278,
              4.8586129
            ],
            [
              -74.0396696,
              4.8586565
            ],
            [
              -74.03947,
              4.8583911
            ],
            [
              -74.0396009,
              4.8581172
            ],
            [
              -74.0399448,
              4.858099
            ],
            [
              -74.040642,
              4.8582256
            ],
            [
              -74.0409286,
              4.8582776
            ],
            [
              -74.0410316,
              4.8582963
            ],
            [
              -74.0415211,
              4.8582439
            ],
            [
              -74.0418019,
              4.8582139
            ],
            [
              -74.041891,
              4.8581445
            ],
            [
              -74.0425075,
              4.8576643
            ],
            [
              -74.0426151,
              4.8574119
            ],
            [
              -74.0427305,
              4.8565344
            ],
            [
              -74.0426436,
              4.8555007
            ],
            [
              -74.0425459,
              4.8547563
            ],
            [
              -74.0424257,
              4.85438
            ],
            [
              -74.0423313,
              4.8541918
            ],
            [
              -74.0421253,
              4.8541063
            ],
            [
              -74.0418678,
              4.8541491
            ],
            [
              -74.0417047,
              4.8542859
            ],
            [
              -74.0415769,
              4.8543416
            ],
            [
              -74.0414301,
              4.8544056
            ],
            [
              -74.0410181,
              4.8544741
            ],
            [
              -74.0404945,
              4.85438
            ],
            [
              -74.0401512,
              4.8542089
            ],
            [
              -74.0400243,
              4.8540742
            ],
            [
              -74.0397564,
              4.8537899
            ],
            [
              -74.0395703,
              4.8535511
            ],
            [
              -74.03925,
              4.8531399
            ],
            [
              -74.0390869,
              4.8529261
            ],
            [
              -74.0390011,
              4.8526182
            ],
            [
              -74.0391899,
              4.8525412
            ],
            [
              -74.0396448,
              4.8525412
            ],
            [
              -74.0400568,
              4.8526952
            ],
            [
              -74.0403728,
              4.8528378
            ],
            [
              -74.0408256,
              4.8530421
            ],
            [
              -74.0409666,
              4.8531057
            ],
            [
              -74.0411726,
              4.8531741
            ],
            [
              -74.0413528,
              4.8531656
            ],
            [
              -74.041473,
              4.8530458
            ],
            [
              -74.0414473,
              4.8526268
            ],
            [
              -74.0413958,
              4.8523103
            ],
            [
              -74.0413958,
              4.8518742
            ],
            [
              -74.0413542,
              4.8517644
            ],
            [
              -74.0412241,
              4.8514209
            ],
            [
              -74.04089,
              4.850748
            ],
            [
              -74.0408207,
              4.8506084
            ],
            [
              -74.04028,
              4.8500269
            ],
            [
              -74.0399366,
              4.8495394
            ],
            [
              -74.0399281,
              4.8489664
            ],
            [
              -74.0399625,
              4.8487509
            ],
            [
              -74.0399881,
              4.8485901
            ],
            [
              -74.0399068,
              4.8484668
            ],
            [
              -74.0397907,
              4.8482907
            ],
            [
              -74.0394474,
              4.8477348
            ],
            [
              -74.039044,
              4.8472816
            ],
            [
              -74.0383745,
              4.8465375
            ],
            [
              -74.0377995,
              4.8459816
            ],
            [
              -74.0371557,
              4.8456994
            ],
            [
              -74.0370207,
              4.8456482
            ],
            [
              -74.0360301,
              4.8452726
            ],
            [
              -74.0358781,
              4.845215
            ],
            [
              -74.0351348,
              4.8448762
            ],
            [
              -74.0349803,
              4.8447679
            ],
            [
              -74.0348059,
              4.8445395
            ],
            [
              -74.0343837,
              4.8440525
            ],
            [
              -74.0341746,
              4.8437182
            ],
            [
              -74.0339899,
              4.8431838
            ],
            [
              -74.0340231,
              4.8429038
            ],
            [
              -74.0341401,
              4.8422003
            ],
            [
              -74.0342255,
              4.8418453
            ],
            [
              -74.0343572,
              4.8414273
            ],
            [
              -74.03458,
              4.8410778
            ],
            [
              -74.0347828,
              4.8408277
            ],
            [
              -74.0349676,
              4.8405685
            ],
            [
              -74.0352788,
              4.8402628
            ],
            [
              -74.0355473,
              4.8400937
            ],
            [
              -74.0357937,
              4.8400704
            ],
            [
              -74.0364277,
              4.8400493
            ],
            [
              -74.0375537,
              4.8402481
            ],
            [
              -74.0382087,
              4.8404212
            ],
            [
              -74.0385548,
              4.8405622
            ],
            [
              -74.0393845,
              4.8409001
            ],
            [
              -74.0396984,
              4.8410358
            ],
            [
              -74.0403628,
              4.8412997
            ],
            [
              -74.0406028,
              4.8413486
            ],
            [
              -74.040847,
              4.8413619
            ],
            [
              -74.0413284,
              4.841292
            ],
            [
              -74.0417871,
              4.8411928
            ],
            [
              -74.0419306,
              4.8411431
            ],
            [
              -74.042455,
              4.8408828
            ],
            [
              -74.0425842,
              4.8407957
            ],
            [
              -74.0427889,
              4.8405669
            ],
            [
              -74.0428639,
              4.8404181
            ],
            [
              -74.0428639,
              4.8402709
            ],
            [
              -74.0428263,
              4.8401731
            ],
            [
              -74.0427748,
              4.8401218
            ],
            [
              -74.0427148,
              4.8400791
            ],
            [
              -74.042586,
              4.8399914
            ],
            [
              -74.0423409,
              4.8398813
            ],
            [
              -74.0421617,
              4.8398401
            ],
            [
              -74.0417449,
              4.8397027
            ],
            [
              -74.0414531,
              4.8396001
            ],
            [
              -74.0412883,
              4.8395295
            ],
            [
              -74.0411269,
              4.8394291
            ],
            [
              -74.0409724,
              4.839335
            ],
            [
              -74.0408007,
              4.8392153
            ],
            [
              -74.0406462,
              4.8390613
            ],
            [
              -74.0405347,
              4.8389672
            ],
            [
              -74.0404059,
              4.8388475
            ],
            [
              -74.0403544,
              4.8387107
            ],
            [
              -74.0402686,
              4.8384626
            ],
            [
              -74.0402343,
              4.8382317
            ],
            [
              -74.04026,
              4.8380008
            ],
            [
              -74.0403716,
              4.8378896
            ],
            [
              -74.0405947,
              4.8378298
            ],
            [
              -74.040775,
              4.8378126
            ],
            [
              -74.0409724,
              4.8380008
            ],
            [
              -74.0411441,
              4.8381547
            ],
            [
              -74.0413672,
              4.8383258
            ],
            [
              -74.0415561,
              4.8384968
            ],
            [
              -74.0417363,
              4.8386764
            ],
            [
              -74.0419852,
              4.8388047
            ],
            [
              -74.0421569,
              4.8389587
            ],
            [
              -74.0424315,
              4.8391383
            ],
            [
              -74.0426204,
              4.8392837
            ],
            [
              -74.0427491,
              4.8393949
            ],
            [
              -74.042895,
              4.8395317
            ],
            [
              -74.0430495,
              4.83966
            ],
            [
              -74.0432383,
              4.839831
            ],
            [
              -74.0434357,
              4.8398995
            ],
            [
              -74.0435988,
              4.8399166
            ],
            [
              -74.043719,
              4.839831
            ],
            [
              -74.0437791,
              4.8397455
            ],
            [
              -74.0437705,
              4.8396087
            ],
            [
              -74.0436332,
              4.8394034
            ],
            [
              -74.0435302,
              4.8393008
            ],
            [
              -74.0434014,
              4.8392238
            ],
            [
              -74.0432298,
              4.8390442
            ],
            [
              -74.0430323,
              4.8388903
            ],
            [
              -74.0428435,
              4.8387534
            ],
            [
              -74.0426289,
              4.8386166
            ],
            [
              -74.0424659,
              4.8384883
            ],
            [
              -74.0423114,
              4.83836
            ],
            [
              -74.0421569,
              4.8382488
            ],
            [
              -74.0418908,
              4.8380008
            ],
            [
              -74.0417449,
              4.8378298
            ],
            [
              -74.0416419,
              4.8376587
            ],
            [
              -74.0415217,
              4.8374877
            ],
            [
              -74.0414445,
              4.8373081
            ],
            [
              -74.0413501,
              4.837137
            ],
            [
              -74.0412385,
              4.836889
            ],
            [
              -74.041084,
              4.8366752
            ],
            [
              -74.0409896,
              4.8364015
            ],
            [
              -74.0409037,
              4.8362475
            ],
            [
              -74.0408451,
              4.8358264
            ],
            [
              -74.0407816,
              4.8354957
            ],
            [
              -74.0407527,
              4.8351364
            ],
            [
              -74.0407746,
              4.834826
            ],
            [
              -74.0409467,
              4.8347081
            ],
            [
              -74.0410765,
              4.8346921
            ],
            [
              -74.0412041,
              4.8347765
            ],
            [
              -74.0413415,
              4.8349133
            ],
            [
              -74.0415303,
              4.8351699
            ],
            [
              -74.0416762,
              4.8353068
            ],
            [
              -74.0418565,
              4.8354693
            ],
            [
              -74.0420453,
              4.8356403
            ],
            [
              -74.0421654,
              4.83576
            ],
            [
              -74.0423543,
              4.8358798
            ],
            [
              -74.0425345,
              4.8359396
            ],
            [
              -74.0427319,
              4.8359739
            ],
            [
              -74.0428864,
              4.8359995
            ],
            [
              -74.0430581,
              4.8359995
            ],
            [
              -74.0432984,
              4.8359739
            ],
            [
              -74.0434958,
              4.8359396
            ],
            [
              -74.0437018,
              4.8359054
            ],
            [
              -74.0438735,
              4.8358456
            ],
            [
              -74.0440537,
              4.8357429
            ],
            [
              -74.0441739,
              4.8356745
            ],
            [
              -74.044337,
              4.835589
            ],
            [
              -74.0444228,
              4.8355377
            ],
            [
              -74.0444657,
              4.8354351
            ],
            [
              -74.0444142,
              4.8353153
            ],
            [
              -74.0442597,
              4.8351785
            ],
            [
              -74.0440795,
              4.8350416
            ],
            [
              -74.0439851,
              4.8349732
            ],
            [
              -74.0439164,
              4.8348877
            ],
            [
              -74.0437876,
              4.8347423
            ],
            [
              -74.0437276,
              4.834614
            ],
            [
              -74.0436503,
              4.8344772
            ],
            [
              -74.043616,
              4.8343489
            ],
            [
              -74.0436383,
              4.8342291
            ],
            [
              -74.0436417,
              4.8341864
            ],
            [
              -74.0437083,
              4.8339985
            ],
            [
              -74.0437643,
              4.8338402
            ],
            [
              -74.0439112,
              4.8335012
            ],
            [
              -74.0439681,
              4.8333698
            ],
            [
              -74.0441408,
              4.8331205
            ],
            [
              -74.0440281,
              4.8330893
            ],
            [
              -74.0439187,
              4.8329926
            ],
            [
              -74.0438487,
              4.8329384
            ],
            [
              -74.0435481,
              4.832467
            ],
            [
              -74.0431786,
              4.831959
            ],
            [
              -74.0427278,
              4.831336
            ],
            [
              -74.0424105,
              4.8308967
            ],
            [
              -74.0418158,
              4.8300704
            ],
            [
              -74.0410598,
              4.8290301
            ],
            [
              -74.0410075,
              4.8289186
            ],
            [
              -74.040982,
              4.8288232
            ],
            [
              -74.0408195,
              4.827213
            ],
            [
              -74.0407678,
              4.8268604
            ],
            [
              -74.0406806,
              4.8268568
            ],
            [
              -74.0405947,
              4.8268397
            ],
            [
              -74.0403513,
              4.8267806
            ],
            [
              -74.0400025,
              4.8266858
            ],
            [
              -74.03932,
              4.8265303
            ],
            [
              -74.0388095,
              4.8264121
            ],
            [
              -74.038449,
              4.8263351
            ],
            [
              -74.0379769,
              4.8262496
            ],
            [
              -74.0375308,
              4.8261592
            ],
            [
              -74.0370421,
              4.8260636
            ],
            [
              -74.0366637,
              4.825993
            ],
            [
              -74.0357548,
              4.8258169
            ],
            [
              -74.0352438,
              4.8257314
            ],
            [
              -74.0347923,
              4.8256491
            ],
            [
              -74.034504,
              4.8256021
            ],
            [
              -74.0342643,
              4.8255643
            ],
            [
              -74.0341529,
              4.8255467
            ],
            [
              -74.0338129,
              4.8254962
            ],
            [
              -74.03355,
              4.8252129
            ],
            [
              -74.0329278,
              4.8245607
            ],
            [
              -74.0323913,
              4.824069
            ],
            [
              -74.0317583,
              4.8236948
            ],
            [
              -74.0314231,
              4.8234743
            ],
            [
              -74.0310609,
              4.8234596
            ],
            [
              -74.0306318,
              4.8234489
            ],
            [
              -74.0304601,
              4.8234382
            ],
            [
              -74.0302476,
              4.8234848
            ],
            [
              -74.0299666,
              4.8234435
            ],
            [
              -74.0297252,
              4.8234489
            ],
            [
              -74.0295696,
              4.8234649
            ],
            [
              -74.0293711,
              4.8234703
            ],
            [
              -74.0291405,
              4.8234917
            ],
            [
              -74.0287864,
              4.8234435
            ],
            [
              -74.0285718,
              4.8234489
            ],
            [
              -74.0281051,
              4.8234115
            ],
            [
              -74.0275955,
              4.8233527
            ],
            [
              -74.02722,
              4.823342
            ],
            [
              -74.0268822,
              4.8233027
            ],
            [
              -74.0263188,
              4.8232672
            ],
            [
              -74.0261096,
              4.8232778
            ],
            [
              -74.0258145,
              4.8232618
            ],
            [
              -74.0254927,
              4.8231495
            ],
            [
              -74.0253854,
              4.8230587
            ]
          ]
        ]
      },
      "id": "relation/7081106"
    },
    {
      "type": "Feature",
      "properties": {
        "@id": "relation/7081146",
        "admin_level": "7",
        "boundary": "administrative",
        "entidad_te": "Cabecera Municipal",
        "name": "Casco urbano de Chía",
        "type": "boundary"
      },
      "geometry": {
        "type": "Polygon",
        "coordinates": [
          [
            [
              -74.0683139,
              4.852639
            ],
            [
              -74.0682273,
              4.852683
            ],
            [
              -74.0681196,
              4.8527587
            ],
            [
              -74.0680159,
              4.8528294
            ],
            [
              -74.0679174,
              4.8528896
            ],
            [
              -74.0676818,
              4.8530129
            ],
            [
              -74.0676566,
              4.852938
            ],
            [
              -74.0676281,
              4.8529009
            ],
            [
              -74.0675807,
              4.8528734
            ],
            [
              -74.0673531,
              4.8527662
            ],
            [
              -74.0666619,
              4.8524183
            ],
            [
              -74.0665935,
              4.8523723
            ],
            [
              -74.0654841,
              4.8517153
            ],
            [
              -74.064834,
              4.8513674
            ],
            [
              -74.0645642,
              4.8512226
            ],
            [
              -74.0634688,
              4.8506952
            ],
            [
              -74.0637172,
              4.8500787
            ],
            [
              -74.0638134,
              4.8498738
            ],
            [
              -74.0639553,
              4.8495717
            ],
            [
              -74.0639977,
              4.8494815
            ],
            [
              -74.0634383,
              4.8492277
            ],
            [
              -74.0630096,
              4.8490275
            ],
            [
              -74.0629117,
              4.8489808
            ],
            [
              -74.0626337,
              4.8488533
            ],
            [
              -74.0624808,
              4.8487834
            ],
            [
              -74.0624062,
              4.8487539
            ],
            [
              -74.0622182,
              4.8486676
            ],
            [
              -74.0616738,
              4.8484177
            ],
            [
              -74.0608747,
              4.8480509
            ],
            [
              -74.059906,
              4.8476063
            ],
            [
              -74.0592992,
              4.8473309
            ],
            [
              -74.0591713,
              4.8473134
            ],
            [
              -74.0580095,
              4.846653
            ],
            [
              -74.0578895,
              4.8465824
            ],
            [
              -74.0575765,
              4.8463946
            ],
            [
              -74.0574604,
              4.8463268
            ],
            [
              -74.0568061,
              4.8459473
            ],
            [
              -74.0566488,
              4.8458651
            ],
            [
              -74.056262,
              4.8456332
            ],
            [
              -74.0561716,
              4.8455641
            ],
            [
              -74.0556562,
              4.846677
            ],
            [
              -74.0565788,
              4.8471955
            ],
            [
              -74.0574253,
              4.8476703
            ],
            [
              -74.0577092,
              4.8478319
            ],
            [
              -74.0578866,
              4.8479464
            ],
            [
              -74.0584526,
              4.8482646
            ],
            [
              -74.0583768,
              4.8484325
            ],
            [
              -74.0584218,
              4.8484555
            ],
            [
              -74.0581314,
              4.8490121
            ],
            [
              -74.0576306,
              4.8499795
            ],
            [
              -74.0570246,
              4.8497011
            ],
            [
              -74.0564906,
              4.8494732
            ],
            [
              -74.0560221,
              4.8492721
            ],
            [
              -74.0559513,
              4.8492358
            ],
            [
              -74.0558023,
              4.8491797
            ],
            [
              -74.055256,
              4.8489447
            ],
            [
              -74.055063,
              4.8488677
            ],
            [
              -74.0549854,
              4.8488367
            ],
            [
              -74.0545452,
              4.8486652
            ],
            [
              -74.0538173,
              4.8483773
            ],
            [
              -74.0536386,
              4.8483125
            ],
            [
              -74.0534494,
              4.8482629
            ],
            [
              -74.0532344,
              4.8482281
            ],
            [
              -74.0530685,
              4.8482085
            ],
            [
              -74.0529264,
              4.8482073
            ],
            [
              -74.0527722,
              4.8482225
            ],
            [
              -74.0526346,
              4.8482419
            ],
            [
              -74.0525019,
              4.8482741
            ],
            [
              -74.0523103,
              4.848329
            ],
            [
              -74.0521515,
              4.8483948
            ],
            [
              -74.0519829,
              4.8484784
            ],
            [
              -74.0518831,
              4.8485383
            ],
            [
              -74.0517771,
              4.8486075
            ],
            [
              -74.0517368,
              4.8486344
            ],
            [
              -74.0515965,
              4.8485623
            ],
            [
              -74.0515336,
              4.848531
            ],
            [
              -74.0511834,
              4.8483639
            ],
            [
              -74.0505194,
              4.8480472
            ],
            [
              -74.0501062,
              4.847849
            ],
            [
              -74.0488482,
              4.8472107
            ],
            [
              -74.0486563,
              4.8476301
            ],
            [
              -74.0486909,
              4.8476492
            ],
            [
              -74.0484682,
              4.8482169
            ],
            [
              -74.0481927,
              4.8480617
            ],
            [
              -74.0479725,
              4.8485029
            ],
            [
              -74.0483178,
              4.8486728
            ],
            [
              -74.0482473,
              4.848794
            ],
            [
              -74.0480814,
              4.8487223
            ],
            [
              -74.0480353,
              4.8488219
            ],
            [
              -74.0476831,
              4.8486751
            ],
            [
              -74.0477036,
              4.8486203
            ],
            [
              -74.0477254,
              4.848619
            ],
            [
              -74.0477267,
              4.8485794
            ],
            [
              -74.0476754,
              4.8485616
            ],
            [
              -74.047582,
              4.8485144
            ],
            [
              -74.0475612,
              4.8484981
            ],
            [
              -74.0476175,
              4.8484323
            ],
            [
              -74.0477693,
              4.8481989
            ],
            [
              -74.0471995,
              4.8479072
            ],
            [
              -74.0470128,
              4.8478214
            ],
            [
              -74.0468303,
              4.8481596
            ],
            [
              -74.0468713,
              4.8481839
            ],
            [
              -74.0468514,
              4.8482241
            ],
            [
              -74.0468546,
              4.8482428
            ],
            [
              -74.0467237,
              4.848526
            ],
            [
              -74.0465905,
              4.8488586
            ],
            [
              -74.0468367,
              4.848929
            ],
            [
              -74.0467846,
              4.8490615
            ],
            [
              -74.0470589,
              4.8491557
            ],
            [
              -74.0473332,
              4.8492609
            ],
            [
              -74.0469718,
              4.8504206
            ],
            [
              -74.0460986,
              4.8501121
            ],
            [
              -74.0458855,
              4.8505353
            ],
            [
              -74.0458779,
              4.8505745
            ],
            [
              -74.0459008,
              4.8505999
            ],
            [
              -74.0460394,
              4.8506845
            ],
            [
              -74.0460613,
              4.8507247
            ],
            [
              -74.0460552,
              4.8507861
            ],
            [
              -74.045759,
              4.8513174
            ],
            [
              -74.0457241,
              4.8513826
            ],
            [
              -74.0457481,
              4.8514493
            ],
            [
              -74.0456352,
              4.8517003
            ],
            [
              -74.0454791,
              4.8519628
            ],
            [
              -74.0451928,
              4.8524805
            ],
            [
              -74.0448309,
              4.8530956
            ],
            [
              -74.0446897,
              4.853329
            ],
            [
              -74.0446129,
              4.8534511
            ],
            [
              -74.0445094,
              4.853613
            ],
            [
              -74.0443487,
              4.8538641
            ],
            [
              -74.0441689,
              4.8541849
            ],
            [
              -74.0441514,
              4.854306
            ],
            [
              -74.0441849,
              4.8544399
            ],
            [
              -74.0442938,
              4.8545387
            ],
            [
              -74.0452964,
              4.8552588
            ],
            [
              -74.0454854,
              4.8553807
            ],
            [
              -74.0455336,
              4.8554121
            ],
            [
              -74.0456936,
              4.8552035
            ],
            [
              -74.0457283,
              4.8551304
            ],
            [
              -74.0458147,
              4.8549482
            ],
            [
              -74.0459653,
              4.8546305
            ],
            [
              -74.0460046,
              4.8545477
            ],
            [
              -74.0460476,
              4.854457
            ],
            [
              -74.046081,
              4.8543867
            ],
            [
              -74.0461008,
              4.8543448
            ],
            [
              -74.0461641,
              4.8542113
            ],
            [
              -74.0462056,
              4.8541111
            ],
            [
              -74.0463861,
              4.8542081
            ],
            [
              -74.047335,
              4.8546975
            ],
            [
              -74.0473202,
              4.8547436
            ],
            [
              -74.0471441,
              4.8551056
            ],
            [
              -74.0474851,
              4.855281
            ],
            [
              -74.0474481,
              4.8553549
            ],
            [
              -74.0479508,
              4.8555914
            ],
            [
              -74.0485369,
              4.8558414
            ],
            [
              -74.0486491,
              4.8558669
            ],
            [
              -74.0486071,
              4.8560108
            ],
            [
              -74.0483316,
              4.8570331
            ],
            [
              -74.04824,
              4.8573777
            ],
            [
              -74.048201,
              4.8574998
            ],
            [
              -74.0471342,
              4.857051
            ],
            [
              -74.046778,
              4.8578099
            ],
            [
              -74.0464986,
              4.8584141
            ],
            [
              -74.0459854,
              4.8596831
            ],
            [
              -74.045828,
              4.8600693
            ],
            [
              -74.0458302,
              4.8601233
            ],
            [
              -74.0458449,
              4.8601508
            ],
            [
              -74.0458636,
              4.8601635
            ],
            [
              -74.0462587,
              4.8603182
            ],
            [
              -74.0462272,
              4.8603875
            ],
            [
              -74.0460709,
              4.8607536
            ],
            [
              -74.045567,
              4.8605605
            ],
            [
              -74.0453452,
              4.8611141
            ],
            [
              -74.0454375,
              4.8611545
            ],
            [
              -74.045302,
              4.8614838
            ],
            [
              -74.045441,
              4.8615411
            ],
            [
              -74.0450796,
              4.862452
            ],
            [
              -74.0445957,
              4.862238
            ],
            [
              -74.0443998,
              4.8626851
            ],
            [
              -74.0443771,
              4.8627328
            ],
            [
              -74.0444714,
              4.8627699
            ],
            [
              -74.0442786,
              4.8632445
            ],
            [
              -74.0444445,
              4.8633204
            ],
            [
              -74.0442892,
              4.8636512
            ],
            [
              -74.0442386,
              4.8637584
            ],
            [
              -74.0441802,
              4.863882
            ],
            [
              -74.0441117,
              4.8640271
            ],
            [
              -74.0440854,
              4.8640725
            ],
            [
              -74.0440526,
              4.8641568
            ],
            [
              -74.0439853,
              4.8640769
            ],
            [
              -74.043964,
              4.8640585
            ],
            [
              -74.0439368,
              4.8640474
            ],
            [
              -74.0438931,
              4.8640435
            ],
            [
              -74.0438426,
              4.8640459
            ],
            [
              -74.0437839,
              4.8640638
            ],
            [
              -74.0437238,
              4.8640948
            ],
            [
              -74.0436845,
              4.8641301
            ],
            [
              -74.0436481,
              4.8641678
            ],
            [
              -74.0435947,
              4.8642011
            ],
            [
              -74.0435612,
              4.8642161
            ],
            [
              -74.0435094,
              4.8642277
            ],
            [
              -74.0433753,
              4.8642931
            ],
            [
              -74.0433015,
              4.8643159
            ],
            [
              -74.0431882,
              4.8643267
            ],
            [
              -74.0431044,
              4.8642839
            ],
            [
              -74.0430331,
              4.8642226
            ],
            [
              -74.0429783,
              4.8641462
            ],
            [
              -74.0429526,
              4.8640859
            ],
            [
              -74.0429439,
              4.8640249
            ],
            [
              -74.0429451,
              4.8639596
            ],
            [
              -74.0429536,
              4.8639162
            ],
            [
              -74.0429824,
              4.8638444
            ],
            [
              -74.0431124,
              4.8635669
            ],
            [
              -74.0431486,
              4.8634897
            ],
            [
              -74.0431733,
              4.8634296
            ],
            [
              -74.0431781,
              4.8633778
            ],
            [
              -74.0431717,
              4.8633173
            ],
            [
              -74.0431568,
              4.8632645
            ],
            [
              -74.0430955,
              4.8631015
            ],
            [
              -74.0430676,
              4.8630297
            ],
            [
              -74.0430482,
              4.8629643
            ],
            [
              -74.0430454,
              4.8629123
            ],
            [
              -74.0430526,
              4.8628497
            ],
            [
              -74.0430105,
              4.8628366
            ],
            [
              -74.0427812,
              4.8633577
            ],
            [
              -74.04269,
              4.863343
            ],
            [
              -74.0424298,
              4.8639684
            ],
            [
              -74.0421053,
              4.8638188
            ],
            [
              -74.0418679,
              4.8644161
            ],
            [
              -74.0418238,
              4.8645585
            ],
            [
              -74.0418176,
              4.8646333
            ],
            [
              -74.0414236,
              4.864688
            ],
            [
              -74.0407915,
              4.8647787
            ],
            [
              -74.0405076,
              4.8648182
            ],
            [
              -74.0401202,
              4.8648729
            ],
            [
              -74.039281,
              4.8649908
            ],
            [
              -74.0392461,
              4.8649962
            ],
            [
              -74.0388109,
              4.8650632
            ],
            [
              -74.0386966,
              4.8650832
            ],
            [
              -74.0385719,
              4.8651574
            ],
            [
              -74.0385013,
              4.8651998
            ],
            [
              -74.038439,
              4.8652549
            ],
            [
              -74.0383907,
              4.8653146
            ],
            [
              -74.0383513,
              4.8653834
            ],
            [
              -74.0383204,
              4.8654524
            ],
            [
              -74.0382696,
              4.8655515
            ],
            [
              -74.0382165,
              4.8660844
            ],
            [
              -74.03819,
              4.866274
            ],
            [
              -74.038159,
              4.8664956
            ],
            [
              -74.0381105,
              4.8668422
            ],
            [
              -74.0381706,
              4.8668694
            ],
            [
              -74.0387441,
              4.8671336
            ],
            [
              -74.0391538,
              4.8673141
            ],
            [
              -74.0395079,
              4.8674737
            ],
            [
              -74.0396586,
              4.8675415
            ],
            [
              -74.0401651,
              4.866378
            ],
            [
              -74.0405274,
              4.8665441
            ],
            [
              -74.0406609,
              4.8662561
            ],
            [
              -74.0408712,
              4.8663419
            ],
            [
              -74.0410287,
              4.8659375
            ],
            [
              -74.0417367,
              4.8662524
            ],
            [
              -74.0418284,
              4.8660336
            ],
            [
              -74.0424159,
              4.866293
            ],
            [
              -74.0430155,
              4.8665561
            ],
            [
              -74.0432666,
              4.8666688
            ],
            [
              -74.0432406,
              4.8667122
            ],
            [
              -74.0435334,
              4.8668525
            ],
            [
              -74.0435987,
              4.8668735
            ],
            [
              -74.0436273,
              4.8668114
            ],
            [
              -74.0442661,
              4.8671015
            ],
            [
              -74.0446517,
              4.8672719
            ],
            [
              -74.0448616,
              4.8673661
            ],
            [
              -74.0448783,
              4.8673735
            ],
            [
              -74.0455556,
              4.8676754
            ],
            [
              -74.0456844,
              4.8677307
            ],
            [
              -74.045977,
              4.8678652
            ],
            [
              -74.0460763,
              4.8679092
            ],
            [
              -74.0461014,
              4.8679173
            ],
            [
              -74.0461158,
              4.867917
            ],
            [
              -74.0461282,
              4.8679146
            ],
            [
              -74.0461386,
              4.8679083
            ],
            [
              -74.046149,
              4.8678976
            ],
            [
              -74.0461634,
              4.8678739
            ],
            [
              -74.0462382,
              4.8677109
            ],
            [
              -74.0463046,
              4.8675599
            ],
            [
              -74.0463247,
              4.8675351
            ],
            [
              -74.0463516,
              4.8675335
            ],
            [
              -74.0465612,
              4.867629
            ],
            [
              -74.0468245,
              4.8677417
            ],
            [
              -74.0472807,
              4.8679485
            ],
            [
              -74.0473872,
              4.8680205
            ],
            [
              -74.0475344,
              4.8681139
            ],
            [
              -74.0475641,
              4.8681427
            ],
            [
              -74.0475734,
              4.8681829
            ],
            [
              -74.0474732,
              4.8684375
            ],
            [
              -74.0481063,
              4.8687215
            ],
            [
              -74.0481682,
              4.8687414
            ],
            [
              -74.0482292,
              4.8687523
            ],
            [
              -74.0482756,
              4.8687564
            ],
            [
              -74.0483839,
              4.8687936
            ],
            [
              -74.0489908,
              4.8690064
            ],
            [
              -74.0496696,
              4.8693239
            ],
            [
              -74.0499525,
              4.8694517
            ],
            [
              -74.0502662,
              4.8695806
            ],
            [
              -74.050793,
              4.8698082
            ],
            [
              -74.050874,
              4.8698426
            ],
            [
              -74.0512715,
              4.8700112
            ],
            [
              -74.0516277,
              4.8701485
            ],
            [
              -74.0516694,
              4.8701508
            ],
            [
              -74.0518105,
              4.8701716
            ],
            [
              -74.0518485,
              4.8701772
            ],
            [
              -74.0526755,
              4.8705457
            ],
            [
              -74.052868,
              4.8706289
            ],
            [
              -74.0529434,
              4.8706602
            ],
            [
              -74.0530823,
              4.8703806
            ],
            [
              -74.0531486,
              4.8704061
            ],
            [
              -74.0532956,
              4.870484
            ],
            [
              -74.0534876,
              4.870562
            ],
            [
              -74.0536575,
              4.8706375
            ],
            [
              -74.0536526,
              4.8706509
            ],
            [
              -74.0538309,
              4.8707133
            ],
            [
              -74.0539161,
              4.8705288
            ],
            [
              -74.0542099,
              4.8700091
            ],
            [
              -74.0542503,
              4.8700218
            ],
            [
              -74.0543332,
              4.8699197
            ],
            [
              -74.0546606,
              4.870066
            ],
            [
              -74.0553012,
              4.8703235
            ],
            [
              -74.0560792,
              4.8707221
            ],
            [
              -74.0561374,
              4.8706135
            ],
            [
              -74.0562585,
              4.8703875
            ],
            [
              -74.0562777,
              4.8703516
            ],
            [
              -74.0570346,
              4.8707055
            ],
            [
              -74.0570102,
              4.8707967
            ],
            [
              -74.0576526,
              4.8710904
            ],
            [
              -74.0575293,
              4.8714015
            ],
            [
              -74.0577649,
              4.871508
            ],
            [
              -74.0578339,
              4.8715225
            ],
            [
              -74.0589676,
              4.8720338
            ],
            [
              -74.0589827,
              4.8720711
            ],
            [
              -74.0589815,
              4.8721119
            ],
            [
              -74.0588775,
              4.8723663
            ],
            [
              -74.0596399,
              4.8727261
            ],
            [
              -74.0600839,
              4.8729773
            ],
            [
              -74.0601344,
              4.8730618
            ],
            [
              -74.0602403,
              4.8730321
            ],
            [
              -74.0603014,
              4.8731001
            ],
            [
              -74.0603638,
              4.8730898
            ],
            [
              -74.0604038,
              4.8730961
            ],
            [
              -74.0604349,
              4.8730891
            ],
            [
              -74.060456,
              4.8730598
            ],
            [
              -74.0604703,
              4.8730194
            ],
            [
              -74.0604883,
              4.8729332
            ],
            [
              -74.0604833,
              4.8728266
            ],
            [
              -74.0604449,
              4.8727537
            ],
            [
              -74.0603476,
              4.8727089
            ],
            [
              -74.0602544,
              4.8726351
            ],
            [
              -74.0601664,
              4.8725665
            ],
            [
              -74.0601168,
              4.8725062
            ],
            [
              -74.0600877,
              4.8724204
            ],
            [
              -74.0600551,
              4.8722691
            ],
            [
              -74.0601057,
              4.8721025
            ],
            [
              -74.0602191,
              4.8718559
            ],
            [
              -74.0602846,
              4.8717433
            ],
            [
              -74.0603722,
              4.8716373
            ],
            [
              -74.0604524,
              4.8716254
            ],
            [
              -74.0605873,
              4.8716359
            ],
            [
              -74.0607039,
              4.8717316
            ],
            [
              -74.0607908,
              4.871842
            ],
            [
              -74.0608477,
              4.8719141
            ],
            [
              -74.0608943,
              4.8719229
            ],
            [
              -74.060926,
              4.8718745
            ],
            [
              -74.0609977,
              4.8716257
            ],
            [
              -74.0610285,
              4.8715224
            ],
            [
              -74.0610634,
              4.8714214
            ],
            [
              -74.0611179,
              4.8712927
            ],
            [
              -74.0611741,
              4.8711908
            ],
            [
              -74.0612118,
              4.8711305
            ],
            [
              -74.061246,
              4.8710771
            ],
            [
              -74.061273,
              4.8710465
            ],
            [
              -74.0613234,
              4.8710241
            ],
            [
              -74.0613658,
              4.8710212
            ],
            [
              -74.0614724,
              4.8710333
            ],
            [
              -74.0615802,
              4.871046
            ],
            [
              -74.0616954,
              4.8710656
            ],
            [
              -74.0617692,
              4.8710814
            ],
            [
              -74.0618305,
              4.871098
            ],
            [
              -74.0618666,
              4.8711277
            ],
            [
              -74.0618768,
              4.8711725
            ],
            [
              -74.0618707,
              4.8712387
            ],
            [
              -74.0618549,
              4.8713003
            ],
            [
              -74.061835,
              4.8713664
            ],
            [
              -74.0618171,
              4.8714253
            ],
            [
              -74.0617996,
              4.8714735
            ],
            [
              -74.0618003,
              4.8715296
            ],
            [
              -74.0618265,
              4.8715979
            ],
            [
              -74.061868,
              4.8716369
            ],
            [
              -74.0619237,
              4.8716528
            ],
            [
              -74.0619814,
              4.8716634
            ],
            [
              -74.0620229,
              4.8716631
            ],
            [
              -74.0620591,
              4.8716492
            ],
            [
              -74.0620926,
              4.8716242
            ],
            [
              -74.0621076,
              4.871583
            ],
            [
              -74.0621146,
              4.8715358
            ],
            [
              -74.0621245,
              4.8714467
            ],
            [
              -74.0621241,
              4.8713515
            ],
            [
              -74.0621127,
              4.8712305
            ],
            [
              -74.0621075,
              4.8711533
            ],
            [
              -74.062101,
              4.8710762
            ],
            [
              -74.0620937,
              4.8709864
            ],
            [
              -74.0620971,
              4.8709402
            ],
            [
              -74.0621153,
              4.8708967
            ],
            [
              -74.0621516,
              4.8708311
            ],
            [
              -74.0621827,
              4.87078
            ],
            [
              -74.0622274,
              4.870738
            ],
            [
              -74.0622794,
              4.8707048
            ],
            [
              -74.0623285,
              4.8706729
            ],
            [
              -74.0623784,
              4.8706417
            ],
            [
              -74.0624754,
              4.8705967
            ],
            [
              -74.0625245,
              4.8705694
            ],
            [
              -74.0625732,
              4.8705496
            ],
            [
              -74.0626271,
              4.8705513
            ],
            [
              -74.062699,
              4.8705617
            ],
            [
              -74.062753,
              4.8705852
            ],
            [
              -74.0627909,
              4.8706156
            ],
            [
              -74.0628135,
              4.8706567
            ],
            [
              -74.0628237,
              4.8707363
            ],
            [
              -74.0628268,
              4.8708093
            ],
            [
              -74.0628699,
              4.8708725
            ],
            [
              -74.0628916,
              4.8708891
            ],
            [
              -74.0629066,
              4.8709232
            ],
            [
              -74.0629174,
              4.8709936
            ],
            [
              -74.0629186,
              4.8710474
            ],
            [
              -74.0629048,
              4.8711112
            ],
            [
              -74.0629097,
              4.8711681
            ],
            [
              -74.0629205,
              4.8711956
            ],
            [
              -74.0629466,
              4.8712362
            ],
            [
              -74.0629653,
              4.8712769
            ],
            [
              -74.0629801,
              4.871326
            ],
            [
              -74.0629948,
              4.8713588
            ],
            [
              -74.0630415,
              4.8713942
            ],
            [
              -74.0630912,
              4.8714093
            ],
            [
              -74.0631187,
              4.871411
            ],
            [
              -74.0631472,
              4.8713996
            ],
            [
              -74.0631869,
              4.8713676
            ],
            [
              -74.0632074,
              4.8713321
            ],
            [
              -74.0632219,
              4.8713004
            ],
            [
              -74.0632444,
              4.8712706
            ],
            [
              -74.0632882,
              4.8712276
            ],
            [
              -74.0633402,
              4.8711882
            ],
            [
              -74.0633842,
              4.8711651
            ],
            [
              -74.0634313,
              4.8711534
            ],
            [
              -74.0634784,
              4.8711509
            ],
            [
              -74.0635337,
              4.8711575
            ],
            [
              -74.0635874,
              4.8711738
            ],
            [
              -74.0636237,
              4.8711932
            ],
            [
              -74.0636475,
              4.8712188
            ],
            [
              -74.0636667,
              4.8712643
            ],
            [
              -74.0636925,
              4.8713436
            ],
            [
              -74.0637014,
              4.8714558
            ],
            [
              -74.0637024,
              4.8715041
            ],
            [
              -74.0636943,
              4.8715503
            ],
            [
              -74.06368,
              4.8716514
            ],
            [
              -74.0636576,
              4.8717139
            ],
            [
              -74.0636426,
              4.8717477
            ],
            [
              -74.06362,
              4.8717638
            ],
            [
              -74.0635728,
              4.8717637
            ],
            [
              -74.0635384,
              4.8717481
            ],
            [
              -74.0634492,
              4.8717353
            ],
            [
              -74.0633695,
              4.8717472
            ],
            [
              -74.0633044,
              4.8717861
            ],
            [
              -74.0632827,
              4.8718474
            ],
            [
              -74.0632864,
              4.8719096
            ],
            [
              -74.0633049,
              4.8719659
            ],
            [
              -74.0633341,
              4.872004
            ],
            [
              -74.0633774,
              4.8720538
            ],
            [
              -74.0634773,
              4.8721442
            ],
            [
              -74.0635501,
              4.8721954
            ],
            [
              -74.0636113,
              4.8722385
            ],
            [
              -74.0636806,
              4.8722634
            ],
            [
              -74.0637683,
              4.8722737
            ],
            [
              -74.0638392,
              4.8722649
            ],
            [
              -74.0638975,
              4.8722484
            ],
            [
              -74.0639618,
              4.87221
            ],
            [
              -74.0640062,
              4.872154
            ],
            [
              -74.064026,
              4.8720966
            ],
            [
              -74.0640229,
              4.8720182
            ],
            [
              -74.0640146,
              4.8719454
            ],
            [
              -74.0640103,
              4.8719002
            ],
            [
              -74.0640397,
              4.8718385
            ],
            [
              -74.0640675,
              4.8717826
            ],
            [
              -74.0641116,
              4.8717273
            ],
            [
              -74.064144,
              4.8716998
            ],
            [
              -74.0642028,
              4.8716689
            ],
            [
              -74.0642629,
              4.8716583
            ],
            [
              -74.064333,
              4.8716516
            ],
            [
              -74.0644001,
              4.8716571
            ],
            [
              -74.064482,
              4.8716792
            ],
            [
              -74.0645136,
              4.8716976
            ],
            [
              -74.0645353,
              4.871726
            ],
            [
              -74.0645712,
              4.8717487
            ],
            [
              -74.064602,
              4.8717433
            ],
            [
              -74.0646266,
              4.871725
            ],
            [
              -74.06464,
              4.8717065
            ],
            [
              -74.0646436,
              4.8716892
            ],
            [
              -74.0646618,
              4.8716484
            ],
            [
              -74.0646885,
              4.8715828
            ],
            [
              -74.0647089,
              4.8715272
            ],
            [
              -74.0647129,
              4.8714706
            ],
            [
              -74.06469,
              4.8713977
            ],
            [
              -74.0646663,
              4.8713723
            ],
            [
              -74.0646326,
              4.8713417
            ],
            [
              -74.0645879,
              4.8713208
            ],
            [
              -74.0645523,
              4.8713143
            ],
            [
              -74.0644616,
              4.8712954
            ],
            [
              -74.0643963,
              4.8712769
            ],
            [
              -74.064358,
              4.8712605
            ],
            [
              -74.0643221,
              4.8712325
            ],
            [
              -74.064284,
              4.8711577
            ],
            [
              -74.0642287,
              4.8710143
            ],
            [
              -74.0642239,
              4.8709831
            ],
            [
              -74.0642147,
              4.8709457
            ],
            [
              -74.0642124,
              4.8709043
            ],
            [
              -74.0642187,
              4.8708689
            ],
            [
              -74.0642648,
              4.8708139
            ],
            [
              -74.0643444,
              4.8707714
            ],
            [
              -74.0644174,
              4.8707539
            ],
            [
              -74.0644996,
              4.8707603
            ],
            [
              -74.0645626,
              4.8707658
            ],
            [
              -74.0646043,
              4.8707451
            ],
            [
              -74.0646412,
              4.8707122
            ],
            [
              -74.0647003,
              4.8706488
            ],
            [
              -74.0647634,
              4.8705952
            ],
            [
              -74.0648518,
              4.8705452
            ],
            [
              -74.0649003,
              4.8705159
            ],
            [
              -74.0649636,
              4.8704887
            ],
            [
              -74.0650192,
              4.8704426
            ],
            [
              -74.0650477,
              4.870386
            ],
            [
              -74.0650769,
              4.8702904
            ],
            [
              -74.0650704,
              4.8701944
            ],
            [
              -74.0650468,
              4.8701241
            ],
            [
              -74.0650079,
              4.8700563
            ],
            [
              -74.0649498,
              4.8699791
            ],
            [
              -74.0648984,
              4.8699405
            ],
            [
              -74.0648378,
              4.8698963
            ],
            [
              -74.0647571,
              4.8698445
            ],
            [
              -74.0646983,
              4.8697934
            ],
            [
              -74.0646427,
              4.8697045
            ],
            [
              -74.0646067,
              4.8696096
            ],
            [
              -74.0646065,
              4.869554
            ],
            [
              -74.0646277,
              4.8695028
            ],
            [
              -74.0646653,
              4.8694722
            ],
            [
              -74.064782,
              4.8694474
            ],
            [
              -74.0648711,
              4.8694321
            ],
            [
              -74.0649673,
              4.8694113
            ],
            [
              -74.0650731,
              4.8693853
            ],
            [
              -74.0651736,
              4.8693421
            ],
            [
              -74.0653036,
              4.8692691
            ],
            [
              -74.0653484,
              4.8692263
            ],
            [
              -74.0654032,
              4.8692114
            ],
            [
              -74.0654578,
              4.8692084
            ],
            [
              -74.0655017,
              4.8692313
            ],
            [
              -74.0655252,
              4.8692706
            ],
            [
              -74.0655576,
              4.869351
            ],
            [
              -74.0655521,
              4.8693972
            ],
            [
              -74.0655173,
              4.869484
            ],
            [
              -74.0654889,
              4.8695328
            ],
            [
              -74.0654716,
              4.8695897
            ],
            [
              -74.0654696,
              4.8696675
            ],
            [
              -74.0654914,
              4.8697184
            ],
            [
              -74.0655211,
              4.8697678
            ],
            [
              -74.0655524,
              4.869779
            ],
            [
              -74.0655866,
              4.8698013
            ],
            [
              -74.0656644,
              4.8698261
            ],
            [
              -74.0657226,
              4.869812
            ],
            [
              -74.0657786,
              4.8698019
            ],
            [
              -74.0658414,
              4.8697701
            ],
            [
              -74.0658826,
              4.86974
            ],
            [
              -74.0658996,
              4.8697043
            ],
            [
              -74.065929,
              4.8696525
            ],
            [
              -74.0659565,
              4.8696145
            ],
            [
              -74.0659782,
              4.8695752
            ],
            [
              -74.0660041,
              4.8695061
            ],
            [
              -74.0660388,
              4.8694124
            ],
            [
              -74.0660471,
              4.8693333
            ],
            [
              -74.0660451,
              4.8692494
            ],
            [
              -74.06604,
              4.8691679
            ],
            [
              -74.0660193,
              4.8691176
            ],
            [
              -74.066007,
              4.8690018
            ],
            [
              -74.0659987,
              4.8689251
            ],
            [
              -74.0660085,
              4.868896
            ],
            [
              -74.0660299,
              4.8688584
            ],
            [
              -74.0660786,
              4.8688174
            ],
            [
              -74.0660881,
              4.8688094
            ],
            [
              -74.0661491,
              4.8687574
            ],
            [
              -74.0662001,
              4.8687196
            ],
            [
              -74.0662458,
              4.8686819
            ],
            [
              -74.0662497,
              4.8686554
            ],
            [
              -74.0662274,
              4.868596
            ],
            [
              -74.0661882,
              4.8685515
            ],
            [
              -74.0661837,
              4.8685209
            ],
            [
              -74.0661716,
              4.8684965
            ],
            [
              -74.0661451,
              4.8684794
            ],
            [
              -74.0661062,
              4.8684701
            ],
            [
              -74.0660254,
              4.8684574
            ],
            [
              -74.0659671,
              4.8684199
            ],
            [
              -74.0659243,
              4.8683848
            ],
            [
              -74.0659061,
              4.8683589
            ],
            [
              -74.0658938,
              4.8682963
            ],
            [
              -74.0658827,
              4.8682
            ],
            [
              -74.0658683,
              4.8681274
            ],
            [
              -74.0658551,
              4.8680651
            ],
            [
              -74.0658642,
              4.8679951
            ],
            [
              -74.0658825,
              4.8679267
            ],
            [
              -74.0659103,
              4.8678672
            ],
            [
              -74.0659445,
              4.8678218
            ],
            [
              -74.0660052,
              4.8677696
            ],
            [
              -74.0660081,
              4.867702
            ],
            [
              -74.0660044,
              4.8676711
            ],
            [
              -74.0659289,
              4.8676614
            ],
            [
              -74.0657992,
              4.8676576
            ],
            [
              -74.0656185,
              4.8676114
            ],
            [
              -74.0655038,
              4.8675536
            ],
            [
              -74.0654364,
              4.8675116
            ],
            [
              -74.065385,
              4.867455
            ],
            [
              -74.0653607,
              4.8674087
            ],
            [
              -74.0653626,
              4.8673531
            ],
            [
              -74.0653716,
              4.8673154
            ],
            [
              -74.065399,
              4.8672675
            ],
            [
              -74.0654644,
              4.8672057
            ],
            [
              -74.0655312,
              4.8671625
            ],
            [
              -74.0655914,
              4.8671427
            ],
            [
              -74.0656549,
              4.8671483
            ],
            [
              -74.065719,
              4.8671942
            ],
            [
              -74.0657559,
              4.8672285
            ],
            [
              -74.0658231,
              4.8672771
            ],
            [
              -74.065885,
              4.8672808
            ],
            [
              -74.0659365,
              4.8672696
            ],
            [
              -74.0659656,
              4.8672524
            ],
            [
              -74.0659879,
              4.8672307
            ],
            [
              -74.0659954,
              4.8671904
            ],
            [
              -74.0659904,
              4.8671351
            ],
            [
              -74.0659884,
              4.8670419
            ],
            [
              -74.0660004,
              4.866965
            ],
            [
              -74.0660111,
              4.8669368
            ],
            [
              -74.0660392,
              4.8669007
            ],
            [
              -74.0660726,
              4.8668217
            ],
            [
              -74.0661207,
              4.8666717
            ],
            [
              -74.0661492,
              4.8665123
            ],
            [
              -74.0661481,
              4.8663822
            ],
            [
              -74.0661392,
              4.8663372
            ],
            [
              -74.0661197,
              4.8663016
            ],
            [
              -74.0660611,
              4.8662497
            ],
            [
              -74.0659854,
              4.8662168
            ],
            [
              -74.0659573,
              4.8662016
            ],
            [
              -74.0659277,
              4.8661878
            ],
            [
              -74.0659116,
              4.8661582
            ],
            [
              -74.0659089,
              4.866118
            ],
            [
              -74.0658847,
              4.8659972
            ],
            [
              -74.0658979,
              4.8659266
            ],
            [
              -74.065973,
              4.8658898
            ],
            [
              -74.0660601,
              4.865889
            ],
            [
              -74.0661431,
              4.8659116
            ],
            [
              -74.0663112,
              4.8659635
            ],
            [
              -74.0664686,
              4.8660214
            ],
            [
              -74.0665153,
              4.8660263
            ],
            [
              -74.0665796,
              4.8660161
            ],
            [
              -74.0666412,
              4.8659925
            ],
            [
              -74.0667472,
              4.8659318
            ],
            [
              -74.0667955,
              4.8659085
            ],
            [
              -74.0668546,
              4.8658445
            ],
            [
              -74.0669084,
              4.8657727
            ],
            [
              -74.0669517,
              4.8657066
            ],
            [
              -74.0669927,
              4.8656331
            ],
            [
              -74.0669932,
              4.8655801
            ],
            [
              -74.0669641,
              4.865527
            ],
            [
              -74.0669255,
              4.865447
            ],
            [
              -74.06693,
              4.8653672
            ],
            [
              -74.0669418,
              4.8652702
            ],
            [
              -74.0669693,
              4.8651833
            ],
            [
              -74.0669948,
              4.8651457
            ],
            [
              -74.0670305,
              4.8651285
            ],
            [
              -74.0670782,
              4.865128
            ],
            [
              -74.0671556,
              4.8651264
            ],
            [
              -74.0672205,
              4.8651057
            ],
            [
              -74.067255,
              4.8650603
            ],
            [
              -74.0673052,
              4.8649789
            ],
            [
              -74.0673762,
              4.8648976
            ],
            [
              -74.0674163,
              4.8648099
            ],
            [
              -74.0674246,
              4.864749
            ],
            [
              -74.0674088,
              4.8646847
            ],
            [
              -74.0673718,
              4.8645735
            ],
            [
              -74.0673098,
              4.8645041
            ],
            [
              -74.0672315,
              4.8644228
            ],
            [
              -74.0671634,
              4.8643497
            ],
            [
              -74.0671238,
              4.8642756
            ],
            [
              -74.0671075,
              4.864185
            ],
            [
              -74.0670714,
              4.8640627
            ],
            [
              -74.0670239,
              4.863883
            ],
            [
              -74.0668887,
              4.8631667
            ],
            [
              -74.0668565,
              4.8630603
            ],
            [
              -74.0668427,
              4.8630354
            ],
            [
              -74.0668285,
              4.8630133
            ],
            [
              -74.066778,
              4.8629845
            ],
            [
              -74.0666648,
              4.862891
            ],
            [
              -74.0665471,
              4.8628212
            ],
            [
              -74.0664595,
              4.8627715
            ],
            [
              -74.0664004,
              4.8627393
            ],
            [
              -74.0663602,
              4.8626669
            ],
            [
              -74.0663404,
              4.8626098
            ],
            [
              -74.0663385,
              4.8625953
            ],
            [
              -74.0663424,
              4.8625816
            ],
            [
              -74.0663689,
              4.8625453
            ],
            [
              -74.0663957,
              4.8624947
            ],
            [
              -74.0664357,
              4.8624634
            ],
            [
              -74.0664905,
              4.8624395
            ],
            [
              -74.0665442,
              4.8624077
            ],
            [
              -74.0665993,
              4.8623719
            ],
            [
              -74.066666,
              4.8623488
            ],
            [
              -74.0667686,
              4.8623017
            ],
            [
              -74.0667955,
              4.8623034
            ],
            [
              -74.0668214,
              4.8623094
            ],
            [
              -74.0668369,
              4.8623222
            ],
            [
              -74.0668544,
              4.8623373
            ],
            [
              -74.0669015,
              4.8623893
            ],
            [
              -74.0669711,
              4.8624429
            ],
            [
              -74.0670149,
              4.8624584
            ],
            [
              -74.0670518,
              4.8624641
            ],
            [
              -74.0670941,
              4.8624533
            ],
            [
              -74.0671575,
              4.8624291
            ],
            [
              -74.0672143,
              4.8623957
            ],
            [
              -74.0673142,
              4.8623264
            ],
            [
              -74.0673452,
              4.8622981
            ],
            [
              -74.0673649,
              4.8622752
            ],
            [
              -74.0673755,
              4.8622564
            ],
            [
              -74.0673752,
              4.8622291
            ],
            [
              -74.0673708,
              4.8622016
            ],
            [
              -74.0673571,
              4.8621749
            ],
            [
              -74.0673303,
              4.8621326
            ],
            [
              -74.0672873,
              4.862045
            ],
            [
              -74.0671929,
              4.8617667
            ],
            [
              -74.067186,
              4.8617203
            ],
            [
              -74.0671903,
              4.8616774
            ],
            [
              -74.0672487,
              4.8613382
            ],
            [
              -74.0673263,
              4.8609807
            ],
            [
              -74.0673417,
              4.8609119
            ],
            [
              -74.0673844,
              4.8608181
            ],
            [
              -74.0674805,
              4.8606279
            ],
            [
              -74.0675026,
              4.8605493
            ],
            [
              -74.0674988,
              4.860527
            ],
            [
              -74.067478,
              4.8604988
            ],
            [
              -74.0674543,
              4.8604837
            ],
            [
              -74.0674162,
              4.8604761
            ],
            [
              -74.0673802,
              4.8604752
            ],
            [
              -74.0673441,
              4.8604651
            ],
            [
              -74.0672541,
              4.860412
            ],
            [
              -74.0671966,
              4.8603657
            ],
            [
              -74.0671727,
              4.8603268
            ],
            [
              -74.0671619,
              4.8602789
            ],
            [
              -74.0671778,
              4.8602364
            ],
            [
              -74.067218,
              4.8601624
            ],
            [
              -74.0672511,
              4.8601236
            ],
            [
              -74.0672985,
              4.8600916
            ],
            [
              -74.0673605,
              4.8600544
            ],
            [
              -74.0674495,
              4.8600163
            ],
            [
              -74.0676128,
              4.8599501
            ],
            [
              -74.0676935,
              4.8599068
            ],
            [
              -74.0677508,
              4.8598649
            ],
            [
              -74.0677992,
              4.8598092
            ],
            [
              -74.0678437,
              4.8597263
            ],
            [
              -74.0678562,
              4.8596541
            ],
            [
              -74.0678397,
              4.859581
            ],
            [
              -74.0677871,
              4.8594661
            ],
            [
              -74.0676304,
              4.8592584
            ],
            [
              -74.0675505,
              4.8591345
            ],
            [
              -74.0675331,
              4.8590228
            ],
            [
              -74.067522,
              4.8588794
            ],
            [
              -74.0675346,
              4.8587646
            ],
            [
              -74.0675528,
              4.8586675
            ],
            [
              -74.0675782,
              4.8585765
            ],
            [
              -74.0675984,
              4.8585043
            ],
            [
              -74.0676449,
              4.8584271
            ],
            [
              -74.0676778,
              4.8583599
            ],
            [
              -74.0677176,
              4.8582787
            ],
            [
              -74.0678085,
              4.8580562
            ],
            [
              -74.067885,
              4.8578312
            ],
            [
              -74.0679709,
              4.8576116
            ],
            [
              -74.0680453,
              4.8574387
            ],
            [
              -74.0680819,
              4.8573136
            ],
            [
              -74.0680891,
              4.8571937
            ],
            [
              -74.0680821,
              4.8571317
            ],
            [
              -74.0680617,
              4.8570553
            ],
            [
              -74.0680144,
              4.856901
            ],
            [
              -74.0679636,
              4.8567857
            ],
            [
              -74.0679028,
              4.8566537
            ],
            [
              -74.0678452,
              4.8565315
            ],
            [
              -74.0677885,
              4.8564035
            ],
            [
              -74.0677539,
              4.8563325
            ],
            [
              -74.067711,
              4.8562313
            ],
            [
              -74.067644,
              4.8560842
            ],
            [
              -74.0675957,
              4.8559398
            ],
            [
              -74.0674908,
              4.8556929
            ],
            [
              -74.0674671,
              4.8556128
            ],
            [
              -74.0674406,
              4.8555271
            ],
            [
              -74.0674294,
              4.8554669
            ],
            [
              -74.0674279,
              4.8554242
            ],
            [
              -74.0674275,
              4.8553447
            ],
            [
              -74.0674492,
              4.855202
            ],
            [
              -74.067483,
              4.8550904
            ],
            [
              -74.067502,
              4.8549327
            ],
            [
              -74.0675051,
              4.8548469
            ],
            [
              -74.0675102,
              4.8547645
            ],
            [
              -74.0675296,
              4.8546444
            ],
            [
              -74.0675137,
              4.8545563
            ],
            [
              -74.067523,
              4.8545071
            ],
            [
              -74.0675524,
              4.8544539
            ],
            [
              -74.0676304,
              4.8543435
            ],
            [
              -74.0676635,
              4.8542928
            ],
            [
              -74.0677286,
              4.8542431
            ],
            [
              -74.0678231,
              4.854171
            ],
            [
              -74.0678416,
              4.8541433
            ],
            [
              -74.0678471,
              4.8540933
            ],
            [
              -74.0678568,
              4.8540162
            ],
            [
              -74.067854,
              4.853959
            ],
            [
              -74.0678525,
              4.8539128
            ],
            [
              -74.0678489,
              4.8538548
            ],
            [
              -74.0678438,
              4.8537941
            ],
            [
              -74.0678409,
              4.8536991
            ],
            [
              -74.067842,
              4.8536179
            ],
            [
              -74.0678341,
              4.853561
            ],
            [
              -74.0678662,
              4.8534732
            ],
            [
              -74.0678898,
              4.8534449
            ],
            [
              -74.0679365,
              4.8534138
            ],
            [
              -74.0680091,
              4.8533947
            ],
            [
              -74.0680803,
              4.8533785
            ],
            [
              -74.0681695,
              4.8533753
            ],
            [
              -74.0682914,
              4.8533824
            ],
            [
              -74.0683832,
              4.8533984
            ],
            [
              -74.0685083,
              4.8534304
            ],
            [
              -74.0685786,
              4.8534141
            ],
            [
              -74.0685988,
              4.8533883
            ],
            [
              -74.0686088,
              4.8533685
            ],
            [
              -74.0686111,
              4.853337
            ],
            [
              -74.0686108,
              4.8533072
            ],
            [
              -74.0686057,
              4.8532849
            ],
            [
              -74.0685955,
              4.8532511
            ],
            [
              -74.0685755,
              4.8531924
            ],
            [
              -74.0685621,
              4.8531471
            ],
            [
              -74.0685335,
              4.85308
            ],
            [
              -74.0685011,
              4.8530287
            ],
            [
              -74.068464,
              4.8529871
            ],
            [
              -74.0684293,
              4.8529517
            ],
            [
              -74.0684042,
              4.8529192
            ],
            [
              -74.0683689,
              4.8528846
            ],
            [
              -74.0683495,
              4.8528602
            ],
            [
              -74.0683227,
              4.8528207
            ],
            [
              -74.0683303,
              4.8527722
            ],
            [
              -74.0683481,
              4.8527503
            ],
            [
              -74.0683788,
              4.8527322
            ],
            [
              -74.0683139,
              4.852639
            ]
          ]
        ]
      },
      "id": "relation/7081146"
    },
    {
      "type": "Feature",
      "properties": {
        "@id": "relation/10687625",
        "admin_level": "6",
        "boundary": "administrative",
        "divipola": "25175",
        "entidad_te": "Municipio",
        "name": "Chía",
        "subject:wikidata": "Q1093102",
        "subject:wikipedia": "es:Chía (Colombia)",
        "type": "boundary"
      },
      "geometry": {
        "type": "Polygon",
        "coordinates": [
          [
            [
              -74.0554583,
              4.8296977
            ],
            [
              -74.054915,
              4.8302153
            ],
            [
              -74.0545182,
              4.8305823
            ],
            [
              -74.0541903,
              4.8309193
            ],
            [
              -74.0538973,
              4.8313601
            ],
            [
              -74.0537444,
              4.8317088
            ],
            [
              -74.053641,
              4.8320653
            ],
            [
              -74.0536451,
              4.8323784
            ],
            [
              -74.0536384,
              4.832655
            ],
            [
              -74.0536331,
              4.8329035
            ],
            [
              -74.0535365,
              4.8330799
            ],
            [
              -74.0533125,
              4.833243
            ],
            [
              -74.0530745,
              4.8332542
            ],
            [
              -74.0529458,
              4.833237
            ],
            [
              -74.0527312,
              4.8331686
            ],
            [
              -74.0525595,
              4.8330746
            ],
            [
              -74.0522935,
              4.8328949
            ],
            [
              -74.0520961,
              4.8327667
            ],
            [
              -74.0519416,
              4.8326042
            ],
            [
              -74.0516497,
              4.8323134
            ],
            [
              -74.0514497,
              4.8321231
            ],
            [
              -74.0513064,
              4.8319627
            ],
            [
              -74.0510823,
              4.8316941
            ],
            [
              -74.0509173,
              4.8314964
            ],
            [
              -74.0506518,
              4.8311529
            ],
            [
              -74.0503795,
              4.8309271
            ],
            [
              -74.0500361,
              4.8307739
            ],
            [
              -74.0497271,
              4.8306371
            ],
            [
              -74.0494696,
              4.8305858
            ],
            [
              -74.0491263,
              4.8306029
            ],
            [
              -74.048911,
              4.8306812
            ],
            [
              -74.0487032,
              4.8307213
            ],
            [
              -74.0484189,
              4.8307614
            ],
            [
              -74.0481908,
              4.8307739
            ],
            [
              -74.0479419,
              4.8307739
            ],
            [
              -74.0476672,
              4.8306627
            ],
            [
              -74.0475192,
              4.8305957
            ],
            [
              -74.0471951,
              4.8304489
            ],
            [
              -74.0469291,
              4.8303292
            ],
            [
              -74.0465943,
              4.8301923
            ],
            [
              -74.0463025,
              4.8301111
            ],
            [
              -74.0460558,
              4.8301306
            ],
            [
              -74.0458533,
              4.8302108
            ],
            [
              -74.0455891,
              4.8303738
            ],
            [
              -74.0451787,
              4.8306598
            ],
            [
              -74.0450124,
              4.8308442
            ],
            [
              -74.0448461,
              4.8311489
            ],
            [
              -74.0447406,
              4.8314989
            ],
            [
              -74.0446762,
              4.8318624
            ],
            [
              -74.0445153,
              4.8323755
            ],
            [
              -74.04447,
              4.832487
            ],
            [
              -74.0443807,
              4.8326912
            ],
            [
              -74.0443329,
              4.8328032
            ],
            [
              -74.0441408,
              4.8331205
            ],
            [
              -74.0440281,
              4.8330893
            ],
            [
              -74.0439187,
              4.8329926
            ],
            [
              -74.0438487,
              4.8329384
            ],
            [
              -74.0435481,
              4.832467
            ],
            [
              -74.0431786,
              4.831959
            ],
            [
              -74.0427278,
              4.831336
            ],
            [
              -74.0424105,
              4.8308967
            ],
            [
              -74.0418158,
              4.8300704
            ],
            [
              -74.0410598,
              4.8290301
            ],
            [
              -74.0410075,
              4.8289186
            ],
            [
              -74.040982,
              4.8288232
            ],
            [
              -74.0408195,
              4.827213
            ],
            [
              -74.0407678,
              4.8268604
            ],
            [
              -74.0406806,
              4.8268568
            ],
            [
              -74.0405947,
              4.8268397
            ],
            [
              -74.0403513,
              4.8267806
            ],
            [
              -74.0400025,
              4.8266858
            ],
            [
              -74.03932,
              4.8265303
            ],
            [
              -74.0388095,
              4.8264121
            ],
            [
              -74.038449,
              4.8263351
            ],
            [
              -74.0379769,
              4.8262496
            ],
            [
              -74.0375308,
              4.8261592
            ],
            [
              -74.0370421,
              4.8260636
            ],
            [
              -74.0366637,
              4.825993
            ],
            [
              -74.0357548,
              4.8258169
            ],
            [
              -74.0352438,
              4.8257314
            ],
            [
              -74.0347923,
              4.8256491
            ],
            [
              -74.034504,
              4.8256021
            ],
            [
              -74.0342643,
              4.8255643
            ],
            [
              -74.0341529,
              4.8255467
            ],
            [
              -74.0338129,
              4.8254962
            ],
            [
              -74.03355,
              4.8252129
            ],
            [
              -74.0329278,
              4.8245607
            ],
            [
              -74.0323913,
              4.824069
            ],
            [
              -74.0317583,
              4.8236948
            ],
            [
              -74.0314231,
              4.8234743
            ],
            [
              -74.0310609,
              4.8234596
            ],
            [
              -74.0306318,
              4.8234489
            ],
            [
              -74.0304601,
              4.8234382
            ],
            [
              -74.0302476,
              4.8234848
            ],
            [
              -74.0299666,
              4.8234435
            ],
            [
              -74.0297252,
              4.8234489
            ],
            [
              -74.0295696,
              4.8234649
            ],
            [
              -74.0293711,
              4.8234703
            ],
            [
              -74.0291405,
              4.8234917
            ],
            [
              -74.0287864,
              4.8234435
            ],
            [
              -74.0285718,
              4.8234489
            ],
            [
              -74.0281051,
              4.8234115
            ],
            [
              -74.0275955,
              4.8233527
            ],
            [
              -74.02722,
              4.823342
            ],
            [
              -74.0268822,
              4.8233027
            ],
            [
              -74.0263188,
              4.8232672
            ],
            [
              -74.0261096,
              4.8232778
            ],
            [
              -74.0258145,
              4.8232618
            ],
            [
              -74.0254927,
              4.8231495
            ],
            [
              -74.0253854,
              4.8230587
            ],
            [
              -74.0252137,
              4.8228823
            ],
            [
              -74.0251708,
              4.8226792
            ],
            [
              -74.0250438,
              4.8223919
            ],
            [
              -74.0247274,
              4.8221391
            ],
            [
              -74.0243983,
              4.8220163
            ],
            [
              -74.0242052,
              4.8219415
            ],
            [
              -74.0239906,
              4.8218827
            ],
            [
              -74.0237346,
              4.8217996
            ],
            [
              -74.0235244,
              4.8218151
            ],
            [
              -74.0232339,
              4.8218615
            ],
            [
              -74.022941,
              4.8219839
            ],
            [
              -74.0226764,
              4.8222408
            ],
            [
              -74.0224189,
              4.8223638
            ],
            [
              -74.0221212,
              4.8224679
            ],
            [
              -74.0216429,
              4.8224973
            ],
            [
              -74.0214022,
              4.8224695
            ],
            [
              -74.0212439,
              4.822482
            ],
            [
              -74.0211355,
              4.822409
            ],
            [
              -74.0210432,
              4.822411
            ],
            [
              -74.020955,
              4.8224025
            ],
            [
              -74.0207848,
              4.8223569
            ],
            [
              -74.0205991,
              4.8222704
            ],
            [
              -74.0203858,
              4.8222408
            ],
            [
              -74.0199781,
              4.8221125
            ],
            [
              -74.0197206,
              4.8219736
            ],
            [
              -74.0192807,
              4.8218025
            ],
            [
              -74.0188515,
              4.8216956
            ],
            [
              -74.0185709,
              4.8214823
            ],
            [
              -74.0181842,
              4.8214245
            ],
            [
              -74.0178298,
              4.8213464
            ],
            [
              -74.0175927,
              4.8212264
            ],
            [
              -74.0173076,
              4.8211726
            ],
            [
              -74.0170868,
              4.8210961
            ],
            [
              -74.0168246,
              4.8210472
            ],
            [
              -74.0158051,
              4.8211789
            ],
            [
              -74.0151856,
              4.8213599
            ],
            [
              -74.0148389,
              4.8215032
            ],
            [
              -74.0141416,
              4.8214925
            ],
            [
              -74.0138197,
              4.8215032
            ],
            [
              -74.0134717,
              4.8214397
            ],
            [
              -74.0131867,
              4.8216315
            ],
            [
              -74.0128219,
              4.8215887
            ],
            [
              -74.0124286,
              4.8215231
            ],
            [
              -74.0117705,
              4.8215245
            ],
            [
              -74.011395,
              4.8215459
            ],
            [
              -74.0107083,
              4.8213642
            ],
            [
              -74.0103543,
              4.8213214
            ],
            [
              -74.0099466,
              4.8211931
            ],
            [
              -74.0095067,
              4.8209259
            ],
            [
              -74.0088737,
              4.8207227
            ],
            [
              -74.0079832,
              4.8209686
            ],
            [
              -74.0072537,
              4.8215139
            ],
            [
              -74.0069962,
              4.8218346
            ],
            [
              -74.0066958,
              4.8222836
            ],
            [
              -74.0063279,
              4.8233437
            ],
            [
              -74.0062432,
              4.8245994
            ],
            [
              -74.0059428,
              4.8267803
            ],
            [
              -74.0052776,
              4.8296668
            ],
            [
              -74.0044193,
              4.8318263
            ],
            [
              -74.0042262,
              4.8333444
            ],
            [
              -74.0039472,
              4.8348411
            ],
            [
              -74.0030675,
              4.8368295
            ],
            [
              -74.00178,
              4.8384759
            ],
            [
              -74.0004282,
              4.8401222
            ],
            [
              -74.0004282,
              4.8414693
            ],
            [
              -74.0004282,
              4.8433722
            ],
            [
              -74.0001921,
              4.8450399
            ],
            [
              -73.9995913,
              4.8469856
            ],
            [
              -73.9975314,
              4.8481615
            ],
            [
              -73.9959435,
              4.8490809
            ],
            [
              -73.9949102,
              4.8508058
            ],
            [
              -73.9948251,
              4.8525028
            ],
            [
              -73.9938202,
              4.8544204
            ],
            [
              -73.9935052,
              4.8555404
            ],
            [
              -73.9926792,
              4.8569744
            ],
            [
              -73.9919298,
              4.8578823
            ],
            [
              -73.9916573,
              4.859452
            ],
            [
              -73.9911123,
              4.8611574
            ],
            [
              -73.9906184,
              4.8624641
            ],
            [
              -73.9900649,
              4.8638387
            ],
            [
              -73.9899201,
              4.8655526
            ],
            [
              -73.9899287,
              4.8672326
            ],
            [
              -73.9895966,
              4.869235
            ],
            [
              -73.9894773,
              4.8707198
            ],
            [
              -73.9891282,
              4.8721877
            ],
            [
              -73.9888216,
              4.8736979
            ],
            [
              -73.9886769,
              4.87503
            ],
            [
              -73.988217,
              4.8759634
            ],
            [
              -73.9872122,
              4.8774651
            ],
            [
              -73.9873314,
              4.8781015
            ],
            [
              -73.9876891,
              4.8788651
            ],
            [
              -73.9868801,
              4.8791281
            ],
            [
              -73.9863011,
              4.8800275
            ],
            [
              -73.9855943,
              4.8815547
            ],
            [
              -73.9858923,
              4.8821317
            ],
            [
              -73.985722,
              4.8828868
            ],
            [
              -73.9852281,
              4.8837353
            ],
            [
              -73.9856624,
              4.8843971
            ],
            [
              -73.9860541,
              4.8852625
            ],
            [
              -73.9860541,
              4.88578
            ],
            [
              -73.9858072,
              4.886637
            ],
            [
              -73.9854325,
              4.8876636
            ],
            [
              -73.9856028,
              4.8890551
            ],
            [
              -73.9852111,
              4.8904805
            ],
            [
              -73.984598,
              4.8914901
            ],
            [
              -73.9846491,
              4.8930513
            ],
            [
              -73.9839252,
              4.89485
            ],
            [
              -73.9837209,
              4.8959275
            ],
            [
              -73.9836187,
              4.8965808
            ],
            [
              -73.9833462,
              4.897811
            ],
            [
              -73.9832899,
              4.8986325
            ],
            [
              -73.9831934,
              4.8994663
            ],
            [
              -73.9828715,
              4.9003856
            ],
            [
              -73.982378,
              4.9007383
            ],
            [
              -73.981584,
              4.901679
            ],
            [
              -73.9813373,
              4.9025876
            ],
            [
              -73.9821538,
              4.9026994
            ],
            [
              -73.9828386,
              4.9027189
            ],
            [
              -73.983758,
              4.9026799
            ],
            [
              -73.9844525,
              4.9031672
            ],
            [
              -73.9845504,
              4.9035863
            ],
            [
              -73.9855872,
              4.9037617
            ],
            [
              -73.9864871,
              4.9033329
            ],
            [
              -73.9873479,
              4.9026507
            ],
            [
              -73.988375,
              4.9028261
            ],
            [
              -73.9893434,
              4.9030308
            ],
            [
              -73.9898618,
              4.9031965
            ],
            [
              -73.9903314,
              4.9035571
            ],
            [
              -73.9911824,
              4.9037617
            ],
            [
              -73.9916519,
              4.9041321
            ],
            [
              -73.9917008,
              4.9045706
            ],
            [
              -73.992229,
              4.9049897
            ],
            [
              -73.9932365,
              4.9054868
            ],
            [
              -73.9942538,
              4.9057791
            ],
            [
              -73.9950559,
              4.9062372
            ],
            [
              -73.9953005,
              4.9064516
            ],
            [
              -73.9957309,
              4.9066075
            ],
            [
              -73.9960537,
              4.9065393
            ],
            [
              -73.9965036,
              4.906666
            ],
            [
              -73.9967971,
              4.9071241
            ],
            [
              -73.9968558,
              4.9076016
            ],
            [
              -73.9970123,
              4.9080012
            ],
            [
              -73.9973644,
              4.908352
            ],
            [
              -73.9978242,
              4.9087906
            ],
            [
              -73.9985969,
              4.9089758
            ],
            [
              -73.9991056,
              4.9092292
            ],
            [
              -73.9998979,
              4.9094826
            ],
            [
              -74.0004457,
              4.9095703
            ],
            [
              -74.0006706,
              4.9097165
            ],
            [
              -74.0010423,
              4.9096677
            ],
            [
              -74.0013651,
              4.9097749
            ],
            [
              -74.0016174,
              4.9098582
            ],
            [
              -74.0015164,
              4.9101861
            ],
            [
              -74.00098,
              4.9117548
            ],
            [
              -74.0004956,
              4.9131955
            ],
            [
              -74.0058933,
              4.9177189
            ],
            [
              -74.0062144,
              4.9179233
            ],
            [
              -74.006449,
              4.9178744
            ],
            [
              -74.0064302,
              4.9177248
            ],
            [
              -74.0063632,
              4.9174536
            ],
            [
              -74.0062746,
              4.9171409
            ],
            [
              -74.0061848,
              4.9167454
            ],
            [
              -74.0060037,
              4.9157727
            ],
            [
              -74.0058213,
              4.9148935
            ],
            [
              -74.0057918,
              4.9146997
            ],
            [
              -74.005761,
              4.9145314
            ],
            [
              -74.0057422,
              4.9144178
            ],
            [
              -74.005757,
              4.9142922
            ],
            [
              -74.0057811,
              4.91418
            ],
            [
              -74.0058026,
              4.9140971
            ],
            [
              -74.0058374,
              4.9139942
            ],
            [
              -74.005879,
              4.9138927
            ],
            [
              -74.0059273,
              4.9138125
            ],
            [
              -74.0059756,
              4.9137537
            ],
            [
              -74.0060453,
              4.9136896
            ],
            [
              -74.0061218,
              4.9136361
            ],
            [
              -74.0062706,
              4.9135934
            ],
            [
              -74.0064168,
              4.9135626
            ],
            [
              -74.0065576,
              4.9135573
            ],
            [
              -74.0066931,
              4.9135506
            ],
            [
              -74.0068151,
              4.913552
            ],
            [
              -74.0069371,
              4.913588
            ],
            [
              -74.0070619,
              4.9136401
            ],
            [
              -74.0072161,
              4.9137203
            ],
            [
              -74.0073529,
              4.9137911
            ],
            [
              -74.0074709,
              4.91387
            ],
            [
              -74.0075943,
              4.9139555
            ],
            [
              -74.007778,
              4.9140971
            ],
            [
              -74.0079644,
              4.9142267
            ],
            [
              -74.0081012,
              4.9142989
            ],
            [
              -74.0082581,
              4.9143857
            ],
            [
              -74.0084218,
              4.9144579
            ],
            [
              -74.0085049,
              4.9144926
            ],
            [
              -74.0086162,
              4.91453
            ],
            [
              -74.0087758,
              4.9145701
            ],
            [
              -74.0088871,
              4.9145701
            ],
            [
              -74.0090078,
              4.9145594
            ],
            [
              -74.0091124,
              4.9145287
            ],
            [
              -74.0092117,
              4.9144846
            ],
            [
              -74.0092935,
              4.9144352
            ],
            [
              -74.0094101,
              4.9144004
            ],
            [
              -74.0095402,
              4.9143537
            ],
            [
              -74.0096274,
              4.9142842
            ],
            [
              -74.0097159,
              4.9142107
            ],
            [
              -74.0098111,
              4.9141519
            ],
            [
              -74.0099104,
              4.9140797
            ],
            [
              -74.0100351,
              4.9139728
            ],
            [
              -74.0100874,
              4.91387
            ],
            [
              -74.0101464,
              4.9137323
            ],
            [
              -74.0101947,
              4.9135987
            ],
            [
              -74.0102202,
              4.9134771
            ],
            [
              -74.0102148,
              4.9133689
            ],
            [
              -74.010196,
              4.9132553
            ],
            [
              -74.0101638,
              4.9131885
            ],
            [
              -74.0101129,
              4.913127
            ],
            [
              -74.0100284,
              4.9131043
            ],
            [
              -74.0099359,
              4.913095
            ],
            [
              -74.0098245,
              4.9131003
            ],
            [
              -74.0096971,
              4.913127
            ],
            [
              -74.0095483,
              4.9131498
            ],
            [
              -74.0094276,
              4.9131725
            ],
            [
              -74.0092599,
              4.9132086
            ],
            [
              -74.0091513,
              4.9132299
            ],
            [
              -74.0090346,
              4.9132567
            ],
            [
              -74.0089287,
              4.9132714
            ],
            [
              -74.0087932,
              4.913282
            ],
            [
              -74.0086605,
              4.913274
            ],
            [
              -74.0085518,
              4.9132553
            ],
            [
              -74.0083963,
              4.9132019
            ],
            [
              -74.00823,
              4.913107
            ],
            [
              -74.0081616,
              4.9130629
            ],
            [
              -74.0080087,
              4.9129333
            ],
            [
              -74.0077713,
              4.9127128
            ],
            [
              -74.0076023,
              4.9125512
            ],
            [
              -74.0074763,
              4.9124028
            ],
            [
              -74.0073569,
              4.9122291
            ],
            [
              -74.0072671,
              4.9120755
            ],
            [
              -74.0072201,
              4.9119165
            ],
            [
              -74.0072148,
              4.9117575
            ],
            [
              -74.0072241,
              4.9116265
            ],
            [
              -74.0072845,
              4.9115343
            ],
            [
              -74.0073797,
              4.9114448
            ],
            [
              -74.0075004,
              4.9113833
            ],
            [
              -74.0075983,
              4.9113579
            ],
            [
              -74.0077056,
              4.9113419
            ],
            [
              -74.0078223,
              4.9113433
            ],
            [
              -74.0079604,
              4.911366
            ],
            [
              -74.0081415,
              4.9113954
            ],
            [
              -74.0082742,
              4.911398
            ],
            [
              -74.008415,
              4.9113914
            ],
            [
              -74.0086135,
              4.9113847
            ],
            [
              -74.0087195,
              4.9113459
            ],
            [
              -74.0088549,
              4.9112791
            ],
            [
              -74.0090092,
              4.911211
            ],
            [
              -74.0091218,
              4.9111402
            ],
            [
              -74.0092197,
              4.9110653
            ],
            [
              -74.0092787,
              4.9109852
            ],
            [
              -74.0093283,
              4.9108943
            ],
            [
              -74.0093377,
              4.9108008
            ],
            [
              -74.0093015,
              4.9106645
            ],
            [
              -74.0092197,
              4.9105322
            ],
            [
              -74.0091379,
              4.910444
            ],
            [
              -74.0090011,
              4.9103799
            ],
            [
              -74.0088844,
              4.9103438
            ],
            [
              -74.0087503,
              4.9103371
            ],
            [
              -74.0085867,
              4.9103398
            ],
            [
              -74.0084539,
              4.9103384
            ],
            [
              -74.0083158,
              4.9103718
            ],
            [
              -74.0082528,
              4.9104039
            ],
            [
              -74.0081589,
              4.910456
            ],
            [
              -74.0080422,
              4.9104801
            ],
            [
              -74.0079215,
              4.9104921
            ],
            [
              -74.0078035,
              4.9104921
            ],
            [
              -74.00766,
              4.9104948
            ],
            [
              -74.0074736,
              4.9104574
            ],
            [
              -74.0072832,
              4.9103999
            ],
            [
              -74.0070297,
              4.9103024
            ],
            [
              -74.0068218,
              4.9102035
            ],
            [
              -74.0066448,
              4.9100939
            ],
            [
              -74.0064892,
              4.909967
            ],
            [
              -74.0063471,
              4.9098668
            ],
            [
              -74.0062425,
              4.9097332
            ],
            [
              -74.0061955,
              4.9096236
            ],
            [
              -74.0061378,
              4.9094405
            ],
            [
              -74.0061285,
              4.9091773
            ],
            [
              -74.0060896,
              4.9089314
            ],
            [
              -74.0060346,
              4.908731
            ],
            [
              -74.0060078,
              4.9085453
            ],
            [
              -74.0060252,
              4.9084063
            ],
            [
              -74.0060601,
              4.9082567
            ],
            [
              -74.0060386,
              4.9081565
            ],
            [
              -74.0060681,
              4.9080643
            ],
            [
              -74.0061003,
              4.9079346
            ],
            [
              -74.0061151,
              4.9077596
            ],
            [
              -74.0061083,
              4.9076273
            ],
            [
              -74.0060896,
              4.9075017
            ],
            [
              -74.0060158,
              4.9073935
            ],
            [
              -74.005942,
              4.9073147
            ],
            [
              -74.005879,
              4.9072853
            ],
            [
              -74.0057583,
              4.9072906
            ],
            [
              -74.0056416,
              4.9073173
            ],
            [
              -74.0055411,
              4.9073708
            ],
            [
              -74.0054512,
              4.9074469
            ],
            [
              -74.00536,
              4.9075378
            ],
            [
              -74.0052581,
              4.9076514
            ],
            [
              -74.0050851,
              4.9078411
            ],
            [
              -74.0050073,
              4.9078959
            ],
            [
              -74.0049201,
              4.9079547
            ],
            [
              -74.0048102,
              4.9079934
            ],
            [
              -74.0046814,
              4.9079988
            ],
            [
              -74.0045527,
              4.907944
            ],
            [
              -74.0044279,
              4.9078505
            ],
            [
              -74.0041745,
              4.9077837
            ],
            [
              -74.0039653,
              4.9077249
            ],
            [
              -74.003862,
              4.9077035
            ],
            [
              -74.0037078,
              4.9076447
            ],
            [
              -74.0035965,
              4.9075712
            ],
            [
              -74.0035026,
              4.9075004
            ],
            [
              -74.003406,
              4.9074015
            ],
            [
              -74.0033551,
              4.9073133
            ],
            [
              -74.003347,
              4.9072171
            ],
            [
              -74.0033819,
              4.9071062
            ],
            [
              -74.0034409,
              4.9069766
            ],
            [
              -74.0035106,
              4.9068457
            ],
            [
              -74.0035616,
              4.9066826
            ],
            [
              -74.0035938,
              4.9064982
            ],
            [
              -74.0036394,
              4.9063005
            ],
            [
              -74.0036783,
              4.9060867
            ],
            [
              -74.0037024,
              4.9058769
            ],
            [
              -74.0037346,
              4.9056965
            ],
            [
              -74.003811,
              4.9055242
            ],
            [
              -74.003917,
              4.9053398
            ],
            [
              -74.0040216,
              4.9051781
            ],
            [
              -74.0041691,
              4.9049322
            ],
            [
              -74.0042295,
              4.9047879
            ],
            [
              -74.0042992,
              4.9046209
            ],
            [
              -74.0044212,
              4.9044793
            ],
            [
              -74.0045272,
              4.9043176
            ],
            [
              -74.0046465,
              4.9041359
            ],
            [
              -74.0048075,
              4.9038806
            ],
            [
              -74.0048866,
              4.9037109
            ],
            [
              -74.0050475,
              4.9034597
            ],
            [
              -74.0051186,
              4.9033702
            ],
            [
              -74.0052433,
              4.903266
            ],
            [
              -74.0053721,
              4.9031538
            ],
            [
              -74.0055652,
              4.9030362
            ],
            [
              -74.0057503,
              4.9029466
            ],
            [
              -74.0059219,
              4.9028638
            ],
            [
              -74.0060775,
              4.9028117
            ],
            [
              -74.006221,
              4.9027676
            ],
            [
              -74.0063377,
              4.9027489
            ],
            [
              -74.0064611,
              4.9027462
            ],
            [
              -74.006563,
              4.9027462
            ],
            [
              -74.0066515,
              4.9027743
            ],
            [
              -74.0067159,
              4.9028384
            ],
            [
              -74.0067776,
              4.9029199
            ],
            [
              -74.0068513,
              4.9030108
            ],
            [
              -74.0069358,
              4.9030763
            ],
            [
              -74.0070672,
              4.9031471
            ],
            [
              -74.0072751,
              4.9032299
            ],
            [
              -74.0073676,
              4.9032566
            ],
            [
              -74.0074696,
              4.9032593
            ],
            [
              -74.007597,
              4.9032459
            ],
            [
              -74.0077257,
              4.9032246
            ],
            [
              -74.0084875,
              4.9030535
            ],
            [
              -74.0088898,
              4.9029921
            ],
            [
              -74.0090266,
              4.9029707
            ],
            [
              -74.0092251,
              4.9029573
            ],
            [
              -74.0093686,
              4.902952
            ],
            [
              -74.0095228,
              4.90296
            ],
            [
              -74.0096274,
              4.9029787
            ],
            [
              -74.0097441,
              4.9029907
            ],
            [
              -74.0098634,
              4.9029894
            ],
            [
              -74.0099855,
              4.9029266
            ],
            [
              -74.010125,
              4.9028558
            ],
            [
              -74.0102161,
              4.902793
            ],
            [
              -74.0102671,
              4.9027008
            ],
            [
              -74.0102872,
              4.9026086
            ],
            [
              -74.0102336,
              4.9024496
            ],
            [
              -74.0101022,
              4.9023053
            ],
            [
              -74.00996,
              4.9022438
            ],
            [
              -74.0098071,
              4.902193
            ],
            [
              -74.0096194,
              4.9021823
            ],
            [
              -74.0094584,
              4.902177
            ],
            [
              -74.0093511,
              4.9021423
            ],
            [
              -74.0092197,
              4.9020407
            ],
            [
              -74.0091714,
              4.901875
            ],
            [
              -74.0091634,
              4.9016532
            ],
            [
              -74.0091687,
              4.9014341
            ],
            [
              -74.009209,
              4.901231
            ],
            [
              -74.0093002,
              4.9010626
            ],
            [
              -74.0093914,
              4.9008916
            ],
            [
              -74.0095121,
              4.9007473
            ],
            [
              -74.0096247,
              4.900611
            ],
            [
              -74.0097025,
              4.9004907
            ],
            [
              -74.0098125,
              4.9002823
            ],
            [
              -74.0099064,
              4.9001112
            ],
            [
              -74.0099707,
              4.8999856
            ],
            [
              -74.0100592,
              4.8998627
            ],
            [
              -74.0101907,
              4.8997077
            ],
            [
              -74.0104227,
              4.8994231
            ],
            [
              -74.0105246,
              4.8992868
            ],
            [
              -74.0106574,
              4.8991425
            ],
            [
              -74.0107459,
              4.8990236
            ],
            [
              -74.0108237,
              4.8989554
            ],
            [
              -74.0109377,
              4.8988539
            ],
            [
              -74.0110798,
              4.8987256
            ],
            [
              -74.0111978,
              4.8986053
            ],
            [
              -74.011281,
              4.8985038
            ],
            [
              -74.01134,
              4.8984223
            ],
            [
              -74.0113923,
              4.8983354
            ],
            [
              -74.0114486,
              4.8982098
            ],
            [
              -74.0115438,
              4.897992
            ],
            [
              -74.0116256,
              4.8978611
            ],
            [
              -74.0117316,
              4.8976833
            ],
            [
              -74.0118362,
              4.8975497
            ],
            [
              -74.01191,
              4.8974548
            ],
            [
              -74.0119985,
              4.8974228
            ],
            [
              -74.0120897,
              4.8974268
            ],
            [
              -74.0121755,
              4.8974522
            ],
            [
              -74.0122385,
              4.8975136
            ],
            [
              -74.0122935,
              4.8975805
            ],
            [
              -74.0123981,
              4.8977715
            ],
            [
              -74.0124692,
              4.8978758
            ],
            [
              -74.0125979,
              4.898127
            ],
            [
              -74.0126932,
              4.8983394
            ],
            [
              -74.012783,
              4.8985492
            ],
            [
              -74.0128487,
              4.8986842
            ],
            [
              -74.012893,
              4.8988124
            ],
            [
              -74.012952,
              4.898906
            ],
            [
              -74.0130043,
              4.8989541
            ],
            [
              -74.0130472,
              4.8989821
            ],
            [
              -74.0131237,
              4.8990048
            ],
            [
              -74.0132041,
              4.8990075
            ],
            [
              -74.013298,
              4.8989768
            ],
            [
              -74.013408,
              4.8989247
            ],
            [
              -74.0134911,
              4.8988498
            ],
            [
              -74.0135421,
              4.8987777
            ],
            [
              -74.0135944,
              4.8986908
            ],
            [
              -74.01364,
              4.8985973
            ],
            [
              -74.0136601,
              4.8984891
            ],
            [
              -74.0136454,
              4.8983728
            ],
            [
              -74.0136159,
              4.8982913
            ],
            [
              -74.013585,
              4.8982285
            ],
            [
              -74.0135287,
              4.898155
            ],
            [
              -74.0134093,
              4.8980294
            ],
            [
              -74.0132779,
              4.8979172
            ],
            [
              -74.0131022,
              4.8977181
            ],
            [
              -74.0129426,
              4.8975043
            ],
            [
              -74.0128702,
              4.897388
            ],
            [
              -74.0128219,
              4.897225
            ],
            [
              -74.0127884,
              4.8971221
            ],
            [
              -74.0127642,
              4.8969845
            ],
            [
              -74.0127736,
              4.8968442
            ],
            [
              -74.0128058,
              4.896752
            ],
            [
              -74.0128434,
              4.8966892
            ],
            [
              -74.0129024,
              4.8966277
            ],
            [
              -74.0129748,
              4.8965917
            ],
            [
              -74.013066,
              4.8965836
            ],
            [
              -74.0131733,
              4.8965836
            ],
            [
              -74.0133007,
              4.8965903
            ],
            [
              -74.013416,
              4.8965983
            ],
            [
              -74.0135421,
              4.8965703
            ],
            [
              -74.0137285,
              4.8965489
            ],
            [
              -74.0138841,
              4.8965395
            ],
            [
              -74.0140088,
              4.8965195
            ],
            [
              -74.0141724,
              4.8964888
            ],
            [
              -74.0142877,
              4.896446
            ],
            [
              -74.0144031,
              4.8964019
            ],
            [
              -74.0144822,
              4.8963698
            ],
            [
              -74.0145855,
              4.896275
            ],
            [
              -74.0146914,
              4.8961667
            ],
            [
              -74.014792,
              4.8960946
            ],
            [
              -74.0149865,
              4.8959449
            ],
            [
              -74.0152413,
              4.8957458
            ],
            [
              -74.0154693,
              4.8955494
            ],
            [
              -74.0155645,
              4.8954585
            ],
            [
              -74.0156463,
              4.8953998
            ],
            [
              -74.0157992,
              4.8953517
            ],
            [
              -74.0159816,
              4.8953169
            ],
            [
              -74.0160781,
              4.8953062
            ],
            [
              -74.0162243,
              4.8953142
            ],
            [
              -74.016518,
              4.8953263
            ],
            [
              -74.0166467,
              4.8953142
            ],
            [
              -74.0167158,
              4.8952898
            ],
            [
              -74.016974,
              4.895218
            ],
            [
              -74.0170598,
              4.8951753
            ],
            [
              -74.0171403,
              4.8950791
            ],
            [
              -74.0171617,
              4.8949775
            ],
            [
              -74.0171349,
              4.8947958
            ],
            [
              -74.017092,
              4.8944537
            ],
            [
              -74.0170652,
              4.8943415
            ],
            [
              -74.0170759,
              4.8940849
            ],
            [
              -74.0171349,
              4.8937856
            ],
            [
              -74.0171564,
              4.8935397
            ],
            [
              -74.0171456,
              4.893203
            ],
            [
              -74.017151,
              4.892869
            ],
            [
              -74.0172395,
              4.8924227
            ],
            [
              -74.0173978,
              4.8920325
            ],
            [
              -74.0175667,
              4.8915595
            ],
            [
              -74.0176553,
              4.8912949
            ],
            [
              -74.0177035,
              4.8910357
            ],
            [
              -74.0177169,
              4.8907925
            ],
            [
              -74.0176767,
              4.8905039
            ],
            [
              -74.0176284,
              4.8901351
            ],
            [
              -74.0175775,
              4.8898063
            ],
            [
              -74.0174219,
              4.8892852
            ],
            [
              -74.0173012,
              4.888879
            ],
            [
              -74.0171376,
              4.8884487
            ],
            [
              -74.0170303,
              4.8881468
            ],
            [
              -74.0169525,
              4.8879517
            ],
            [
              -74.0169472,
              4.8878715
            ],
            [
              -74.0169847,
              4.8877272
            ],
            [
              -74.0170276,
              4.8875909
            ],
            [
              -74.0171054,
              4.8875348
            ],
            [
              -74.0172288,
              4.887492
            ],
            [
              -74.0173736,
              4.8874947
            ],
            [
              -74.017548,
              4.8875642
            ],
            [
              -74.0177143,
              4.8876283
            ],
            [
              -74.0181193,
              4.8878795
            ],
            [
              -74.0183312,
              4.8879811
            ],
            [
              -74.0185243,
              4.8880372
            ],
            [
              -74.0186772,
              4.8880425
            ],
            [
              -74.0188247,
              4.8880051
            ],
            [
              -74.018932,
              4.8879116
            ],
            [
              -74.0190098,
              4.887818
            ],
            [
              -74.0190366,
              4.8876016
            ],
            [
              -74.0190554,
              4.8873049
            ],
            [
              -74.0191144,
              4.8869709
            ],
            [
              -74.0192163,
              4.8867384
            ],
            [
              -74.019388,
              4.8864417
            ],
            [
              -74.0195221,
              4.8862734
            ],
            [
              -74.0197259,
              4.8860703
            ],
            [
              -74.0198359,
              4.8859767
            ],
            [
              -74.0199485,
              4.8858591
            ],
            [
              -74.0200961,
              4.8856427
            ],
            [
              -74.0202114,
              4.8855384
            ],
            [
              -74.0203723,
              4.8854048
            ],
            [
              -74.020544,
              4.8851349
            ],
            [
              -74.0206808,
              4.8849505
            ],
            [
              -74.0209168,
              4.8846779
            ],
            [
              -74.0211529,
              4.8844668
            ],
            [
              -74.0213621,
              4.8843519
            ],
            [
              -74.0216222,
              4.8842503
            ],
            [
              -74.0218556,
              4.8841888
            ],
            [
              -74.0221104,
              4.8840926
            ],
            [
              -74.0224108,
              4.8840365
            ],
            [
              -74.0226495,
              4.8840445
            ],
            [
              -74.0230814,
              4.8840312
            ],
            [
              -74.0233254,
              4.883975
            ],
            [
              -74.0236768,
              4.8839056
            ],
            [
              -74.0239719,
              4.8838414
            ],
            [
              -74.0243608,
              4.8837292
            ],
            [
              -74.0245807,
              4.8836143
            ],
            [
              -74.0244378,
              4.8844427
            ],
            [
              -74.0245056,
              4.8845496
            ],
            [
              -74.0246147,
              4.8846175
            ],
            [
              -74.0250447,
              4.884416
            ],
            [
              -74.0254685,
              4.8841537
            ],
            [
              -74.0256456,
              4.8840713
            ],
            [
              -74.0257797,
              4.8839456
            ],
            [
              -74.025903,
              4.8837853
            ],
            [
              -74.0261149,
              4.8834699
            ],
            [
              -74.026278,
              4.8833973
            ],
            [
              -74.0267356,
              4.884263
            ],
            [
              -74.0276516,
              4.8860264
            ],
            [
              -74.0278292,
              4.8860695
            ],
            [
              -74.0278293,
              4.8860224
            ],
            [
              -74.0297681,
              4.8868827
            ],
            [
              -74.0299115,
              4.8870196
            ],
            [
              -74.0317868,
              4.887824
            ],
            [
              -74.0346914,
              4.8890865
            ],
            [
              -74.0348056,
              4.8891157
            ],
            [
              -74.0348043,
              4.8891309
            ],
            [
              -74.0349998,
              4.8891729
            ],
            [
              -74.0351311,
              4.8892497
            ],
            [
              -74.035167,
              4.8892941
            ],
            [
              -74.0353354,
              4.8892011
            ],
            [
              -74.0354504,
              4.8886879
            ],
            [
              -74.035579,
              4.8878203
            ],
            [
              -74.03561,
              4.8876031
            ],
            [
              -74.0357673,
              4.8876278
            ],
            [
              -74.0358578,
              4.887653
            ],
            [
              -74.0359769,
              4.887725
            ],
            [
              -74.0360693,
              4.8877152
            ],
            [
              -74.036139,
              4.8877118
            ],
            [
              -74.0362145,
              4.8877524
            ],
            [
              -74.036557,
              4.8880151
            ],
            [
              -74.0367029,
              4.8881483
            ],
            [
              -74.036879,
              4.8883094
            ],
            [
              -74.0371378,
              4.888523
            ],
            [
              -74.0371735,
              4.8885356
            ],
            [
              -74.0372141,
              4.8886186
            ],
            [
              -74.0376348,
              4.8889783
            ],
            [
              -74.0376516,
              4.8889909
            ],
            [
              -74.0377587,
              4.8890759
            ],
            [
              -74.0378964,
              4.8891861
            ],
            [
              -74.0380881,
              4.8893533
            ],
            [
              -74.0383107,
              4.8895772
            ],
            [
              -74.0385976,
              4.8898515
            ],
            [
              -74.038817,
              4.8900327
            ],
            [
              -74.0390386,
              4.8900808
            ],
            [
              -74.0391731,
              4.8900508
            ],
            [
              -74.0393704,
              4.8898815
            ],
            [
              -74.0394403,
              4.8899168
            ],
            [
              -74.0397659,
              4.8900702
            ],
            [
              -74.0397544,
              4.8900949
            ],
            [
              -74.0397447,
              4.8901354
            ],
            [
              -74.039873,
              4.8901804
            ],
            [
              -74.0398924,
              4.8901857
            ],
            [
              -74.0398906,
              4.8903012
            ],
            [
              -74.0404702,
              4.8905771
            ],
            [
              -74.0407344,
              4.8906992
            ],
            [
              -74.0416332,
              4.891079
            ],
            [
              -74.0418567,
              4.8905807
            ],
            [
              -74.0418908,
              4.8905067
            ],
            [
              -74.0420225,
              4.8902152
            ],
            [
              -74.0423421,
              4.8895178
            ],
            [
              -74.0424058,
              4.8895447
            ],
            [
              -74.0438968,
              4.8902499
            ],
            [
              -74.0441274,
              4.8903574
            ],
            [
              -74.0446691,
              4.8906106
            ],
            [
              -74.0447384,
              4.8906443
            ],
            [
              -74.0449697,
              4.89075
            ],
            [
              -74.0452762,
              4.8908961
            ],
            [
              -74.0456853,
              4.8910864
            ],
            [
              -74.0461148,
              4.8912851
            ],
            [
              -74.0461884,
              4.8913196
            ],
            [
              -74.046945,
              4.8916685
            ],
            [
              -74.0474796,
              4.8919245
            ],
            [
              -74.0480782,
              4.8922062
            ],
            [
              -74.0482153,
              4.8922676
            ],
            [
              -74.0483013,
              4.8923058
            ],
            [
              -74.0490493,
              4.8926635
            ],
            [
              -74.0491131,
              4.8926813
            ],
            [
              -74.0493031,
              4.8926806
            ],
            [
              -74.0493027,
              4.8927178
            ],
            [
              -74.0494081,
              4.8927187
            ],
            [
              -74.0494004,
              4.8928597
            ],
            [
              -74.049422,
              4.8930626
            ],
            [
              -74.0494729,
              4.8931861
            ],
            [
              -74.0496213,
              4.8933721
            ],
            [
              -74.0496552,
              4.8934885
            ],
            [
              -74.0495231,
              4.8935685
            ],
            [
              -74.0493845,
              4.893611
            ],
            [
              -74.0492346,
              4.8936207
            ],
            [
              -74.0490497,
              4.893647
            ],
            [
              -74.0488504,
              4.8936704
            ],
            [
              -74.0487046,
              4.8936777
            ],
            [
              -74.0485114,
              4.8937589
            ],
            [
              -74.0483705,
              4.8938642
            ],
            [
              -74.0483252,
              4.894077
            ],
            [
              -74.0483578,
              4.8942515
            ],
            [
              -74.0484757,
              4.8943496
            ],
            [
              -74.0486341,
              4.8943698
            ],
            [
              -74.0487258,
              4.8943132
            ],
            [
              -74.0488601,
              4.8943224
            ],
            [
              -74.0489795,
              4.8944906
            ],
            [
              -74.0490108,
              4.8947073
            ],
            [
              -74.0489887,
              4.8949616
            ],
            [
              -74.0491047,
              4.8950583
            ],
            [
              -74.0492235,
              4.8950708
            ],
            [
              -74.0493277,
              4.8950266
            ],
            [
              -74.0493755,
              4.8949316
            ],
            [
              -74.049501,
              4.8948731
            ],
            [
              -74.0496166,
              4.8948654
            ],
            [
              -74.0497342,
              4.8949769
            ],
            [
              -74.0497778,
              4.8952045
            ],
            [
              -74.0497363,
              4.8954718
            ],
            [
              -74.0497351,
              4.8955708
            ],
            [
              -74.049948,
              4.8959756
            ],
            [
              -74.0498954,
              4.8960691
            ],
            [
              -74.0496877,
              4.8961313
            ],
            [
              -74.0494508,
              4.8961208
            ],
            [
              -74.0492295,
              4.8961455
            ],
            [
              -74.0490403,
              4.8961743
            ],
            [
              -74.0488476,
              4.8961684
            ],
            [
              -74.0486941,
              4.896092
            ],
            [
              -74.0485385,
              4.8959885
            ],
            [
              -74.0484483,
              4.8959371
            ],
            [
              -74.0483653,
              4.895982
            ],
            [
              -74.0483085,
              4.8960444
            ],
            [
              -74.0482715,
              4.8962237
            ],
            [
              -74.0483709,
              4.8964409
            ],
            [
              -74.0485275,
              4.8966737
            ],
            [
              -74.0485566,
              4.8967684
            ],
            [
              -74.0485759,
              4.896902
            ],
            [
              -74.0487482,
              4.8969152
            ],
            [
              -74.0488088,
              4.8969849
            ],
            [
              -74.0489543,
              4.8970634
            ],
            [
              -74.0491723,
              4.8971631
            ],
            [
              -74.0492922,
              4.89724
            ],
            [
              -74.0493871,
              4.8973211
            ],
            [
              -74.0497617,
              4.8975582
            ],
            [
              -74.0498816,
              4.897635
            ],
            [
              -74.04996,
              4.8976469
            ],
            [
              -74.0502194,
              4.8977961
            ],
            [
              -74.0506056,
              4.898033
            ],
            [
              -74.0507784,
              4.8981566
            ],
            [
              -74.051002,
              4.898268
            ],
            [
              -74.0513414,
              4.8985029
            ],
            [
              -74.0515325,
              4.8986588
            ],
            [
              -74.0517988,
              4.8988938
            ],
            [
              -74.0521444,
              4.8991449
            ],
            [
              -74.0523619,
              4.8993272
            ],
            [
              -74.0525021,
              4.8994467
            ],
            [
              -74.0528477,
              4.8996857
            ],
            [
              -74.0529778,
              4.8997788
            ],
            [
              -74.0532664,
              4.9000016
            ],
            [
              -74.0534779,
              4.9002021
            ],
            [
              -74.0537015,
              4.9004573
            ],
            [
              -74.0538254,
              4.9006153
            ],
            [
              -74.0540531,
              4.9007672
            ],
            [
              -74.0543194,
              4.9008928
            ],
            [
              -74.0545369,
              4.9010507
            ],
            [
              -74.0546894,
              4.9011682
            ],
            [
              -74.0548337,
              4.9013181
            ],
            [
              -74.0551223,
              4.9014538
            ],
            [
              -74.0552118,
              4.9015672
            ],
            [
              -74.0552707,
              4.9017089
            ],
            [
              -74.0554069,
              4.9018467
            ],
            [
              -74.0555533,
              4.9019621
            ],
            [
              -74.0556976,
              4.9020289
            ],
            [
              -74.055783,
              4.9020897
            ],
            [
              -74.0558013,
              4.9021383
            ],
            [
              -74.0558988,
              4.902191
            ],
            [
              -74.0560676,
              4.9022781
            ],
            [
              -74.0562058,
              4.9023732
            ],
            [
              -74.0563806,
              4.902436
            ],
            [
              -74.0566774,
              4.9025596
            ],
            [
              -74.0567688,
              4.9025555
            ],
            [
              -74.0569965,
              4.9024826
            ],
            [
              -74.0570928,
              4.9024566
            ],
            [
              -74.0573743,
              4.9019467
            ],
            [
              -74.05764,
              4.9013999
            ],
            [
              -74.057687,
              4.9012997
            ],
            [
              -74.0579312,
              4.9008475
            ],
            [
              -74.0581932,
              4.9003492
            ],
            [
              -74.0584514,
              4.9005551
            ],
            [
              -74.060528,
              4.9022418
            ],
            [
              -74.0610444,
              4.9026613
            ],
            [
              -74.063376,
              4.9045599
            ],
            [
              -74.0634527,
              4.9045616
            ],
            [
              -74.0636281,
              4.9046799
            ],
            [
              -74.0640699,
              4.9050248
            ],
            [
              -74.0643034,
              4.9052009
            ],
            [
              -74.064627,
              4.9054626
            ],
            [
              -74.0648375,
              4.9056351
            ],
            [
              -74.065298,
              4.906035
            ],
            [
              -74.0657466,
              4.9064108
            ],
            [
              -74.0661464,
              4.9067428
            ],
            [
              -74.066379,
              4.9069642
            ],
            [
              -74.0664343,
              4.9070069
            ],
            [
              -74.0683619,
              4.9085746
            ],
            [
              -74.0688783,
              4.9089681
            ],
            [
              -74.0705049,
              4.9103858
            ],
            [
              -74.0707467,
              4.9105612
            ],
            [
              -74.0710116,
              4.9105919
            ],
            [
              -74.0716617,
              4.910509
            ],
            [
              -74.072167,
              4.9105029
            ],
            [
              -74.0726538,
              4.9106195
            ],
            [
              -74.0730174,
              4.9104753
            ],
            [
              -74.0734611,
              4.9104261
            ],
            [
              -74.0737723,
              4.9105489
            ],
            [
              -74.0744655,
              4.9107423
            ],
            [
              -74.074977,
              4.9109449
            ],
            [
              -74.0756918,
              4.9112335
            ],
            [
              -74.0761508,
              4.911258
            ],
            [
              -74.076536,
              4.9111936
            ],
            [
              -74.0767933,
              4.9112226
            ],
            [
              -74.0769716,
              4.9110494
            ],
            [
              -74.0773774,
              4.9107295
            ],
            [
              -74.0776271,
              4.9104229
            ],
            [
              -74.0777698,
              4.9102452
            ],
            [
              -74.0779169,
              4.9100897
            ],
            [
              -74.0780061,
              4.9097299
            ],
            [
              -74.0780775,
              4.9094855
            ],
            [
              -74.0782112,
              4.9089968
            ],
            [
              -74.0782826,
              4.9088102
            ],
            [
              -74.0783138,
              4.9085525
            ],
            [
              -74.0783675,
              4.9083156
            ],
            [
              -74.0784936,
              4.9081633
            ],
            [
              -74.0786599,
              4.9078559
            ],
            [
              -74.0787484,
              4.9076796
            ],
            [
              -74.0788959,
              4.9074043
            ],
            [
              -74.0789764,
              4.9072146
            ],
            [
              -74.0791239,
              4.907081
            ],
            [
              -74.0793653,
              4.9069153
            ],
            [
              -74.0795772,
              4.9068057
            ],
            [
              -74.079604,
              4.9066373
            ],
            [
              -74.0796201,
              4.9064476
            ],
            [
              -74.079655,
              4.906322
            ],
            [
              -74.0796952,
              4.9061216
            ],
            [
              -74.0797408,
              4.9059265
            ],
            [
              -74.0797328,
              4.9057635
            ],
            [
              -74.0797676,
              4.9056486
            ],
            [
              -74.0798159,
              4.905539
            ],
            [
              -74.0798776,
              4.9054535
            ],
            [
              -74.0798561,
              4.905221
            ],
            [
              -74.0798508,
              4.9049431
            ],
            [
              -74.0798266,
              4.9046918
            ],
            [
              -74.0798105,
              4.9045395
            ],
            [
              -74.0797998,
              4.9044139
            ],
            [
              -74.0798025,
              4.9042589
            ],
            [
              -74.0798615,
              4.9040077
            ],
            [
              -74.0799286,
              4.9037512
            ],
            [
              -74.0800037,
              4.9033797
            ],
            [
              -74.080068,
              4.9031579
            ],
            [
              -74.0801002,
              4.9030563
            ],
            [
              -74.0801163,
              4.9029254
            ],
            [
              -74.0801807,
              4.9028158
            ],
            [
              -74.080288,
              4.9026929
            ],
            [
              -74.0804113,
              4.9026047
            ],
            [
              -74.0804918,
              4.9025112
            ],
            [
              -74.0805186,
              4.9024043
            ],
            [
              -74.0804891,
              4.9021932
            ],
            [
              -74.0804167,
              4.9020168
            ],
            [
              -74.0803684,
              4.9018538
            ],
            [
              -74.0803175,
              4.901656
            ],
            [
              -74.0802638,
              4.9015064
            ],
            [
              -74.0801887,
              4.9012765
            ],
            [
              -74.0801404,
              4.9011376
            ],
            [
              -74.0801378,
              4.9010414
            ],
            [
              -74.0801324,
              4.9009558
            ],
            [
              -74.0800788,
              4.9008249
            ],
            [
              -74.080009,
              4.9006245
            ],
            [
              -74.0799366,
              4.900424
            ],
            [
              -74.0798508,
              4.9002022
            ],
            [
              -74.0798052,
              4.9000205
            ],
            [
              -74.0797944,
              4.8998521
            ],
            [
              -74.0798052,
              4.8996544
            ],
            [
              -74.0798615,
              4.8994566
            ],
            [
              -74.0799473,
              4.8993257
            ],
            [
              -74.0799849,
              4.8992642
            ],
            [
              -74.0799554,
              4.8991199
            ],
            [
              -74.0799607,
              4.8989034
            ],
            [
              -74.0799849,
              4.8987858
            ],
            [
              -74.0799178,
              4.8986789
            ],
            [
              -74.0798615,
              4.8985908
            ],
            [
              -74.0798561,
              4.8984571
            ],
            [
              -74.0798356,
              4.8981633
            ],
            [
              -74.0797076,
              4.8977525
            ],
            [
              -74.0796179,
              4.8973366
            ],
            [
              -74.0795283,
              4.8971273
            ],
            [
              -74.0795232,
              4.896964
            ],
            [
              -74.0797409,
              4.8968849
            ],
            [
              -74.0799919,
              4.8970814
            ],
            [
              -74.0802659,
              4.8971171
            ],
            [
              -74.080312,
              4.8971248
            ],
            [
              -74.0803606,
              4.8971375
            ],
            [
              -74.0805654,
              4.8971598
            ],
            [
              -74.0807969,
              4.8972501
            ],
            [
              -74.0810835,
              4.897161
            ],
            [
              -74.0811546,
              4.896924
            ],
            [
              -74.0812786,
              4.8966222
            ],
            [
              -74.0813051,
              4.8963083
            ],
            [
              -74.0813945,
              4.8960025
            ],
            [
              -74.0813956,
              4.8956425
            ],
            [
              -74.0814169,
              4.8954707
            ],
            [
              -74.0814062,
              4.895231
            ],
            [
              -74.0814679,
              4.8948874
            ],
            [
              -74.0815999,
              4.8946435
            ],
            [
              -74.0817447,
              4.8943995
            ],
            [
              -74.0818916,
              4.8941408
            ],
            [
              -74.0820555,
              4.8939117
            ],
            [
              -74.0821705,
              4.893725
            ],
            [
              -74.0822812,
              4.8935914
            ],
            [
              -74.0823301,
              4.8934726
            ],
            [
              -74.0823182,
              4.8933175
            ],
            [
              -74.0823594,
              4.8932032
            ],
            [
              -74.0824806,
              4.8930351
            ],
            [
              -74.082495,
              4.8929385
            ],
            [
              -74.0825036,
              4.8926037
            ],
            [
              -74.0824977,
              4.8923897
            ],
            [
              -74.0824771,
              4.8920922
            ],
            [
              -74.0824359,
              4.891827
            ],
            [
              -74.0823962,
              4.8916423
            ],
            [
              -74.0823079,
              4.8914444
            ],
            [
              -74.082205,
              4.8911821
            ],
            [
              -74.0821197,
              4.8909974
            ],
            [
              -74.0820961,
              4.8909183
            ],
            [
              -74.0820638,
              4.8907307
            ],
            [
              -74.082052,
              4.8905079
            ],
            [
              -74.0820461,
              4.8902602
            ],
            [
              -74.0820314,
              4.8900507
            ],
            [
              -74.0819799,
              4.8897385
            ],
            [
              -74.0819328,
              4.8895582
            ],
            [
              -74.0819034,
              4.8893296
            ],
            [
              -74.0819019,
              4.8890306
            ],
            [
              -74.0818725,
              4.8886994
            ],
            [
              -74.0818578,
              4.8882963
            ],
            [
              -74.0818093,
              4.8880091
            ],
            [
              -74.0817196,
              4.8876705
            ],
            [
              -74.0816548,
              4.8873378
            ],
            [
              -74.0816784,
              4.887055
            ],
            [
              -74.0816872,
              4.8864291
            ],
            [
              -74.0816725,
              4.8860789
            ],
            [
              -74.0816269,
              4.885815
            ],
            [
              -74.0816269,
              4.8856069
            ],
            [
              -74.0815975,
              4.8853651
            ],
            [
              -74.0814282,
              4.885167
            ],
            [
              -74.0811501,
              4.8849067
            ],
            [
              -74.0808624,
              4.8846043
            ],
            [
              -74.0810051,
              4.88424
            ],
            [
              -74.0816026,
              4.884009
            ],
            [
              -74.0817185,
              4.8836535
            ],
            [
              -74.0818701,
              4.8828449
            ],
            [
              -74.0819209,
              4.8819427
            ],
            [
              -74.0824269,
              4.8813975
            ],
            [
              -74.0828211,
              4.8809812
            ],
            [
              -74.0828329,
              4.8807116
            ],
            [
              -74.0827446,
              4.8802074
            ],
            [
              -74.0828505,
              4.8798674
            ],
            [
              -74.0829741,
              4.8793222
            ],
            [
              -74.0829564,
              4.8788414
            ],
            [
              -74.0829388,
              4.8785776
            ],
            [
              -74.0826034,
              4.8778683
            ],
            [
              -74.0823798,
              4.877411
            ],
            [
              -74.0823092,
              4.8770534
            ],
            [
              -74.0823386,
              4.8766606
            ],
            [
              -74.0823386,
              4.876344
            ],
            [
              -74.0822621,
              4.8760626
            ],
            [
              -74.0822254,
              4.8756984
            ],
            [
              -74.0823269,
              4.8750542
            ],
            [
              -74.0823984,
              4.8746368
            ],
            [
              -74.0824092,
              4.8745735
            ],
            [
              -74.0825533,
              4.8735372
            ],
            [
              -74.0826446,
              4.8731137
            ],
            [
              -74.0826917,
              4.872592
            ],
            [
              -74.0827393,
              4.8721286
            ],
            [
              -74.0827485,
              4.8720334
            ],
            [
              -74.0827948,
              4.8717295
            ],
            [
              -74.0828718,
              4.8715146
            ],
            [
              -74.0829827,
              4.8713871
            ],
            [
              -74.0830334,
              4.8712049
            ],
            [
              -74.0830278,
              4.8710958
            ],
            [
              -74.0829302,
              4.8709672
            ],
            [
              -74.0829528,
              4.8709119
            ],
            [
              -74.083037,
              4.8708484
            ],
            [
              -74.0830687,
              4.870779
            ],
            [
              -74.0831373,
              4.8707157
            ],
            [
              -74.0831808,
              4.8705935
            ],
            [
              -74.0831886,
              4.8704003
            ],
            [
              -74.083207,
              4.8703638
            ],
            [
              -74.083295,
              4.8703092
            ],
            [
              -74.0833664,
              4.8701853
            ],
            [
              -74.0834884,
              4.8699626
            ],
            [
              -74.0834199,
              4.8697738
            ],
            [
              -74.0834104,
              4.8695022
            ],
            [
              -74.0833848,
              4.8694528
            ],
            [
              -74.0832989,
              4.8693589
            ],
            [
              -74.0832326,
              4.8690951
            ],
            [
              -74.083139,
              4.8688513
            ],
            [
              -74.0830832,
              4.8686603
            ],
            [
              -74.0830971,
              4.8685773
            ],
            [
              -74.0829646,
              4.8679654
            ],
            [
              -74.0829131,
              4.8677829
            ],
            [
              -74.0828358,
              4.8675396
            ],
            [
              -74.082722,
              4.8672443
            ],
            [
              -74.0826357,
              4.867088
            ],
            [
              -74.0826178,
              4.8668573
            ],
            [
              -74.0826124,
              4.8666627
            ],
            [
              -74.0826435,
              4.8665081
            ],
            [
              -74.0826356,
              4.8663281
            ],
            [
              -74.082676,
              4.8661487
            ],
            [
              -74.0827636,
              4.865917
            ],
            [
              -74.0827895,
              4.8658188
            ],
            [
              -74.0828376,
              4.8657136
            ],
            [
              -74.0828486,
              4.8656634
            ],
            [
              -74.0828482,
              4.8656197
            ],
            [
              -74.082857,
              4.8655659
            ],
            [
              -74.0828774,
              4.8655346
            ],
            [
              -74.0829066,
              4.8655078
            ],
            [
              -74.0829428,
              4.8654813
            ],
            [
              -74.0829601,
              4.8654597
            ],
            [
              -74.082976,
              4.8654169
            ],
            [
              -74.0829853,
              4.8653923
            ],
            [
              -74.0830043,
              4.8653755
            ],
            [
              -74.0830313,
              4.8653402
            ],
            [
              -74.0831123,
              4.8652534
            ],
            [
              -74.0831623,
              4.86523
            ],
            [
              -74.0832782,
              4.8650974
            ],
            [
              -74.083318,
              4.8650445
            ],
            [
              -74.0833578,
              4.8649854
            ],
            [
              -74.0833954,
              4.8649589
            ],
            [
              -74.0834843,
              4.8649127
            ],
            [
              -74.0835803,
              4.8648624
            ],
            [
              -74.0836317,
              4.8648487
            ],
            [
              -74.0836852,
              4.8648298
            ],
            [
              -74.0837569,
              4.864787
            ],
            [
              -74.0837909,
              4.8647606
            ],
            [
              -74.0838259,
              4.8647081
            ],
            [
              -74.0838365,
              4.8646861
            ],
            [
              -74.083898,
              4.864616
            ],
            [
              -74.0839409,
              4.8646023
            ],
            [
              -74.0840081,
              4.8645556
            ],
            [
              -74.0840245,
              4.8645283
            ],
            [
              -74.0840581,
              4.864497
            ],
            [
              -74.0840749,
              4.8644692
            ],
            [
              -74.0841072,
              4.8644547
            ],
            [
              -74.0841422,
              4.8644467
            ],
            [
              -74.0841617,
              4.8644269
            ],
            [
              -74.0841705,
              4.8644066
            ],
            [
              -74.0841718,
              4.8643674
            ],
            [
              -74.0841599,
              4.864337
            ],
            [
              -74.0841497,
              4.864314
            ],
            [
              -74.084144,
              4.8642894
            ],
            [
              -74.0841475,
              4.86427
            ],
            [
              -74.0841594,
              4.8642616
            ],
            [
              -74.084201,
              4.8642616
            ],
            [
              -74.0842355,
              4.8642673
            ],
            [
              -74.0842753,
              4.8642678
            ],
            [
              -74.0843054,
              4.8642722
            ],
            [
              -74.0843236,
              4.8642616
            ],
            [
              -74.0843249,
              4.8642444
            ],
            [
              -74.0843103,
              4.8642118
            ],
            [
              -74.0843486,
              4.8641858
            ],
            [
              -74.0844342,
              4.8641744
            ],
            [
              -74.0848601,
              4.8641305
            ],
            [
              -74.0853441,
              4.864082
            ],
            [
              -74.0855992,
              4.8639663
            ],
            [
              -74.0860543,
              4.8636976
            ],
            [
              -74.0862285,
              4.8634625
            ],
            [
              -74.0861583,
              4.8631882
            ],
            [
              -74.0862144,
              4.8628384
            ],
            [
              -74.0863914,
              4.8624577
            ],
            [
              -74.0865937,
              4.862133
            ],
            [
              -74.0865684,
              4.8618559
            ],
            [
              -74.086765,
              4.8615117
            ],
            [
              -74.0868605,
              4.8612737
            ],
            [
              -74.0869729,
              4.8608903
            ],
            [
              -74.0870881,
              4.860462
            ],
            [
              -74.0872585,
              4.8602084
            ],
            [
              -74.0872931,
              4.860157
            ],
            [
              -74.0877398,
              4.8595244
            ],
            [
              -74.0878325,
              4.8592809
            ],
            [
              -74.0878493,
              4.8588834
            ],
            [
              -74.0878325,
              4.8586679
            ],
            [
              -74.0880038,
              4.8582956
            ],
            [
              -74.0881976,
              4.8580046
            ],
            [
              -74.088383,
              4.8577414
            ],
            [
              -74.0885263,
              4.8574112
            ],
            [
              -74.0886274,
              4.8572264
            ],
            [
              -74.0889083,
              4.8571033
            ],
            [
              -74.0894645,
              4.8568794
            ],
            [
              -74.0899084,
              4.856745
            ],
            [
              -74.0901584,
              4.8566526
            ],
            [
              -74.0905096,
              4.8565227
            ],
            [
              -74.0906689,
              4.8563569
            ],
            [
              -74.0907326,
              4.8561418
            ],
            [
              -74.0907005,
              4.8559669
            ],
            [
              -74.0905741,
              4.8554939
            ],
            [
              -74.0906752,
              4.8550432
            ],
            [
              -74.0907033,
              4.8547857
            ],
            [
              -74.0909983,
              4.8548473
            ],
            [
              -74.0912876,
              4.8546318
            ],
            [
              -74.0917033,
              4.8543995
            ],
            [
              -74.0919309,
              4.8540776
            ],
            [
              -74.0921444,
              4.8536409
            ],
            [
              -74.0924337,
              4.8533051
            ],
            [
              -74.0927933,
              4.8532211
            ],
            [
              -74.0928747,
              4.8529804
            ],
            [
              -74.0930096,
              4.8527369
            ],
            [
              -74.0930742,
              4.852485
            ],
            [
              -74.0932568,
              4.8520819
            ],
            [
              -74.0934393,
              4.8516425
            ],
            [
              -74.0936135,
              4.8512562
            ],
            [
              -74.0937371,
              4.8509175
            ],
            [
              -74.0939085,
              4.8505173
            ],
            [
              -74.0941276,
              4.8499938
            ],
            [
              -74.0942989,
              4.8493865
            ],
            [
              -74.0939113,
              4.8490198
            ],
            [
              -74.0934369,
              4.8488383
            ],
            [
              -74.0907829,
              4.8476552
            ],
            [
              -74.088251,
              4.8472419
            ],
            [
              -74.0868238,
              4.8470582
            ],
            [
              -74.0867926,
              4.8470198
            ],
            [
              -74.0867551,
              4.8469868
            ],
            [
              -74.0863377,
              4.8467112
            ],
            [
              -74.0858544,
              4.8464018
            ],
            [
              -74.0854592,
              4.8461517
            ],
            [
              -74.0845458,
              4.8455328
            ],
            [
              -74.0837325,
              4.8449941
            ],
            [
              -74.0836222,
              4.8449186
            ],
            [
              -74.0827431,
              4.8443062
            ],
            [
              -74.0825476,
              4.8441686
            ],
            [
              -74.0821532,
              4.8438983
            ],
            [
              -74.0817424,
              4.8436006
            ],
            [
              -74.0812493,
              4.8432515
            ],
            [
              -74.0811493,
              4.8430876
            ],
            [
              -74.0808015,
              4.8428646
            ],
            [
              -74.0806466,
              4.8427906
            ],
            [
              -74.0797806,
              4.8421897
            ],
            [
              -74.0796492,
              4.8421031
            ],
            [
              -74.0796136,
              4.8420811
            ],
            [
              -74.0796067,
              4.8420591
            ],
            [
              -74.0796089,
              4.8420371
            ],
            [
              -74.079578,
              4.8420008
            ],
            [
              -74.0792743,
              4.8417954
            ],
            [
              -74.0790469,
              4.8416277
            ],
            [
              -74.078472,
              4.8412038
            ],
            [
              -74.0783581,
              4.8411647
            ],
            [
              -74.0777884,
              4.8407529
            ],
            [
              -74.0777207,
              4.8406738
            ],
            [
              -74.0776353,
              4.8406116
            ],
            [
              -74.0777268,
              4.8405495
            ],
            [
              -74.0778359,
              4.8404899
            ],
            [
              -74.0779282,
              4.8404421
            ],
            [
              -74.0780326,
              4.8403933
            ],
            [
              -74.0781279,
              4.840348
            ],
            [
              -74.0782032,
              4.8403064
            ],
            [
              -74.0782401,
              4.8402818
            ],
            [
              -74.0782636,
              4.840253
            ],
            [
              -74.0782913,
              4.8402094
            ],
            [
              -74.0782988,
              4.84018
            ],
            [
              -74.0782992,
              4.8401533
            ],
            [
              -74.0782978,
              4.8401195
            ],
            [
              -74.078283,
              4.8400927
            ],
            [
              -74.0782607,
              4.8400746
            ],
            [
              -74.0782356,
              4.8400649
            ],
            [
              -74.0781653,
              4.8400478
            ],
            [
              -74.07809,
              4.8400376
            ],
            [
              -74.0779628,
              4.8400271
            ],
            [
              -74.0778538,
              4.8399956
            ],
            [
              -74.0777986,
              4.8399755
            ],
            [
              -74.0777447,
              4.8399512
            ],
            [
              -74.0776863,
              4.8398898
            ],
            [
              -74.0776405,
              4.8398228
            ],
            [
              -74.0775852,
              4.83973
            ],
            [
              -74.0775666,
              4.8396774
            ],
            [
              -74.0775608,
              4.8396247
            ],
            [
              -74.0775703,
              4.8395796
            ],
            [
              -74.0775879,
              4.839538
            ],
            [
              -74.0776097,
              4.8394999
            ],
            [
              -74.0776309,
              4.8394664
            ],
            [
              -74.0777002,
              4.8393745
            ],
            [
              -74.0777817,
              4.839296
            ],
            [
              -74.0778431,
              4.8392465
            ],
            [
              -74.0779057,
              4.8391946
            ],
            [
              -74.078018,
              4.8391132
            ],
            [
              -74.0780922,
              4.8390746
            ],
            [
              -74.0781447,
              4.8390678
            ],
            [
              -74.0781926,
              4.8390772
            ],
            [
              -74.0783686,
              4.8391488
            ],
            [
              -74.0784481,
              4.8391894
            ],
            [
              -74.0785308,
              4.8392428
            ],
            [
              -74.0785787,
              4.8392848
            ],
            [
              -74.0786092,
              4.8393062
            ],
            [
              -74.0786412,
              4.8393212
            ],
            [
              -74.0786776,
              4.8393255
            ],
            [
              -74.0787115,
              4.8393202
            ],
            [
              -74.0787543,
              4.8393053
            ],
            [
              -74.0787818,
              4.8392824
            ],
            [
              -74.0788231,
              4.8392319
            ],
            [
              -74.0788555,
              4.8391781
            ],
            [
              -74.0788756,
              4.8391193
            ],
            [
              -74.0788861,
              4.8390605
            ],
            [
              -74.078895,
              4.8389432
            ],
            [
              -74.0789109,
              4.838835
            ],
            [
              -74.0789188,
              4.838803
            ],
            [
              -74.0789437,
              4.8387028
            ],
            [
              -74.0789932,
              4.8385846
            ],
            [
              -74.0790548,
              4.8384699
            ],
            [
              -74.0790996,
              4.8383811
            ],
            [
              -74.0791492,
              4.8383205
            ],
            [
              -74.0792153,
              4.8382619
            ],
            [
              -74.0792831,
              4.8382146
            ],
            [
              -74.079343,
              4.8381979
            ],
            [
              -74.0794126,
              4.8381836
            ],
            [
              -74.0795668,
              4.8381574
            ],
            [
              -74.0796928,
              4.8381194
            ],
            [
              -74.0798147,
              4.8380717
            ],
            [
              -74.0799395,
              4.8380105
            ],
            [
              -74.0800676,
              4.8379517
            ],
            [
              -74.0801377,
              4.8379127
            ],
            [
              -74.0801918,
              4.8378785
            ],
            [
              -74.0803037,
              4.8378169
            ],
            [
              -74.0803442,
              4.8377981
            ],
            [
              -74.0803864,
              4.8377906
            ],
            [
              -74.0804521,
              4.8378015
            ],
            [
              -74.0804912,
              4.8378268
            ],
            [
              -74.0805015,
              4.8378915
            ],
            [
              -74.0805231,
              4.8379433
            ],
            [
              -74.0805544,
              4.8379681
            ],
            [
              -74.0805869,
              4.8379809
            ],
            [
              -74.0806401,
              4.8379694
            ],
            [
              -74.0806972,
              4.837926
            ],
            [
              -74.0807429,
              4.8378384
            ],
            [
              -74.0807713,
              4.8377602
            ],
            [
              -74.0807931,
              4.8376836
            ],
            [
              -74.0807977,
              4.837584
            ],
            [
              -74.0807885,
              4.8374956
            ],
            [
              -74.0807516,
              4.837419
            ],
            [
              -74.0806605,
              4.8372979
            ],
            [
              -74.0806077,
              4.8372458
            ],
            [
              -74.0805662,
              4.8371969
            ],
            [
              -74.0805178,
              4.8371228
            ],
            [
              -74.0804824,
              4.8370343
            ],
            [
              -74.0804612,
              4.8367712
            ],
            [
              -74.0804502,
              4.8365318
            ],
            [
              -74.0804537,
              4.8364067
            ],
            [
              -74.0804652,
              4.8362881
            ],
            [
              -74.0804904,
              4.8362373
            ],
            [
              -74.0805221,
              4.8362059
            ],
            [
              -74.080576,
              4.8361828
            ],
            [
              -74.0806267,
              4.8361886
            ],
            [
              -74.0807448,
              4.8362146
            ],
            [
              -74.0808542,
              4.8362313
            ],
            [
              -74.0810118,
              4.8362504
            ],
            [
              -74.081163,
              4.8362912
            ],
            [
              -74.0812109,
              4.8363248
            ],
            [
              -74.0812313,
              4.8363648
            ],
            [
              -74.081256,
              4.8364767
            ],
            [
              -74.0812726,
              4.8365504
            ],
            [
              -74.0812856,
              4.8365802
            ],
            [
              -74.0813082,
              4.8366052
            ],
            [
              -74.0813518,
              4.8366219
            ],
            [
              -74.0813938,
              4.8366258
            ],
            [
              -74.0814358,
              4.8366197
            ],
            [
              -74.0814745,
              4.8366023
            ],
            [
              -74.0815076,
              4.8365626
            ],
            [
              -74.0815295,
              4.8365165
            ],
            [
              -74.0815686,
              4.8363636
            ],
            [
              -74.0815991,
              4.8362257
            ],
            [
              -74.0816249,
              4.8361331
            ],
            [
              -74.0816343,
              4.8360544
            ],
            [
              -74.0817081,
              4.8359122
            ],
            [
              -74.0817866,
              4.8357671
            ],
            [
              -74.081956,
              4.8354095
            ],
            [
              -74.0820126,
              4.8352688
            ],
            [
              -74.0820415,
              4.8351699
            ],
            [
              -74.0820407,
              4.8351484
            ],
            [
              -74.0820385,
              4.8350868
            ],
            [
              -74.0820243,
              4.8350141
            ],
            [
              -74.0816666,
              4.8352247
            ],
            [
              -74.0812853,
              4.8354118
            ],
            [
              -74.0806494,
              4.8356335
            ],
            [
              -74.0800135,
              4.8358346
            ],
            [
              -74.0787315,
              4.8362676
            ],
            [
              -74.0767992,
              4.8368764
            ],
            [
              -74.07641,
              4.8369487
            ],
            [
              -74.0761705,
              4.8369656
            ],
            [
              -74.0757841,
              4.8369805
            ],
            [
              -74.0753932,
              4.8369603
            ],
            [
              -74.0750477,
              4.8369367
            ],
            [
              -74.0747051,
              4.8368751
            ],
            [
              -74.0742993,
              4.8367269
            ],
            [
              -74.07392,
              4.8365611
            ],
            [
              -74.0736716,
              4.836421
            ],
            [
              -74.0734586,
              4.8362751
            ],
            [
              -74.0730107,
              4.8359152
            ],
            [
              -74.0726081,
              4.8354908
            ],
            [
              -74.0720344,
              4.8348319
            ],
            [
              -74.0717513,
              4.8344183
            ],
            [
              -74.0716251,
              4.8340851
            ],
            [
              -74.0715085,
              4.8336797
            ],
            [
              -74.0709389,
              4.8319537
            ],
            [
              -74.070865,
              4.8315212
            ],
            [
              -74.070873,
              4.8303444
            ],
            [
              -74.0708814,
              4.8296928
            ],
            [
              -74.0708837,
              4.8294999
            ],
            [
              -74.0708683,
              4.8288331
            ],
            [
              -74.0708092,
              4.8286966
            ],
            [
              -74.0706846,
              4.8285961
            ],
            [
              -74.0704559,
              4.8285649
            ],
            [
              -74.0696554,
              4.8287368
            ],
            [
              -74.0689568,
              4.8288605
            ],
            [
              -74.0685797,
              4.8288371
            ],
            [
              -74.0681171,
              4.8286777
            ],
            [
              -74.0677571,
              4.8284472
            ],
            [
              -74.0673811,
              4.8281221
            ],
            [
              -74.0672024,
              4.8280523
            ],
            [
              -74.0670508,
              4.8280853
            ],
            [
              -74.0669588,
              4.8281608
            ],
            [
              -74.0668845,
              4.8283453
            ],
            [
              -74.0669462,
              4.8286767
            ],
            [
              -74.0671903,
              4.8298067
            ],
            [
              -74.0673053,
              4.8301915
            ],
            [
              -74.0674064,
              4.8309535
            ],
            [
              -74.0674113,
              4.8312068
            ],
            [
              -74.0674642,
              4.8316999
            ],
            [
              -74.0674216,
              4.8325749
            ],
            [
              -74.0673705,
              4.8329285
            ],
            [
              -74.0671602,
              4.8335609
            ],
            [
              -74.0670204,
              4.8339097
            ],
            [
              -74.0666904,
              4.834526
            ],
            [
              -74.0663985,
              4.8351956
            ],
            [
              -74.0662607,
              4.8353934
            ],
            [
              -74.066085,
              4.8355456
            ],
            [
              -74.0658658,
              4.8356315
            ],
            [
              -74.0657262,
              4.8356594
            ],
            [
              -74.0655354,
              4.8356312
            ],
            [
              -74.0653717,
              4.8355574
            ],
            [
              -74.0652255,
              4.8354338
            ],
            [
              -74.0651357,
              4.8353103
            ],
            [
              -74.064964,
              4.8349829
            ],
            [
              -74.0648487,
              4.8346555
            ],
            [
              -74.0648096,
              4.8343373
            ],
            [
              -74.0648537,
              4.833909
            ],
            [
              -74.0651001,
              4.8325477
            ],
            [
              -74.0650891,
              4.8322248
            ],
            [
              -74.0649928,
              4.8319062
            ],
            [
              -74.0649223,
              4.8316076
            ],
            [
              -74.0648673,
              4.831344
            ],
            [
              -74.0648342,
              4.8309939
            ],
            [
              -74.0648135,
              4.8307489
            ],
            [
              -74.0647253,
              4.830585
            ],
            [
              -74.0646573,
              4.8304958
            ],
            [
              -74.0645668,
              4.8304429
            ],
            [
              -74.0644152,
              4.830428
            ],
            [
              -74.064272,
              4.8304914
            ],
            [
              -74.0641149,
              4.8306428
            ],
            [
              -74.064028,
              4.8308389
            ],
            [
              -74.0639453,
              4.8310685
            ],
            [
              -74.0639019,
              4.8313093
            ],
            [
              -74.0638724,
              4.8317957
            ],
            [
              -74.0639958,
              4.8325868
            ],
            [
              -74.0641433,
              4.8331742
            ],
            [
              -74.064203,
              4.8335001
            ],
            [
              -74.0642234,
              4.8337784
            ],
            [
              -74.0641735,
              4.83401
            ],
            [
              -74.0640843,
              4.8342305
            ],
            [
              -74.0639121,
              4.8344402
            ],
            [
              -74.0637791,
              4.8346275
            ],
            [
              -74.0636845,
              4.8348095
            ],
            [
              -74.0636095,
              4.8350083
            ],
            [
              -74.0634401,
              4.8354183
            ],
            [
              -74.0633742,
              4.8355434
            ],
            [
              -74.0632662,
              4.8356657
            ],
            [
              -74.0631483,
              4.835717
            ],
            [
              -74.0630247,
              4.835718
            ],
            [
              -74.0629106,
              4.8356791
            ],
            [
              -74.0628134,
              4.835587
            ],
            [
              -74.0627535,
              4.8354713
            ],
            [
              -74.0627161,
              4.8353626
            ],
            [
              -74.0626757,
              4.8351444
            ],
            [
              -74.0626859,
              4.8349011
            ],
            [
              -74.0628585,
              4.8335236
            ],
            [
              -74.0628599,
              4.8327485
            ],
            [
              -74.0627901,
              4.8322848
            ],
            [
              -74.0625098,
              4.8318973
            ],
            [
              -74.0620968,
              4.8311409
            ],
            [
              -74.0619493,
              4.8307026
            ],
            [
              -74.0617427,
              4.8300424
            ],
            [
              -74.0614611,
              4.8294985
            ],
            [
              -74.0613658,
              4.8293029
            ],
            [
              -74.0613486,
              4.8291147
            ],
            [
              -74.0612799,
              4.8289693
            ],
            [
              -74.0612199,
              4.8288239
            ],
            [
              -74.0611426,
              4.8286187
            ],
            [
              -74.0610053,
              4.8283621
            ],
            [
              -74.0609498,
              4.8282146
            ],
            [
              -74.0609273,
              4.828082
            ],
            [
              -74.0608911,
              4.8278508
            ],
            [
              -74.0608079,
              4.8277121
            ],
            [
              -74.0605761,
              4.8276009
            ],
            [
              -74.0603453,
              4.8276811
            ],
            [
              -74.0602514,
              4.8277853
            ],
            [
              -74.0602328,
              4.827943
            ],
            [
              -74.060353,
              4.828191
            ],
            [
              -74.0604388,
              4.8284818
            ],
            [
              -74.0603873,
              4.8286785
            ],
            [
              -74.0601556,
              4.8288496
            ],
            [
              -74.0599582,
              4.8289779
            ],
            [
              -74.0595633,
              4.8290976
            ],
            [
              -74.059141,
              4.8291591
            ],
            [
              -74.0587494,
              4.8292353
            ],
            [
              -74.05813,
              4.8292515
            ],
            [
              -74.0577006,
              4.8291885
            ],
            [
              -74.0572717,
              4.8291746
            ],
            [
              -74.0566794,
              4.8291489
            ],
            [
              -74.056322,
              4.8290134
            ],
            [
              -74.0560614,
              4.8290206
            ],
            [
              -74.0559572,
              4.8290701
            ],
            [
              -74.0558845,
              4.8291731
            ],
            [
              -74.0556742,
              4.8295654
            ],
            [
              -74.0554583,
              4.8296977
            ]
          ]
        ]
      },
      "id": "relation/10687625"
    },
    {
      "type": "Feature",
      "properties": {
        "@id": "relation/16204377",
        "admin_level": "8",
        "boundary": "administrative",
        "name": "Cerca de Piedra",
        "type": "boundary"
      },
      "geometry": {
        "type": "Polygon",
        "coordinates": [
          [
            [
              -74.0717419,
              4.8518405
            ],
            [
              -74.0717841,
              4.8518421
            ],
            [
              -74.0718259,
              4.8518472
            ],
            [
              -74.0718672,
              4.8518557
            ],
            [
              -74.0719062,
              4.851872
            ],
            [
              -74.0719419,
              4.8518945
            ],
            [
              -74.0718117,
              4.8520276
            ],
            [
              -74.0722369,
              4.852228
            ],
            [
              -74.0727075,
              4.8524522
            ],
            [
              -74.0728818,
              4.8525252
            ],
            [
              -74.0730771,
              4.8526208
            ],
            [
              -74.0731468,
              4.8526543
            ],
            [
              -74.0736124,
              4.8528586
            ],
            [
              -74.0736191,
              4.8528694
            ],
            [
              -74.0736692,
              4.8529494
            ],
            [
              -74.0736846,
              4.8530546
            ],
            [
              -74.0737826,
              4.8530933
            ],
            [
              -74.074011,
              4.8531835
            ],
            [
              -74.0741989,
              4.853285
            ],
            [
              -74.0743916,
              4.8533682
            ],
            [
              -74.0741913,
              4.8538003
            ],
            [
              -74.073979,
              4.8542583
            ],
            [
              -74.0739218,
              4.8543819
            ],
            [
              -74.0737127,
              4.8548323
            ],
            [
              -74.0739366,
              4.8549317
            ],
            [
              -74.0741146,
              4.8550107
            ],
            [
              -74.0742741,
              4.8550815
            ],
            [
              -74.0750867,
              4.8553975
            ],
            [
              -74.0754973,
              4.8555613
            ],
            [
              -74.075763,
              4.8556673
            ],
            [
              -74.0760256,
              4.8557721
            ],
            [
              -74.0766199,
              4.8560092
            ],
            [
              -74.076805,
              4.8560831
            ],
            [
              -74.0770586,
              4.8561842
            ],
            [
              -74.0777866,
              4.8564747
            ],
            [
              -74.078267,
              4.8566664
            ],
            [
              -74.0784214,
              4.856728
            ],
            [
              -74.0787938,
              4.8568766
            ],
            [
              -74.0789742,
              4.8569486
            ],
            [
              -74.0790171,
              4.8569657
            ],
            [
              -74.0795409,
              4.8571622
            ],
            [
              -74.0799982,
              4.8573571
            ],
            [
              -74.0800872,
              4.8573435
            ],
            [
              -74.0803931,
              4.8573657
            ],
            [
              -74.0805485,
              4.8573906
            ],
            [
              -74.0806591,
              4.8574084
            ],
            [
              -74.0806977,
              4.8572554
            ],
            [
              -74.0807014,
              4.8569784
            ],
            [
              -74.0805828,
              4.8569396
            ],
            [
              -74.0804901,
              4.8568731
            ],
            [
              -74.080259,
              4.8567562
            ],
            [
              -74.0803754,
              4.8565075
            ],
            [
              -74.0804485,
              4.856428
            ],
            [
              -74.0805649,
              4.8563879
            ],
            [
              -74.0807445,
              4.8562623
            ],
            [
              -74.0810973,
              4.8560854
            ],
            [
              -74.0812335,
              4.855884
            ],
            [
              -74.0813374,
              4.8556331
            ],
            [
              -74.0815669,
              4.8557319
            ],
            [
              -74.0816021,
              4.8557855
            ],
            [
              -74.0814705,
              4.8560181
            ],
            [
              -74.0814353,
              4.8560957
            ],
            [
              -74.0814279,
              4.8562231
            ],
            [
              -74.0813698,
              4.856293
            ],
            [
              -74.0817037,
              4.8570534
            ],
            [
              -74.082088,
              4.8567124
            ],
            [
              -74.0821766,
              4.8566723
            ],
            [
              -74.0824606,
              4.8564864
            ],
            [
              -74.0826335,
              4.8563565
            ],
            [
              -74.0827211,
              4.8562727
            ],
            [
              -74.0828189,
              4.8561791
            ],
            [
              -74.0829711,
              4.856003
            ],
            [
              -74.0830718,
              4.8558116
            ],
            [
              -74.0831343,
              4.8556052
            ],
            [
              -74.0833649,
              4.8553791
            ],
            [
              -74.083568,
              4.8550513
            ],
            [
              -74.0838107,
              4.8546816
            ],
            [
              -74.0839487,
              4.854481
            ],
            [
              -74.0840827,
              4.8543355
            ],
            [
              -74.0842491,
              4.8541923
            ],
            [
              -74.0843861,
              4.8540744
            ],
            [
              -74.0840051,
              4.8537567
            ],
            [
              -74.0838821,
              4.8538655
            ],
            [
              -74.0838531,
              4.853878
            ],
            [
              -74.0838241,
              4.8538736
            ],
            [
              -74.0836356,
              4.8537872
            ],
            [
              -74.0831844,
              4.8535536
            ],
            [
              -74.0829747,
              4.8534451
            ],
            [
              -74.0830415,
              4.8533318
            ],
            [
              -74.0830388,
              4.8532536
            ],
            [
              -74.0830039,
              4.8531634
            ],
            [
              -74.0829235,
              4.8529937
            ],
            [
              -74.0828095,
              4.8528561
            ],
            [
              -74.0827357,
              4.8527873
            ],
            [
              -74.0826787,
              4.8527091
            ],
            [
              -74.0826787,
              4.8526289
            ],
            [
              -74.0827086,
              4.8525334
            ],
            [
              -74.0828551,
              4.8521721
            ],
            [
              -74.0829451,
              4.8518982
            ],
            [
              -74.0830396,
              4.8516603
            ],
            [
              -74.0830891,
              4.8515853
            ],
            [
              -74.0831627,
              4.8515115
            ],
            [
              -74.0833291,
              4.8513487
            ],
            [
              -74.0835202,
              4.8512428
            ],
            [
              -74.0838761,
              4.8511136
            ],
            [
              -74.0840352,
              4.8510558
            ],
            [
              -74.0845749,
              4.8509173
            ],
            [
              -74.084933,
              4.8508447
            ],
            [
              -74.0850095,
              4.8508262
            ],
            [
              -74.0850557,
              4.8507842
            ],
            [
              -74.0851542,
              4.8506441
            ],
            [
              -74.0852127,
              4.8505498
            ],
            [
              -74.0852724,
              4.850432
            ],
            [
              -74.0853059,
              4.8503645
            ],
            [
              -74.0853223,
              4.8502855
            ],
            [
              -74.0853213,
              4.8500455
            ],
            [
              -74.0853431,
              4.8499008
            ],
            [
              -74.0853996,
              4.849746
            ],
            [
              -74.0861634,
              4.8483962
            ],
            [
              -74.0865806,
              4.8476222
            ],
            [
              -74.0868037,
              4.847172
            ],
            [
              -74.0868192,
              4.847122
            ],
            [
              -74.0868238,
              4.8470582
            ],
            [
              -74.0867926,
              4.8470198
            ],
            [
              -74.0867551,
              4.8469868
            ],
            [
              -74.0863377,
              4.8467112
            ],
            [
              -74.0858544,
              4.8464018
            ],
            [
              -74.0854592,
              4.8461517
            ],
            [
              -74.0845458,
              4.8455328
            ],
            [
              -74.0837325,
              4.8449941
            ],
            [
              -74.0836222,
              4.8449186
            ],
            [
              -74.0827431,
              4.8443062
            ],
            [
              -74.0825476,
              4.8441686
            ],
            [
              -74.0821532,
              4.8438983
            ],
            [
              -74.0817424,
              4.8436006
            ],
            [
              -74.0812493,
              4.8432515
            ],
            [
              -74.0811493,
              4.8430876
            ],
            [
              -74.0808015,
              4.8428646
            ],
            [
              -74.0806466,
              4.8427906
            ],
            [
              -74.0797806,
              4.8421897
            ],
            [
              -74.0796492,
              4.8421031
            ],
            [
              -74.0796136,
              4.8420811
            ],
            [
              -74.0796067,
              4.8420591
            ],
            [
              -74.0796089,
              4.8420371
            ],
            [
              -74.079578,
              4.8420008
            ],
            [
              -74.0792743,
              4.8417954
            ],
            [
              -74.0790469,
              4.8416277
            ],
            [
              -74.078472,
              4.8412038
            ],
            [
              -74.0783581,
              4.8411647
            ],
            [
              -74.0777884,
              4.8407529
            ],
            [
              -74.0777207,
              4.8406738
            ],
            [
              -74.0776353,
              4.8406116
            ],
            [
              -74.0775235,
              4.8407415
            ],
            [
              -74.0774493,
              4.8408462
            ],
            [
              -74.0774041,
              4.8409709
            ],
            [
              -74.0774015,
              4.8410511
            ],
            [
              -74.0774256,
              4.841126
            ],
            [
              -74.0775115,
              4.8412865
            ],
            [
              -74.0776572,
              4.841476
            ],
            [
              -74.077726,
              4.8416017
            ],
            [
              -74.0777205,
              4.8416649
            ],
            [
              -74.0776873,
              4.8417019
            ],
            [
              -74.0776076,
              4.8417648
            ],
            [
              -74.0775157,
              4.8417566
            ],
            [
              -74.0771172,
              4.8416765
            ],
            [
              -74.0769791,
              4.8416421
            ],
            [
              -74.0768752,
              4.841632
            ],
            [
              -74.0767807,
              4.8415943
            ],
            [
              -74.0766996,
              4.8415383
            ],
            [
              -74.0766494,
              4.8414946
            ],
            [
              -74.0765906,
              4.8414449
            ],
            [
              -74.0765158,
              4.841391
            ],
            [
              -74.0764385,
              4.8413566
            ],
            [
              -74.0763448,
              4.8413287
            ],
            [
              -74.0762771,
              4.841316
            ],
            [
              -74.0762205,
              4.8413325
            ],
            [
              -74.0761749,
              4.8414054
            ],
            [
              -74.076193,
              4.8414795
            ],
            [
              -74.0762289,
              4.8416012
            ],
            [
              -74.0763239,
              4.8418083
            ],
            [
              -74.0763677,
              4.8418899
            ],
            [
              -74.0764091,
              4.8419422
            ],
            [
              -74.0764601,
              4.8420514
            ],
            [
              -74.0764868,
              4.8421571
            ],
            [
              -74.0765063,
              4.8422259
            ],
            [
              -74.0765197,
              4.8422873
            ],
            [
              -74.0765154,
              4.8423517
            ],
            [
              -74.0764915,
              4.8424148
            ],
            [
              -74.0764467,
              4.8424749
            ],
            [
              -74.0764145,
              4.8425074
            ],
            [
              -74.076353,
              4.8425302
            ],
            [
              -74.0762898,
              4.8425509
            ],
            [
              -74.076218,
              4.8425399
            ],
            [
              -74.076147,
              4.8425022
            ],
            [
              -74.0761115,
              4.842439
            ],
            [
              -74.076097,
              4.8421954
            ],
            [
              -74.0760897,
              4.842065
            ],
            [
              -74.0760776,
              4.8419591
            ],
            [
              -74.076085,
              4.8418523
            ],
            [
              -74.07609,
              4.8417709
            ],
            [
              -74.0760705,
              4.8417188
            ],
            [
              -74.0760318,
              4.8416689
            ],
            [
              -74.0759907,
              4.8416264
            ],
            [
              -74.0758927,
              4.8415694
            ],
            [
              -74.0757882,
              4.8415378
            ],
            [
              -74.075685,
              4.8415342
            ],
            [
              -74.0756194,
              4.8415718
            ],
            [
              -74.0755819,
              4.8416314
            ],
            [
              -74.0755673,
              4.8417382
            ],
            [
              -74.0755257,
              4.8418208
            ],
            [
              -74.0755046,
              4.8418521
            ],
            [
              -74.0754733,
              4.8418789
            ],
            [
              -74.0754425,
              4.8418945
            ],
            [
              -74.0754058,
              4.8419071
            ],
            [
              -74.0753208,
              4.8419351
            ],
            [
              -74.0752381,
              4.8419631
            ],
            [
              -74.0751231,
              4.8420175
            ],
            [
              -74.0750805,
              4.8420636
            ],
            [
              -74.0750428,
              4.8421376
            ],
            [
              -74.0750211,
              4.8422097
            ],
            [
              -74.0749986,
              4.8422653
            ],
            [
              -74.0749583,
              4.8423108
            ],
            [
              -74.0748897,
              4.8423324
            ],
            [
              -74.0748428,
              4.8423397
            ],
            [
              -74.0747399,
              4.8423376
            ],
            [
              -74.0746137,
              4.8423204
            ],
            [
              -74.0745544,
              4.8423005
            ],
            [
              -74.0744908,
              4.8422686
            ],
            [
              -74.0744178,
              4.8422605
            ],
            [
              -74.0743551,
              4.8422874
            ],
            [
              -74.0742582,
              4.8423874
            ],
            [
              -74.0741984,
              4.8424481
            ],
            [
              -74.0741318,
              4.842504
            ],
            [
              -74.0740668,
              4.8425423
            ],
            [
              -74.0740232,
              4.8425534
            ],
            [
              -74.0739685,
              4.8425517
            ],
            [
              -74.0738441,
              4.8425046
            ],
            [
              -74.0737358,
              4.8424619
            ],
            [
              -74.0736602,
              4.8424497
            ],
            [
              -74.0736107,
              4.8424561
            ],
            [
              -74.0735692,
              4.8424639
            ],
            [
              -74.0735178,
              4.8424925
            ],
            [
              -74.0734781,
              4.842538
            ],
            [
              -74.0734339,
              4.8426066
            ],
            [
              -74.0734058,
              4.8426899
            ],
            [
              -74.0733911,
              4.8427672
            ],
            [
              -74.0733583,
              4.8430947
            ],
            [
              -74.0733593,
              4.8434992
            ],
            [
              -74.0733821,
              4.8436421
            ],
            [
              -74.0733993,
              4.8437407
            ],
            [
              -74.0733844,
              4.8438185
            ],
            [
              -74.0733483,
              4.8438751
            ],
            [
              -74.0733122,
              4.8438979
            ],
            [
              -74.0732432,
              4.8439027
            ],
            [
              -74.0731507,
              4.8438926
            ],
            [
              -74.0730963,
              4.8438689
            ],
            [
              -74.0730566,
              4.8438364
            ],
            [
              -74.0730127,
              4.8438053
            ],
            [
              -74.0729304,
              4.8437664
            ],
            [
              -74.072837,
              4.8437432
            ],
            [
              -74.0727631,
              4.8437236
            ],
            [
              -74.0726629,
              4.8437042
            ],
            [
              -74.072579,
              4.8436989
            ],
            [
              -74.0725304,
              4.843708
            ],
            [
              -74.072498,
              4.843742
            ],
            [
              -74.0724462,
              4.8438173
            ],
            [
              -74.0724026,
              4.8438787
            ],
            [
              -74.0723631,
              4.8439381
            ],
            [
              -74.0723169,
              4.8439833
            ],
            [
              -74.0722648,
              4.8440064
            ],
            [
              -74.0722073,
              4.844016
            ],
            [
              -74.072119,
              4.8440113
            ],
            [
              -74.072055,
              4.8440075
            ],
            [
              -74.0719858,
              4.8440235
            ],
            [
              -74.0719411,
              4.844053
            ],
            [
              -74.0719053,
              4.8441016
            ],
            [
              -74.0718879,
              4.8441461
            ],
            [
              -74.071883,
              4.8442001
            ],
            [
              -74.0718897,
              4.8443105
            ],
            [
              -74.0719122,
              4.844387
            ],
            [
              -74.0719361,
              4.844454
            ],
            [
              -74.0719473,
              4.8445378
            ],
            [
              -74.0719492,
              4.8445995
            ],
            [
              -74.0719398,
              4.8446568
            ],
            [
              -74.0719202,
              4.8447008
            ],
            [
              -74.0718844,
              4.8447233
            ],
            [
              -74.0718261,
              4.844747
            ],
            [
              -74.0717668,
              4.8447456
            ],
            [
              -74.0717398,
              4.8447164
            ],
            [
              -74.0717116,
              4.8446768
            ],
            [
              -74.0716976,
              4.8446131
            ],
            [
              -74.0716861,
              4.844546
            ],
            [
              -74.0716436,
              4.8444744
            ],
            [
              -74.0716043,
              4.8444455
            ],
            [
              -74.0715665,
              4.8444284
            ],
            [
              -74.0715149,
              4.8444205
            ],
            [
              -74.0714522,
              4.8444269
            ],
            [
              -74.0714018,
              4.8444667
            ],
            [
              -74.0713793,
              4.8445255
            ],
            [
              -74.0713818,
              4.8446143
            ],
            [
              -74.0713786,
              4.8447086
            ],
            [
              -74.0713689,
              4.8447711
            ],
            [
              -74.0713665,
              4.8448196
            ],
            [
              -74.0713508,
              4.8448993
            ],
            [
              -74.0713187,
              4.8449589
            ],
            [
              -74.0712695,
              4.8450106
            ],
            [
              -74.071227,
              4.8450478
            ],
            [
              -74.071077,
              4.8452003
            ],
            [
              -74.0709938,
              4.8452693
            ],
            [
              -74.0709061,
              4.8453386
            ],
            [
              -74.07084,
              4.8453824
            ],
            [
              -74.0707863,
              4.8454029
            ],
            [
              -74.0706923,
              4.8454172
            ],
            [
              -74.0706228,
              4.8454094
            ],
            [
              -74.0705581,
              4.8454066
            ],
            [
              -74.0704778,
              4.8454128
            ],
            [
              -74.0704291,
              4.8454446
            ],
            [
              -74.0703767,
              4.845502
            ],
            [
              -74.0703336,
              4.8455641
            ],
            [
              -74.0702592,
              4.8457876
            ],
            [
              -74.0702105,
              4.8460146
            ],
            [
              -74.0701997,
              4.8461026
            ],
            [
              -74.0701897,
              4.8461501
            ],
            [
              -74.0701715,
              4.8461801
            ],
            [
              -74.0701011,
              4.8462429
            ],
            [
              -74.0700023,
              4.8463249
            ],
            [
              -74.0699657,
              4.8463531
            ],
            [
              -74.0699397,
              4.8463941
            ],
            [
              -74.069916,
              4.8464493
            ],
            [
              -74.069899,
              4.8465199
            ],
            [
              -74.0698974,
              4.8465779
            ],
            [
              -74.0699142,
              4.8466191
            ],
            [
              -74.0699391,
              4.8466492
            ],
            [
              -74.0700171,
              4.8466845
            ],
            [
              -74.0702902,
              4.8467539
            ],
            [
              -74.0704332,
              4.8467973
            ],
            [
              -74.0705225,
              4.846821
            ],
            [
              -74.0706102,
              4.8468318
            ],
            [
              -74.0707019,
              4.8468162
            ],
            [
              -74.0707755,
              4.8468094
            ],
            [
              -74.0708259,
              4.8468121
            ],
            [
              -74.0708593,
              4.8468288
            ],
            [
              -74.0708816,
              4.846846
            ],
            [
              -74.0708992,
              4.8469076
            ],
            [
              -74.0709168,
              4.8469901
            ],
            [
              -74.0709435,
              4.847051
            ],
            [
              -74.0709562,
              4.8471154
            ],
            [
              -74.0709696,
              4.847197
            ],
            [
              -74.070979,
              4.8472943
            ],
            [
              -74.0709723,
              4.8473764
            ],
            [
              -74.0709368,
              4.8474465
            ],
            [
              -74.0708937,
              4.847491
            ],
            [
              -74.0708507,
              4.8475311
            ],
            [
              -74.0707826,
              4.8475474
            ],
            [
              -74.0707023,
              4.8475594
            ],
            [
              -74.0706201,
              4.8475708
            ],
            [
              -74.0705219,
              4.847585
            ],
            [
              -74.0704459,
              4.847602
            ],
            [
              -74.0703259,
              4.8476436
            ],
            [
              -74.0702409,
              4.8476747
            ],
            [
              -74.0701955,
              4.8476829
            ],
            [
              -74.0701414,
              4.8476777
            ],
            [
              -74.0700785,
              4.8476515
            ],
            [
              -74.0700395,
              4.8476215
            ],
            [
              -74.0699978,
              4.8475716
            ],
            [
              -74.0699684,
              4.8475356
            ],
            [
              -74.0699292,
              4.8474796
            ],
            [
              -74.069887,
              4.8474454
            ],
            [
              -74.0698186,
              4.8474167
            ],
            [
              -74.0697549,
              4.8474054
            ],
            [
              -74.0697121,
              4.8474182
            ],
            [
              -74.06964,
              4.8474552
            ],
            [
              -74.0696143,
              4.8474899
            ],
            [
              -74.0695994,
              4.8475354
            ],
            [
              -74.0695933,
              4.8475918
            ],
            [
              -74.0696007,
              4.847663
            ],
            [
              -74.0696245,
              4.8477278
            ],
            [
              -74.0696821,
              4.8477789
            ],
            [
              -74.0697185,
              4.847815
            ],
            [
              -74.0697458,
              4.847849
            ],
            [
              -74.069775,
              4.8479256
            ],
            [
              -74.0697733,
              4.8479999
            ],
            [
              -74.0697433,
              4.8480689
            ],
            [
              -74.0696883,
              4.8481176
            ],
            [
              -74.0696192,
              4.8481461
            ],
            [
              -74.069549,
              4.8481881
            ],
            [
              -74.0694945,
              4.8482423
            ],
            [
              -74.0694556,
              4.8483045
            ],
            [
              -74.0694417,
              4.8483661
            ],
            [
              -74.0694445,
              4.8484116
            ],
            [
              -74.0694622,
              4.8484567
            ],
            [
              -74.0695034,
              4.8485073
            ],
            [
              -74.0695659,
              4.8485514
            ],
            [
              -74.0697077,
              4.8486362
            ],
            [
              -74.0698203,
              4.84871
            ],
            [
              -74.0698772,
              4.8487621
            ],
            [
              -74.0699507,
              4.8488214
            ],
            [
              -74.0700159,
              4.84889
            ],
            [
              -74.0700267,
              4.8489151
            ],
            [
              -74.0700284,
              4.8489632
            ],
            [
              -74.0700158,
              4.8489978
            ],
            [
              -74.0699977,
              4.8490302
            ],
            [
              -74.0699437,
              4.8491107
            ],
            [
              -74.0699015,
              4.8491724
            ],
            [
              -74.0698676,
              4.8492406
            ],
            [
              -74.0698151,
              4.8493611
            ],
            [
              -74.069756,
              4.8495557
            ],
            [
              -74.0697404,
              4.8496497
            ],
            [
              -74.0697386,
              4.8497304
            ],
            [
              -74.0697209,
              4.8498494
            ],
            [
              -74.0696929,
              4.8499364
            ],
            [
              -74.0696548,
              4.8499957
            ],
            [
              -74.0696258,
              4.8500452
            ],
            [
              -74.0696009,
              4.850093
            ],
            [
              -74.0695828,
              4.8501351
            ],
            [
              -74.0695732,
              4.8502221
            ],
            [
              -74.0695748,
              4.850282
            ],
            [
              -74.0696073,
              4.8504124
            ],
            [
              -74.0696347,
              4.8505159
            ],
            [
              -74.0696408,
              4.8505991
            ],
            [
              -74.0696257,
              4.8506564
            ],
            [
              -74.0695996,
              4.8507095
            ],
            [
              -74.0695666,
              4.8507637
            ],
            [
              -74.0695214,
              4.8508015
            ],
            [
              -74.0694674,
              4.8508115
            ],
            [
              -74.0693747,
              4.8507982
            ],
            [
              -74.0692899,
              4.8507786
            ],
            [
              -74.0692104,
              4.8507591
            ],
            [
              -74.0691234,
              4.8507272
            ],
            [
              -74.0690572,
              4.8506974
            ],
            [
              -74.0689926,
              4.8506566
            ],
            [
              -74.068953,
              4.8506154
            ],
            [
              -74.0689127,
              4.8505571
            ],
            [
              -74.0688342,
              4.8504564
            ],
            [
              -74.0687805,
              4.850395
            ],
            [
              -74.068724,
              4.8503195
            ],
            [
              -74.0686662,
              4.8502545
            ],
            [
              -74.0686092,
              4.850202
            ],
            [
              -74.0685844,
              4.8501862
            ],
            [
              -74.0685414,
              4.8501645
            ],
            [
              -74.0684819,
              4.8501504
            ],
            [
              -74.0684299,
              4.8501494
            ],
            [
              -74.0683826,
              4.8501612
            ],
            [
              -74.0683475,
              4.8501877
            ],
            [
              -74.0683105,
              4.8502383
            ],
            [
              -74.0682805,
              4.8502862
            ],
            [
              -74.0682763,
              4.8503332
            ],
            [
              -74.068296,
              4.8504075
            ],
            [
              -74.0683471,
              4.8505029
            ],
            [
              -74.0683759,
              4.8505625
            ],
            [
              -74.0683806,
              4.8506088
            ],
            [
              -74.0683791,
              4.8506739
            ],
            [
              -74.0684034,
              4.8508404
            ],
            [
              -74.0684086,
              4.8509112
            ],
            [
              -74.06841,
              4.8509387
            ],
            [
              -74.0684008,
              4.8509658
            ],
            [
              -74.0683806,
              4.850988
            ],
            [
              -74.0681437,
              4.8511411
            ],
            [
              -74.0681227,
              4.8511575
            ],
            [
              -74.0681057,
              4.8511829
            ],
            [
              -74.0680902,
              4.8512117
            ],
            [
              -74.0680755,
              4.8512515
            ],
            [
              -74.068057,
              4.8513001
            ],
            [
              -74.0680501,
              4.8513345
            ],
            [
              -74.0680573,
              4.8513725
            ],
            [
              -74.0680781,
              4.8514192
            ],
            [
              -74.0680993,
              4.8514488
            ],
            [
              -74.0681255,
              4.8514751
            ],
            [
              -74.0681419,
              4.8514924
            ],
            [
              -74.0681788,
              4.8514969
            ],
            [
              -74.0682153,
              4.8515237
            ],
            [
              -74.0682451,
              4.8515638
            ],
            [
              -74.0682633,
              4.8516231
            ],
            [
              -74.0682842,
              4.8516778
            ],
            [
              -74.0683202,
              4.8517752
            ],
            [
              -74.0683631,
              4.8519074
            ],
            [
              -74.0683874,
              4.8519666
            ],
            [
              -74.0684153,
              4.852005
            ],
            [
              -74.0684413,
              4.8520264
            ],
            [
              -74.0684798,
              4.8520359
            ],
            [
              -74.0685315,
              4.8520555
            ],
            [
              -74.0685601,
              4.8520584
            ],
            [
              -74.0686018,
              4.8520515
            ],
            [
              -74.0686523,
              4.8520485
            ],
            [
              -74.0687442,
              4.8520655
            ],
            [
              -74.0688283,
              4.8521042
            ],
            [
              -74.0689048,
              4.8521471
            ],
            [
              -74.0689749,
              4.8521746
            ],
            [
              -74.0690175,
              4.8522012
            ],
            [
              -74.0690795,
              4.8522338
            ],
            [
              -74.0691603,
              4.8521427
            ],
            [
              -74.0691876,
              4.8521103
            ],
            [
              -74.0692293,
              4.852097
            ],
            [
              -74.0692835,
              4.8520866
            ],
            [
              -74.0693591,
              4.8520857
            ],
            [
              -74.0694919,
              4.8520958
            ],
            [
              -74.0703526,
              4.8520781
            ],
            [
              -74.0705189,
              4.8520655
            ],
            [
              -74.070649,
              4.8520637
            ],
            [
              -74.0708164,
              4.8520735
            ],
            [
              -74.070858,
              4.8520725
            ],
            [
              -74.0708971,
              4.8520685
            ],
            [
              -74.0709397,
              4.8520575
            ],
            [
              -74.0709866,
              4.8520388
            ],
            [
              -74.0711092,
              4.851995
            ],
            [
              -74.0711844,
              4.8519677
            ],
            [
              -74.0712686,
              4.8519395
            ],
            [
              -74.0714242,
              4.8518983
            ],
            [
              -74.0716678,
              4.8518462
            ],
            [
              -74.0717419,
              4.8518405
            ]
          ]
        ]
      },
      "id": "relation/16204377"
    },
    {
      "type": "Feature",
      "properties": {
        "@id": "relation/16204378",
        "admin_level": "8",
        "boundary": "administrative",
        "name": "Fonquetá",
        "type": "boundary"
      },
      "geometry": {
        "type": "Polygon",
        "coordinates": [
          [
            [
              -74.0717419,
              4.8518405
            ],
            [
              -74.0716678,
              4.8518462
            ],
            [
              -74.0714242,
              4.8518983
            ],
            [
              -74.0712686,
              4.8519395
            ],
            [
              -74.0711844,
              4.8519677
            ],
            [
              -74.0711092,
              4.851995
            ],
            [
              -74.0709866,
              4.8520388
            ],
            [
              -74.0709397,
              4.8520575
            ],
            [
              -74.0708971,
              4.8520685
            ],
            [
              -74.070858,
              4.8520725
            ],
            [
              -74.0708164,
              4.8520735
            ],
            [
              -74.070649,
              4.8520637
            ],
            [
              -74.0705189,
              4.8520655
            ],
            [
              -74.0703526,
              4.8520781
            ],
            [
              -74.0694919,
              4.8520958
            ],
            [
              -74.0693591,
              4.8520857
            ],
            [
              -74.0692835,
              4.8520866
            ],
            [
              -74.0692293,
              4.852097
            ],
            [
              -74.0691876,
              4.8521103
            ],
            [
              -74.0691603,
              4.8521427
            ],
            [
              -74.0690795,
              4.8522338
            ],
            [
              -74.0691246,
              4.8522576
            ],
            [
              -74.0691876,
              4.8522664
            ],
            [
              -74.069264,
              4.8522621
            ],
            [
              -74.0693407,
              4.8522821
            ],
            [
              -74.0694095,
              4.8523136
            ],
            [
              -74.069448,
              4.8523372
            ],
            [
              -74.0694819,
              4.852371
            ],
            [
              -74.0695091,
              4.8524101
            ],
            [
              -74.0695245,
              4.8524672
            ],
            [
              -74.0695351,
              4.8525224
            ],
            [
              -74.0695253,
              4.8525748
            ],
            [
              -74.0695016,
              4.8527141
            ],
            [
              -74.069498,
              4.8528009
            ],
            [
              -74.0694902,
              4.8528415
            ],
            [
              -74.0694649,
              4.8528937
            ],
            [
              -74.0694385,
              4.852945
            ],
            [
              -74.0693991,
              4.8529836
            ],
            [
              -74.0693476,
              4.8530227
            ],
            [
              -74.0693024,
              4.8530487
            ],
            [
              -74.0692536,
              4.8530577
            ],
            [
              -74.0692032,
              4.8530498
            ],
            [
              -74.0691544,
              4.8530367
            ],
            [
              -74.0691143,
              4.8530213
            ],
            [
              -74.0690794,
              4.8529993
            ],
            [
              -74.0690528,
              4.8529709
            ],
            [
              -74.0690391,
              4.8529361
            ],
            [
              -74.069011,
              4.8528615
            ],
            [
              -74.0689733,
              4.8527965
            ],
            [
              -74.0689336,
              4.8527538
            ],
            [
              -74.0688906,
              4.8527232
            ],
            [
              -74.0688244,
              4.8527026
            ],
            [
              -74.0687555,
              4.8526951
            ],
            [
              -74.0686716,
              4.852689
            ],
            [
              -74.0686066,
              4.8526829
            ],
            [
              -74.0685415,
              4.8526848
            ],
            [
              -74.0684883,
              4.8526924
            ],
            [
              -74.0684476,
              4.8527002
            ],
            [
              -74.0684125,
              4.8527139
            ],
            [
              -74.0683788,
              4.8527322
            ],
            [
              -74.0683481,
              4.8527503
            ],
            [
              -74.0683303,
              4.8527722
            ],
            [
              -74.0683227,
              4.8528207
            ],
            [
              -74.0683495,
              4.8528602
            ],
            [
              -74.0683689,
              4.8528846
            ],
            [
              -74.0684042,
              4.8529192
            ],
            [
              -74.0684293,
              4.8529517
            ],
            [
              -74.068464,
              4.8529871
            ],
            [
              -74.0685011,
              4.8530287
            ],
            [
              -74.0685335,
              4.85308
            ],
            [
              -74.0685621,
              4.8531471
            ],
            [
              -74.0685755,
              4.8531924
            ],
            [
              -74.0685955,
              4.8532511
            ],
            [
              -74.0686057,
              4.8532849
            ],
            [
              -74.0686108,
              4.8533072
            ],
            [
              -74.0686111,
              4.853337
            ],
            [
              -74.0686088,
              4.8533685
            ],
            [
              -74.0685988,
              4.8533883
            ],
            [
              -74.0685786,
              4.8534141
            ],
            [
              -74.0685083,
              4.8534304
            ],
            [
              -74.0683832,
              4.8533984
            ],
            [
              -74.0682914,
              4.8533824
            ],
            [
              -74.0681695,
              4.8533753
            ],
            [
              -74.0680803,
              4.8533785
            ],
            [
              -74.0680091,
              4.8533947
            ],
            [
              -74.0679365,
              4.8534138
            ],
            [
              -74.0678898,
              4.8534449
            ],
            [
              -74.0678662,
              4.8534732
            ],
            [
              -74.0678341,
              4.853561
            ],
            [
              -74.067842,
              4.8536179
            ],
            [
              -74.0678409,
              4.8536991
            ],
            [
              -74.0678438,
              4.8537941
            ],
            [
              -74.0678489,
              4.8538548
            ],
            [
              -74.0678525,
              4.8539128
            ],
            [
              -74.067854,
              4.853959
            ],
            [
              -74.0678568,
              4.8540162
            ],
            [
              -74.0678471,
              4.8540933
            ],
            [
              -74.0678416,
              4.8541433
            ],
            [
              -74.0678231,
              4.854171
            ],
            [
              -74.0677286,
              4.8542431
            ],
            [
              -74.0676635,
              4.8542928
            ],
            [
              -74.0676304,
              4.8543435
            ],
            [
              -74.0675524,
              4.8544539
            ],
            [
              -74.067523,
              4.8545071
            ],
            [
              -74.0675137,
              4.8545563
            ],
            [
              -74.0675296,
              4.8546444
            ],
            [
              -74.0675102,
              4.8547645
            ],
            [
              -74.0675051,
              4.8548469
            ],
            [
              -74.067502,
              4.8549327
            ],
            [
              -74.067483,
              4.8550904
            ],
            [
              -74.0674492,
              4.855202
            ],
            [
              -74.0674275,
              4.8553447
            ],
            [
              -74.0674279,
              4.8554242
            ],
            [
              -74.0674294,
              4.8554669
            ],
            [
              -74.0674406,
              4.8555271
            ],
            [
              -74.0674671,
              4.8556128
            ],
            [
              -74.0674908,
              4.8556929
            ],
            [
              -74.0675957,
              4.8559398
            ],
            [
              -74.067644,
              4.8560842
            ],
            [
              -74.067711,
              4.8562313
            ],
            [
              -74.0677539,
              4.8563325
            ],
            [
              -74.0677885,
              4.8564035
            ],
            [
              -74.0678452,
              4.8565315
            ],
            [
              -74.0679028,
              4.8566537
            ],
            [
              -74.0679636,
              4.8567857
            ],
            [
              -74.0680144,
              4.856901
            ],
            [
              -74.0680617,
              4.8570553
            ],
            [
              -74.0680821,
              4.8571317
            ],
            [
              -74.0680891,
              4.8571937
            ],
            [
              -74.0680819,
              4.8573136
            ],
            [
              -74.0680453,
              4.8574387
            ],
            [
              -74.0679709,
              4.8576116
            ],
            [
              -74.067885,
              4.8578312
            ],
            [
              -74.0678085,
              4.8580562
            ],
            [
              -74.0677176,
              4.8582787
            ],
            [
              -74.0676778,
              4.8583599
            ],
            [
              -74.0676449,
              4.8584271
            ],
            [
              -74.0675984,
              4.8585043
            ],
            [
              -74.0675782,
              4.8585765
            ],
            [
              -74.0675528,
              4.8586675
            ],
            [
              -74.0675346,
              4.8587646
            ],
            [
              -74.067522,
              4.8588794
            ],
            [
              -74.0675331,
              4.8590228
            ],
            [
              -74.0675505,
              4.8591345
            ],
            [
              -74.0676304,
              4.8592584
            ],
            [
              -74.0677871,
              4.8594661
            ],
            [
              -74.0678397,
              4.859581
            ],
            [
              -74.0678562,
              4.8596541
            ],
            [
              -74.0678437,
              4.8597263
            ],
            [
              -74.0677992,
              4.8598092
            ],
            [
              -74.0677508,
              4.8598649
            ],
            [
              -74.0676935,
              4.8599068
            ],
            [
              -74.0676128,
              4.8599501
            ],
            [
              -74.0674495,
              4.8600163
            ],
            [
              -74.0673605,
              4.8600544
            ],
            [
              -74.0672985,
              4.8600916
            ],
            [
              -74.0672511,
              4.8601236
            ],
            [
              -74.067218,
              4.8601624
            ],
            [
              -74.0671778,
              4.8602364
            ],
            [
              -74.0671619,
              4.8602789
            ],
            [
              -74.0671727,
              4.8603268
            ],
            [
              -74.0671966,
              4.8603657
            ],
            [
              -74.0672541,
              4.860412
            ],
            [
              -74.0673441,
              4.8604651
            ],
            [
              -74.0673802,
              4.8604752
            ],
            [
              -74.0674162,
              4.8604761
            ],
            [
              -74.0674543,
              4.8604837
            ],
            [
              -74.067478,
              4.8604988
            ],
            [
              -74.0674988,
              4.860527
            ],
            [
              -74.0675026,
              4.8605493
            ],
            [
              -74.0674805,
              4.8606279
            ],
            [
              -74.0673844,
              4.8608181
            ],
            [
              -74.0673417,
              4.8609119
            ],
            [
              -74.0673263,
              4.8609807
            ],
            [
              -74.0672487,
              4.8613382
            ],
            [
              -74.0671903,
              4.8616774
            ],
            [
              -74.067186,
              4.8617203
            ],
            [
              -74.0671929,
              4.8617667
            ],
            [
              -74.0672873,
              4.862045
            ],
            [
              -74.0673303,
              4.8621326
            ],
            [
              -74.0673571,
              4.8621749
            ],
            [
              -74.0673708,
              4.8622016
            ],
            [
              -74.0673752,
              4.8622291
            ],
            [
              -74.0673755,
              4.8622564
            ],
            [
              -74.0673649,
              4.8622752
            ],
            [
              -74.0673452,
              4.8622981
            ],
            [
              -74.0673142,
              4.8623264
            ],
            [
              -74.0672143,
              4.8623957
            ],
            [
              -74.0671575,
              4.8624291
            ],
            [
              -74.0670941,
              4.8624533
            ],
            [
              -74.0670518,
              4.8624641
            ],
            [
              -74.0670149,
              4.8624584
            ],
            [
              -74.0669711,
              4.8624429
            ],
            [
              -74.0669015,
              4.8623893
            ],
            [
              -74.0668544,
              4.8623373
            ],
            [
              -74.0668369,
              4.8623222
            ],
            [
              -74.0668214,
              4.8623094
            ],
            [
              -74.0667955,
              4.8623034
            ],
            [
              -74.0667686,
              4.8623017
            ],
            [
              -74.066666,
              4.8623488
            ],
            [
              -74.0665993,
              4.8623719
            ],
            [
              -74.0665442,
              4.8624077
            ],
            [
              -74.0664905,
              4.8624395
            ],
            [
              -74.0664357,
              4.8624634
            ],
            [
              -74.0663957,
              4.8624947
            ],
            [
              -74.0663689,
              4.8625453
            ],
            [
              -74.0663424,
              4.8625816
            ],
            [
              -74.0663385,
              4.8625953
            ],
            [
              -74.0663404,
              4.8626098
            ],
            [
              -74.0663602,
              4.8626669
            ],
            [
              -74.0664004,
              4.8627393
            ],
            [
              -74.0664595,
              4.8627715
            ],
            [
              -74.0665471,
              4.8628212
            ],
            [
              -74.0666648,
              4.862891
            ],
            [
              -74.066778,
              4.8629845
            ],
            [
              -74.0668285,
              4.8630133
            ],
            [
              -74.0668427,
              4.8630354
            ],
            [
              -74.0668565,
              4.8630603
            ],
            [
              -74.0668887,
              4.8631667
            ],
            [
              -74.0670239,
              4.863883
            ],
            [
              -74.0670714,
              4.8640627
            ],
            [
              -74.0671075,
              4.864185
            ],
            [
              -74.0671238,
              4.8642756
            ],
            [
              -74.0671634,
              4.8643497
            ],
            [
              -74.0672315,
              4.8644228
            ],
            [
              -74.0673098,
              4.8645041
            ],
            [
              -74.0673718,
              4.8645735
            ],
            [
              -74.0674088,
              4.8646847
            ],
            [
              -74.0674246,
              4.864749
            ],
            [
              -74.0674163,
              4.8648099
            ],
            [
              -74.0673762,
              4.8648976
            ],
            [
              -74.0673052,
              4.8649789
            ],
            [
              -74.067255,
              4.8650603
            ],
            [
              -74.0672205,
              4.8651057
            ],
            [
              -74.0671556,
              4.8651264
            ],
            [
              -74.0670782,
              4.865128
            ],
            [
              -74.0670305,
              4.8651285
            ],
            [
              -74.0669948,
              4.8651457
            ],
            [
              -74.0669693,
              4.8651833
            ],
            [
              -74.0669418,
              4.8652702
            ],
            [
              -74.06693,
              4.8653672
            ],
            [
              -74.0669255,
              4.865447
            ],
            [
              -74.0669641,
              4.865527
            ],
            [
              -74.0669932,
              4.8655801
            ],
            [
              -74.0669927,
              4.8656331
            ],
            [
              -74.0669517,
              4.8657066
            ],
            [
              -74.0669084,
              4.8657727
            ],
            [
              -74.0668546,
              4.8658445
            ],
            [
              -74.0667955,
              4.8659085
            ],
            [
              -74.0667472,
              4.8659318
            ],
            [
              -74.0666412,
              4.8659925
            ],
            [
              -74.0665796,
              4.8660161
            ],
            [
              -74.0665153,
              4.8660263
            ],
            [
              -74.0664686,
              4.8660214
            ],
            [
              -74.0663112,
              4.8659635
            ],
            [
              -74.0661431,
              4.8659116
            ],
            [
              -74.0660601,
              4.865889
            ],
            [
              -74.065973,
              4.8658898
            ],
            [
              -74.0658979,
              4.8659266
            ],
            [
              -74.0658847,
              4.8659972
            ],
            [
              -74.0659089,
              4.866118
            ],
            [
              -74.0659116,
              4.8661582
            ],
            [
              -74.0659277,
              4.8661878
            ],
            [
              -74.0659573,
              4.8662016
            ],
            [
              -74.0659854,
              4.8662168
            ],
            [
              -74.0660611,
              4.8662497
            ],
            [
              -74.0661197,
              4.8663016
            ],
            [
              -74.0661392,
              4.8663372
            ],
            [
              -74.0661481,
              4.8663822
            ],
            [
              -74.0661492,
              4.8665123
            ],
            [
              -74.0661207,
              4.8666717
            ],
            [
              -74.0660726,
              4.8668217
            ],
            [
              -74.0660392,
              4.8669007
            ],
            [
              -74.0660111,
              4.8669368
            ],
            [
              -74.0660004,
              4.866965
            ],
            [
              -74.0659884,
              4.8670419
            ],
            [
              -74.0659904,
              4.8671351
            ],
            [
              -74.0659954,
              4.8671904
            ],
            [
              -74.0659879,
              4.8672307
            ],
            [
              -74.066161,
              4.8673243
            ],
            [
              -74.0664218,
              4.8672739
            ],
            [
              -74.0667831,
              4.867253
            ],
            [
              -74.0669163,
              4.8672889
            ],
            [
              -74.0670643,
              4.867303
            ],
            [
              -74.0680738,
              4.8676281
            ],
            [
              -74.0681675,
              4.8676387
            ],
            [
              -74.0680982,
              4.8677743
            ],
            [
              -74.068035,
              4.8679043
            ],
            [
              -74.0677985,
              4.8686582
            ],
            [
              -74.0677717,
              4.8686945
            ],
            [
              -74.0677998,
              4.8687472
            ],
            [
              -74.0678032,
              4.868826
            ],
            [
              -74.0680028,
              4.8691553
            ],
            [
              -74.0682964,
              4.8693929
            ],
            [
              -74.0683719,
              4.8695838
            ],
            [
              -74.068537,
              4.8697434
            ],
            [
              -74.0682443,
              4.8700951
            ],
            [
              -74.068167,
              4.8700494
            ],
            [
              -74.0682371,
              4.8699546
            ],
            [
              -74.0681209,
              4.8698657
            ],
            [
              -74.0678411,
              4.870376
            ],
            [
              -74.0677922,
              4.8704051
            ],
            [
              -74.0677305,
              4.8705349
            ],
            [
              -74.0677904,
              4.8705686
            ],
            [
              -74.0677995,
              4.8706187
            ],
            [
              -74.0680324,
              4.8706693
            ],
            [
              -74.0675746,
              4.8713324
            ],
            [
              -74.0678934,
              4.8715026
            ],
            [
              -74.0685419,
              4.8711598
            ],
            [
              -74.0688719,
              4.8714885
            ],
            [
              -74.0690388,
              4.8715775
            ],
            [
              -74.0687125,
              4.8722796
            ],
            [
              -74.0687496,
              4.8723362
            ],
            [
              -74.069456,
              4.8726483
            ],
            [
              -74.0693549,
              4.8729226
            ],
            [
              -74.0701401,
              4.8732564
            ],
            [
              -74.0703775,
              4.8727014
            ],
            [
              -74.0704411,
              4.8727432
            ],
            [
              -74.070431,
              4.8728792
            ],
            [
              -74.0706678,
              4.8731525
            ],
            [
              -74.0709765,
              4.8726534
            ],
            [
              -74.0710781,
              4.872717
            ],
            [
              -74.0715049,
              4.8730639
            ],
            [
              -74.0717098,
              4.8731924
            ],
            [
              -74.071861,
              4.8733286
            ],
            [
              -74.0717049,
              4.8736009
            ],
            [
              -74.0720964,
              4.8737989
            ],
            [
              -74.0715908,
              4.8748608
            ],
            [
              -74.072421,
              4.8753363
            ],
            [
              -74.0725008,
              4.8751227
            ],
            [
              -74.0726057,
              4.8748422
            ],
            [
              -74.0742148,
              4.8754019
            ],
            [
              -74.0737701,
              4.876688
            ],
            [
              -74.0745903,
              4.8769736
            ],
            [
              -74.0746449,
              4.8767761
            ],
            [
              -74.0746442,
              4.8766318
            ],
            [
              -74.0745647,
              4.8761954
            ],
            [
              -74.0745387,
              4.8759882
            ],
            [
              -74.0757787,
              4.8762421
            ],
            [
              -74.0765653,
              4.8763106
            ],
            [
              -74.0767957,
              4.8754497
            ],
            [
              -74.07682,
              4.8753027
            ],
            [
              -74.0768948,
              4.8748513
            ],
            [
              -74.076987,
              4.8748795
            ],
            [
              -74.0771388,
              4.8749375
            ],
            [
              -74.0772661,
              4.8750067
            ],
            [
              -74.0772888,
              4.8747583
            ],
            [
              -74.0771269,
              4.8747371
            ],
            [
              -74.0769703,
              4.8747102
            ],
            [
              -74.0768665,
              4.874475
            ],
            [
              -74.0767189,
              4.8742245
            ],
            [
              -74.0771651,
              4.8740813
            ],
            [
              -74.0777367,
              4.874057
            ],
            [
              -74.0786932,
              4.8739152
            ],
            [
              -74.0795779,
              4.8737767
            ],
            [
              -74.0801646,
              4.8737624
            ],
            [
              -74.0808635,
              4.8735457
            ],
            [
              -74.0820193,
              4.8734419
            ],
            [
              -74.0825533,
              4.8735372
            ],
            [
              -74.0826446,
              4.8731137
            ],
            [
              -74.0826917,
              4.872592
            ],
            [
              -74.0827393,
              4.8721286
            ],
            [
              -74.0827485,
              4.8720334
            ],
            [
              -74.0827948,
              4.8717295
            ],
            [
              -74.0828718,
              4.8715146
            ],
            [
              -74.0829827,
              4.8713871
            ],
            [
              -74.0830334,
              4.8712049
            ],
            [
              -74.0830278,
              4.8710958
            ],
            [
              -74.0829302,
              4.8709672
            ],
            [
              -74.0829528,
              4.8709119
            ],
            [
              -74.083037,
              4.8708484
            ],
            [
              -74.0830687,
              4.870779
            ],
            [
              -74.0831373,
              4.8707157
            ],
            [
              -74.0831808,
              4.8705935
            ],
            [
              -74.0831886,
              4.8704003
            ],
            [
              -74.083207,
              4.8703638
            ],
            [
              -74.083295,
              4.8703092
            ],
            [
              -74.0833664,
              4.8701853
            ],
            [
              -74.0834884,
              4.8699626
            ],
            [
              -74.0834199,
              4.8697738
            ],
            [
              -74.0834104,
              4.8695022
            ],
            [
              -74.0833848,
              4.8694528
            ],
            [
              -74.0832989,
              4.8693589
            ],
            [
              -74.0832326,
              4.8690951
            ],
            [
              -74.083139,
              4.8688513
            ],
            [
              -74.0830832,
              4.8686603
            ],
            [
              -74.0830971,
              4.8685773
            ],
            [
              -74.0829646,
              4.8679654
            ],
            [
              -74.0829131,
              4.8677829
            ],
            [
              -74.0828358,
              4.8675396
            ],
            [
              -74.082722,
              4.8672443
            ],
            [
              -74.0826357,
              4.867088
            ],
            [
              -74.0826178,
              4.8668573
            ],
            [
              -74.0826124,
              4.8666627
            ],
            [
              -74.0826435,
              4.8665081
            ],
            [
              -74.0826356,
              4.8663281
            ],
            [
              -74.082676,
              4.8661487
            ],
            [
              -74.0827636,
              4.865917
            ],
            [
              -74.0827895,
              4.8658188
            ],
            [
              -74.0828376,
              4.8657136
            ],
            [
              -74.0828486,
              4.8656634
            ],
            [
              -74.0828482,
              4.8656197
            ],
            [
              -74.082857,
              4.8655659
            ],
            [
              -74.0828774,
              4.8655346
            ],
            [
              -74.0829066,
              4.8655078
            ],
            [
              -74.0829428,
              4.8654813
            ],
            [
              -74.0829601,
              4.8654597
            ],
            [
              -74.082976,
              4.8654169
            ],
            [
              -74.0829853,
              4.8653923
            ],
            [
              -74.0830043,
              4.8653755
            ],
            [
              -74.0830313,
              4.8653402
            ],
            [
              -74.0831123,
              4.8652534
            ],
            [
              -74.0831623,
              4.86523
            ],
            [
              -74.0832782,
              4.8650974
            ],
            [
              -74.083318,
              4.8650445
            ],
            [
              -74.0833578,
              4.8649854
            ],
            [
              -74.0833954,
              4.8649589
            ],
            [
              -74.0834843,
              4.8649127
            ],
            [
              -74.0835803,
              4.8648624
            ],
            [
              -74.0836317,
              4.8648487
            ],
            [
              -74.0836852,
              4.8648298
            ],
            [
              -74.0837569,
              4.864787
            ],
            [
              -74.0837909,
              4.8647606
            ],
            [
              -74.0838259,
              4.8647081
            ],
            [
              -74.0838365,
              4.8646861
            ],
            [
              -74.083898,
              4.864616
            ],
            [
              -74.0839409,
              4.8646023
            ],
            [
              -74.0840081,
              4.8645556
            ],
            [
              -74.0840245,
              4.8645283
            ],
            [
              -74.0840581,
              4.864497
            ],
            [
              -74.0840749,
              4.8644692
            ],
            [
              -74.0841072,
              4.8644547
            ],
            [
              -74.0841422,
              4.8644467
            ],
            [
              -74.0841617,
              4.8644269
            ],
            [
              -74.0841705,
              4.8644066
            ],
            [
              -74.0841718,
              4.8643674
            ],
            [
              -74.0841599,
              4.864337
            ],
            [
              -74.0841497,
              4.864314
            ],
            [
              -74.084144,
              4.8642894
            ],
            [
              -74.0841475,
              4.86427
            ],
            [
              -74.0841594,
              4.8642616
            ],
            [
              -74.084201,
              4.8642616
            ],
            [
              -74.0842355,
              4.8642673
            ],
            [
              -74.0842753,
              4.8642678
            ],
            [
              -74.0843054,
              4.8642722
            ],
            [
              -74.0843236,
              4.8642616
            ],
            [
              -74.0843249,
              4.8642444
            ],
            [
              -74.0843103,
              4.8642118
            ],
            [
              -74.0843486,
              4.8641858
            ],
            [
              -74.0844342,
              4.8641744
            ],
            [
              -74.0848601,
              4.8641305
            ],
            [
              -74.0853441,
              4.864082
            ],
            [
              -74.0855992,
              4.8639663
            ],
            [
              -74.0860543,
              4.8636976
            ],
            [
              -74.0862285,
              4.8634625
            ],
            [
              -74.0861583,
              4.8631882
            ],
            [
              -74.0862144,
              4.8628384
            ],
            [
              -74.0863914,
              4.8624577
            ],
            [
              -74.0865937,
              4.862133
            ],
            [
              -74.0865684,
              4.8618559
            ],
            [
              -74.086765,
              4.8615117
            ],
            [
              -74.0868605,
              4.8612737
            ],
            [
              -74.0869729,
              4.8608903
            ],
            [
              -74.0870881,
              4.860462
            ],
            [
              -74.0872585,
              4.8602084
            ],
            [
              -74.0872931,
              4.860157
            ],
            [
              -74.0877398,
              4.8595244
            ],
            [
              -74.0878325,
              4.8592809
            ],
            [
              -74.0878493,
              4.8588834
            ],
            [
              -74.0878325,
              4.8586679
            ],
            [
              -74.0880038,
              4.8582956
            ],
            [
              -74.0881976,
              4.8580046
            ],
            [
              -74.088383,
              4.8577414
            ],
            [
              -74.0885263,
              4.8574112
            ],
            [
              -74.0886274,
              4.8572264
            ],
            [
              -74.0889083,
              4.8571033
            ],
            [
              -74.0894645,
              4.8568794
            ],
            [
              -74.0899084,
              4.856745
            ],
            [
              -74.0901584,
              4.8566526
            ],
            [
              -74.0905096,
              4.8565227
            ],
            [
              -74.0906689,
              4.8563569
            ],
            [
              -74.0907326,
              4.8561418
            ],
            [
              -74.0907005,
              4.8559669
            ],
            [
              -74.0905741,
              4.8554939
            ],
            [
              -74.0906752,
              4.8550432
            ],
            [
              -74.0907033,
              4.8547857
            ],
            [
              -74.0909983,
              4.8548473
            ],
            [
              -74.0912876,
              4.8546318
            ],
            [
              -74.0917033,
              4.8543995
            ],
            [
              -74.0919309,
              4.8540776
            ],
            [
              -74.0921444,
              4.8536409
            ],
            [
              -74.0924337,
              4.8533051
            ],
            [
              -74.0927933,
              4.8532211
            ],
            [
              -74.0928747,
              4.8529804
            ],
            [
              -74.0930096,
              4.8527369
            ],
            [
              -74.0930742,
              4.852485
            ],
            [
              -74.0932568,
              4.8520819
            ],
            [
              -74.0934393,
              4.8516425
            ],
            [
              -74.0936135,
              4.8512562
            ],
            [
              -74.0937371,
              4.8509175
            ],
            [
              -74.0939085,
              4.8505173
            ],
            [
              -74.0941276,
              4.8499938
            ],
            [
              -74.0942989,
              4.8493865
            ],
            [
              -74.0939113,
              4.8490198
            ],
            [
              -74.0934369,
              4.8488383
            ],
            [
              -74.0907829,
              4.8476552
            ],
            [
              -74.088251,
              4.8472419
            ],
            [
              -74.0868238,
              4.8470582
            ],
            [
              -74.0868192,
              4.847122
            ],
            [
              -74.0868037,
              4.847172
            ],
            [
              -74.0865806,
              4.8476222
            ],
            [
              -74.0861634,
              4.8483962
            ],
            [
              -74.0853996,
              4.849746
            ],
            [
              -74.0853431,
              4.8499008
            ],
            [
              -74.0853213,
              4.8500455
            ],
            [
              -74.0853223,
              4.8502855
            ],
            [
              -74.0853059,
              4.8503645
            ],
            [
              -74.0852724,
              4.850432
            ],
            [
              -74.0852127,
              4.8505498
            ],
            [
              -74.0851542,
              4.8506441
            ],
            [
              -74.0850557,
              4.8507842
            ],
            [
              -74.0850095,
              4.8508262
            ],
            [
              -74.084933,
              4.8508447
            ],
            [
              -74.0845749,
              4.8509173
            ],
            [
              -74.0840352,
              4.8510558
            ],
            [
              -74.0838761,
              4.8511136
            ],
            [
              -74.0835202,
              4.8512428
            ],
            [
              -74.0833291,
              4.8513487
            ],
            [
              -74.0831627,
              4.8515115
            ],
            [
              -74.0830891,
              4.8515853
            ],
            [
              -74.0830396,
              4.8516603
            ],
            [
              -74.0829451,
              4.8518982
            ],
            [
              -74.0828551,
              4.8521721
            ],
            [
              -74.0827086,
              4.8525334
            ],
            [
              -74.0826787,
              4.8526289
            ],
            [
              -74.0826787,
              4.8527091
            ],
            [
              -74.0827357,
              4.8527873
            ],
            [
              -74.0828095,
              4.8528561
            ],
            [
              -74.0829235,
              4.8529937
            ],
            [
              -74.0830039,
              4.8531634
            ],
            [
              -74.0830388,
              4.8532536
            ],
            [
              -74.0830415,
              4.8533318
            ],
            [
              -74.0829747,
              4.8534451
            ],
            [
              -74.0831844,
              4.8535536
            ],
            [
              -74.0836356,
              4.8537872
            ],
            [
              -74.0838241,
              4.8538736
            ],
            [
              -74.0838531,
              4.853878
            ],
            [
              -74.0838821,
              4.8538655
            ],
            [
              -74.0840051,
              4.8537567
            ],
            [
              -74.0843861,
              4.8540744
            ],
            [
              -74.0842491,
              4.8541923
            ],
            [
              -74.0840827,
              4.8543355
            ],
            [
              -74.0839487,
              4.854481
            ],
            [
              -74.0838107,
              4.8546816
            ],
            [
              -74.083568,
              4.8550513
            ],
            [
              -74.0833649,
              4.8553791
            ],
            [
              -74.0831343,
              4.8556052
            ],
            [
              -74.0830718,
              4.8558116
            ],
            [
              -74.0829711,
              4.856003
            ],
            [
              -74.0828189,
              4.8561791
            ],
            [
              -74.0827211,
              4.8562727
            ],
            [
              -74.0826335,
              4.8563565
            ],
            [
              -74.0824606,
              4.8564864
            ],
            [
              -74.0821766,
              4.8566723
            ],
            [
              -74.082088,
              4.8567124
            ],
            [
              -74.0817037,
              4.8570534
            ],
            [
              -74.0813698,
              4.856293
            ],
            [
              -74.0814279,
              4.8562231
            ],
            [
              -74.0814353,
              4.8560957
            ],
            [
              -74.0814705,
              4.8560181
            ],
            [
              -74.0816021,
              4.8557855
            ],
            [
              -74.0815669,
              4.8557319
            ],
            [
              -74.0813374,
              4.8556331
            ],
            [
              -74.0812335,
              4.855884
            ],
            [
              -74.0810973,
              4.8560854
            ],
            [
              -74.0807445,
              4.8562623
            ],
            [
              -74.0805649,
              4.8563879
            ],
            [
              -74.0804485,
              4.856428
            ],
            [
              -74.0803754,
              4.8565075
            ],
            [
              -74.080259,
              4.8567562
            ],
            [
              -74.0804901,
              4.8568731
            ],
            [
              -74.0805828,
              4.8569396
            ],
            [
              -74.0807014,
              4.8569784
            ],
            [
              -74.0806977,
              4.8572554
            ],
            [
              -74.0806591,
              4.8574084
            ],
            [
              -74.0805485,
              4.8573906
            ],
            [
              -74.0803931,
              4.8573657
            ],
            [
              -74.0800872,
              4.8573435
            ],
            [
              -74.0799982,
              4.8573571
            ],
            [
              -74.0795409,
              4.8571622
            ],
            [
              -74.0790171,
              4.8569657
            ],
            [
              -74.0789742,
              4.8569486
            ],
            [
              -74.0787938,
              4.8568766
            ],
            [
              -74.0784214,
              4.856728
            ],
            [
              -74.078267,
              4.8566664
            ],
            [
              -74.0777866,
              4.8564747
            ],
            [
              -74.0770586,
              4.8561842
            ],
            [
              -74.076805,
              4.8560831
            ],
            [
              -74.0766199,
              4.8560092
            ],
            [
              -74.0760256,
              4.8557721
            ],
            [
              -74.075763,
              4.8556673
            ],
            [
              -74.0754973,
              4.8555613
            ],
            [
              -74.0750867,
              4.8553975
            ],
            [
              -74.0742741,
              4.8550815
            ],
            [
              -74.0741146,
              4.8550107
            ],
            [
              -74.0739366,
              4.8549317
            ],
            [
              -74.0737127,
              4.8548323
            ],
            [
              -74.0739218,
              4.8543819
            ],
            [
              -74.073979,
              4.8542583
            ],
            [
              -74.0741913,
              4.8538003
            ],
            [
              -74.0743916,
              4.8533682
            ],
            [
              -74.0741989,
              4.853285
            ],
            [
              -74.074011,
              4.8531835
            ],
            [
              -74.0737826,
              4.8530933
            ],
            [
              -74.0736846,
              4.8530546
            ],
            [
              -74.0736692,
              4.8529494
            ],
            [
              -74.0736191,
              4.8528694
            ],
            [
              -74.0736124,
              4.8528586
            ],
            [
              -74.0731468,
              4.8526543
            ],
            [
              -74.0730771,
              4.8526208
            ],
            [
              -74.0728818,
              4.8525252
            ],
            [
              -74.0727075,
              4.8524522
            ],
            [
              -74.0722369,
              4.852228
            ],
            [
              -74.0718117,
              4.8520276
            ],
            [
              -74.0719419,
              4.8518945
            ],
            [
              -74.0719062,
              4.851872
            ],
            [
              -74.0718672,
              4.8518557
            ],
            [
              -74.0718259,
              4.8518472
            ],
            [
              -74.0717841,
              4.8518421
            ],
            [
              -74.0717419,
              4.8518405
            ]
          ]
        ]
      },
      "id": "relation/16204378"
    },
    {
      "type": "Feature",
      "properties": {
        "@id": "relation/16204379",
        "admin_level": "8",
        "boundary": "administrative",
        "name": "Tiquiza",
        "type": "boundary"
      },
      "geometry": {
        "type": "Polygon",
        "coordinates": [
          [
            [
              -74.0677717,
              4.8686945
            ],
            [
              -74.0677985,
              4.8686582
            ],
            [
              -74.068035,
              4.8679043
            ],
            [
              -74.0680982,
              4.8677743
            ],
            [
              -74.0681675,
              4.8676387
            ],
            [
              -74.0680738,
              4.8676281
            ],
            [
              -74.0670643,
              4.867303
            ],
            [
              -74.0669163,
              4.8672889
            ],
            [
              -74.0667831,
              4.867253
            ],
            [
              -74.0664218,
              4.8672739
            ],
            [
              -74.066161,
              4.8673243
            ],
            [
              -74.0659879,
              4.8672307
            ],
            [
              -74.0659656,
              4.8672524
            ],
            [
              -74.0659365,
              4.8672696
            ],
            [
              -74.065885,
              4.8672808
            ],
            [
              -74.0658231,
              4.8672771
            ],
            [
              -74.0657559,
              4.8672285
            ],
            [
              -74.065719,
              4.8671942
            ],
            [
              -74.0656549,
              4.8671483
            ],
            [
              -74.0655914,
              4.8671427
            ],
            [
              -74.0655312,
              4.8671625
            ],
            [
              -74.0654644,
              4.8672057
            ],
            [
              -74.065399,
              4.8672675
            ],
            [
              -74.0653716,
              4.8673154
            ],
            [
              -74.0653626,
              4.8673531
            ],
            [
              -74.0653607,
              4.8674087
            ],
            [
              -74.065385,
              4.867455
            ],
            [
              -74.0654364,
              4.8675116
            ],
            [
              -74.0655038,
              4.8675536
            ],
            [
              -74.0656185,
              4.8676114
            ],
            [
              -74.0657992,
              4.8676576
            ],
            [
              -74.0659289,
              4.8676614
            ],
            [
              -74.0660044,
              4.8676711
            ],
            [
              -74.0660081,
              4.867702
            ],
            [
              -74.0660052,
              4.8677696
            ],
            [
              -74.0659445,
              4.8678218
            ],
            [
              -74.0659103,
              4.8678672
            ],
            [
              -74.0658825,
              4.8679267
            ],
            [
              -74.0658642,
              4.8679951
            ],
            [
              -74.0658551,
              4.8680651
            ],
            [
              -74.0658683,
              4.8681274
            ],
            [
              -74.0658827,
              4.8682
            ],
            [
              -74.0658938,
              4.8682963
            ],
            [
              -74.0659061,
              4.8683589
            ],
            [
              -74.0659243,
              4.8683848
            ],
            [
              -74.0659671,
              4.8684199
            ],
            [
              -74.0660254,
              4.8684574
            ],
            [
              -74.0661062,
              4.8684701
            ],
            [
              -74.0661451,
              4.8684794
            ],
            [
              -74.0661716,
              4.8684965
            ],
            [
              -74.0661837,
              4.8685209
            ],
            [
              -74.0661882,
              4.8685515
            ],
            [
              -74.0662274,
              4.868596
            ],
            [
              -74.0662497,
              4.8686554
            ],
            [
              -74.0662458,
              4.8686819
            ],
            [
              -74.0662001,
              4.8687196
            ],
            [
              -74.0661491,
              4.8687574
            ],
            [
              -74.0660881,
              4.8688094
            ],
            [
              -74.0660786,
              4.8688174
            ],
            [
              -74.0660299,
              4.8688584
            ],
            [
              -74.0660085,
              4.868896
            ],
            [
              -74.0659987,
              4.8689251
            ],
            [
              -74.066007,
              4.8690018
            ],
            [
              -74.0660193,
              4.8691176
            ],
            [
              -74.06604,
              4.8691679
            ],
            [
              -74.0660451,
              4.8692494
            ],
            [
              -74.0660471,
              4.8693333
            ],
            [
              -74.0660388,
              4.8694124
            ],
            [
              -74.0660041,
              4.8695061
            ],
            [
              -74.0659782,
              4.8695752
            ],
            [
              -74.0659565,
              4.8696145
            ],
            [
              -74.065929,
              4.8696525
            ],
            [
              -74.0658996,
              4.8697043
            ],
            [
              -74.0658826,
              4.86974
            ],
            [
              -74.0658414,
              4.8697701
            ],
            [
              -74.0657786,
              4.8698019
            ],
            [
              -74.0657226,
              4.869812
            ],
            [
              -74.0656644,
              4.8698261
            ],
            [
              -74.0655866,
              4.8698013
            ],
            [
              -74.0655524,
              4.869779
            ],
            [
              -74.0655211,
              4.8697678
            ],
            [
              -74.0654914,
              4.8697184
            ],
            [
              -74.0654696,
              4.8696675
            ],
            [
              -74.0654716,
              4.8695897
            ],
            [
              -74.0654889,
              4.8695328
            ],
            [
              -74.0655173,
              4.869484
            ],
            [
              -74.0655521,
              4.8693972
            ],
            [
              -74.0655576,
              4.869351
            ],
            [
              -74.0655252,
              4.8692706
            ],
            [
              -74.0655017,
              4.8692313
            ],
            [
              -74.0654578,
              4.8692084
            ],
            [
              -74.0654032,
              4.8692114
            ],
            [
              -74.0653484,
              4.8692263
            ],
            [
              -74.0653036,
              4.8692691
            ],
            [
              -74.0651736,
              4.8693421
            ],
            [
              -74.0650731,
              4.8693853
            ],
            [
              -74.0649673,
              4.8694113
            ],
            [
              -74.0648711,
              4.8694321
            ],
            [
              -74.064782,
              4.8694474
            ],
            [
              -74.0646653,
              4.8694722
            ],
            [
              -74.0646277,
              4.8695028
            ],
            [
              -74.0646065,
              4.869554
            ],
            [
              -74.0646067,
              4.8696096
            ],
            [
              -74.0646427,
              4.8697045
            ],
            [
              -74.0646983,
              4.8697934
            ],
            [
              -74.0647571,
              4.8698445
            ],
            [
              -74.0648378,
              4.8698963
            ],
            [
              -74.0648984,
              4.8699405
            ],
            [
              -74.0649498,
              4.8699791
            ],
            [
              -74.0650079,
              4.8700563
            ],
            [
              -74.0650468,
              4.8701241
            ],
            [
              -74.0650704,
              4.8701944
            ],
            [
              -74.0650769,
              4.8702904
            ],
            [
              -74.0650477,
              4.870386
            ],
            [
              -74.0650192,
              4.8704426
            ],
            [
              -74.0649636,
              4.8704887
            ],
            [
              -74.0649003,
              4.8705159
            ],
            [
              -74.0648518,
              4.8705452
            ],
            [
              -74.0647634,
              4.8705952
            ],
            [
              -74.0647003,
              4.8706488
            ],
            [
              -74.0646412,
              4.8707122
            ],
            [
              -74.0646043,
              4.8707451
            ],
            [
              -74.0645626,
              4.8707658
            ],
            [
              -74.0644996,
              4.8707603
            ],
            [
              -74.0644174,
              4.8707539
            ],
            [
              -74.0643444,
              4.8707714
            ],
            [
              -74.0642648,
              4.8708139
            ],
            [
              -74.0642187,
              4.8708689
            ],
            [
              -74.0642124,
              4.8709043
            ],
            [
              -74.0642147,
              4.8709457
            ],
            [
              -74.0642239,
              4.8709831
            ],
            [
              -74.0642287,
              4.8710143
            ],
            [
              -74.064284,
              4.8711577
            ],
            [
              -74.0643221,
              4.8712325
            ],
            [
              -74.064358,
              4.8712605
            ],
            [
              -74.0643963,
              4.8712769
            ],
            [
              -74.0644616,
              4.8712954
            ],
            [
              -74.0645523,
              4.8713143
            ],
            [
              -74.0645879,
              4.8713208
            ],
            [
              -74.0646326,
              4.8713417
            ],
            [
              -74.0646663,
              4.8713723
            ],
            [
              -74.06469,
              4.8713977
            ],
            [
              -74.0647129,
              4.8714706
            ],
            [
              -74.0647089,
              4.8715272
            ],
            [
              -74.0646885,
              4.8715828
            ],
            [
              -74.0646618,
              4.8716484
            ],
            [
              -74.0646436,
              4.8716892
            ],
            [
              -74.06464,
              4.8717065
            ],
            [
              -74.0646266,
              4.871725
            ],
            [
              -74.064602,
              4.8717433
            ],
            [
              -74.0645712,
              4.8717487
            ],
            [
              -74.0645353,
              4.871726
            ],
            [
              -74.0645136,
              4.8716976
            ],
            [
              -74.064482,
              4.8716792
            ],
            [
              -74.0644001,
              4.8716571
            ],
            [
              -74.064333,
              4.8716516
            ],
            [
              -74.0642629,
              4.8716583
            ],
            [
              -74.0642028,
              4.8716689
            ],
            [
              -74.064144,
              4.8716998
            ],
            [
              -74.0641116,
              4.8717273
            ],
            [
              -74.0640675,
              4.8717826
            ],
            [
              -74.0640397,
              4.8718385
            ],
            [
              -74.0640103,
              4.8719002
            ],
            [
              -74.0640146,
              4.8719454
            ],
            [
              -74.0640229,
              4.8720182
            ],
            [
              -74.064026,
              4.8720966
            ],
            [
              -74.0640062,
              4.872154
            ],
            [
              -74.0639618,
              4.87221
            ],
            [
              -74.0638975,
              4.8722484
            ],
            [
              -74.0638392,
              4.8722649
            ],
            [
              -74.0637683,
              4.8722737
            ],
            [
              -74.0636806,
              4.8722634
            ],
            [
              -74.0636113,
              4.8722385
            ],
            [
              -74.0635501,
              4.8721954
            ],
            [
              -74.0634773,
              4.8721442
            ],
            [
              -74.0633774,
              4.8720538
            ],
            [
              -74.0633341,
              4.872004
            ],
            [
              -74.0633049,
              4.8719659
            ],
            [
              -74.0632864,
              4.8719096
            ],
            [
              -74.0632827,
              4.8718474
            ],
            [
              -74.0633044,
              4.8717861
            ],
            [
              -74.0633695,
              4.8717472
            ],
            [
              -74.0634492,
              4.8717353
            ],
            [
              -74.0635384,
              4.8717481
            ],
            [
              -74.0635728,
              4.8717637
            ],
            [
              -74.06362,
              4.8717638
            ],
            [
              -74.0636426,
              4.8717477
            ],
            [
              -74.0636576,
              4.8717139
            ],
            [
              -74.06368,
              4.8716514
            ],
            [
              -74.0636943,
              4.8715503
            ],
            [
              -74.0637024,
              4.8715041
            ],
            [
              -74.0637014,
              4.8714558
            ],
            [
              -74.0636925,
              4.8713436
            ],
            [
              -74.0636667,
              4.8712643
            ],
            [
              -74.0636475,
              4.8712188
            ],
            [
              -74.0636237,
              4.8711932
            ],
            [
              -74.0635874,
              4.8711738
            ],
            [
              -74.0635337,
              4.8711575
            ],
            [
              -74.0634784,
              4.8711509
            ],
            [
              -74.0634313,
              4.8711534
            ],
            [
              -74.0633842,
              4.8711651
            ],
            [
              -74.0633402,
              4.8711882
            ],
            [
              -74.0632882,
              4.8712276
            ],
            [
              -74.0632444,
              4.8712706
            ],
            [
              -74.0632219,
              4.8713004
            ],
            [
              -74.0632074,
              4.8713321
            ],
            [
              -74.0631869,
              4.8713676
            ],
            [
              -74.0631472,
              4.8713996
            ],
            [
              -74.0631187,
              4.871411
            ],
            [
              -74.0630912,
              4.8714093
            ],
            [
              -74.0630415,
              4.8713942
            ],
            [
              -74.0629948,
              4.8713588
            ],
            [
              -74.0629801,
              4.871326
            ],
            [
              -74.0629653,
              4.8712769
            ],
            [
              -74.0629466,
              4.8712362
            ],
            [
              -74.0629205,
              4.8711956
            ],
            [
              -74.0629097,
              4.8711681
            ],
            [
              -74.0629048,
              4.8711112
            ],
            [
              -74.0629186,
              4.8710474
            ],
            [
              -74.0629174,
              4.8709936
            ],
            [
              -74.0629066,
              4.8709232
            ],
            [
              -74.0628916,
              4.8708891
            ],
            [
              -74.0628699,
              4.8708725
            ],
            [
              -74.0628268,
              4.8708093
            ],
            [
              -74.0628237,
              4.8707363
            ],
            [
              -74.0628135,
              4.8706567
            ],
            [
              -74.0627909,
              4.8706156
            ],
            [
              -74.062753,
              4.8705852
            ],
            [
              -74.062699,
              4.8705617
            ],
            [
              -74.0626271,
              4.8705513
            ],
            [
              -74.0625732,
              4.8705496
            ],
            [
              -74.0625245,
              4.8705694
            ],
            [
              -74.0624754,
              4.8705967
            ],
            [
              -74.0623784,
              4.8706417
            ],
            [
              -74.0623285,
              4.8706729
            ],
            [
              -74.0622794,
              4.8707048
            ],
            [
              -74.0622274,
              4.870738
            ],
            [
              -74.0621827,
              4.87078
            ],
            [
              -74.0621516,
              4.8708311
            ],
            [
              -74.0621153,
              4.8708967
            ],
            [
              -74.0620971,
              4.8709402
            ],
            [
              -74.0620937,
              4.8709864
            ],
            [
              -74.062101,
              4.8710762
            ],
            [
              -74.0621075,
              4.8711533
            ],
            [
              -74.0621127,
              4.8712305
            ],
            [
              -74.0621241,
              4.8713515
            ],
            [
              -74.0621245,
              4.8714467
            ],
            [
              -74.0621146,
              4.8715358
            ],
            [
              -74.0621076,
              4.871583
            ],
            [
              -74.0620926,
              4.8716242
            ],
            [
              -74.0620591,
              4.8716492
            ],
            [
              -74.0620229,
              4.8716631
            ],
            [
              -74.0619814,
              4.8716634
            ],
            [
              -74.0619237,
              4.8716528
            ],
            [
              -74.061868,
              4.8716369
            ],
            [
              -74.0618265,
              4.8715979
            ],
            [
              -74.0618003,
              4.8715296
            ],
            [
              -74.0617996,
              4.8714735
            ],
            [
              -74.0618171,
              4.8714253
            ],
            [
              -74.061835,
              4.8713664
            ],
            [
              -74.0618549,
              4.8713003
            ],
            [
              -74.0618707,
              4.8712387
            ],
            [
              -74.0618768,
              4.8711725
            ],
            [
              -74.0618666,
              4.8711277
            ],
            [
              -74.0618305,
              4.871098
            ],
            [
              -74.0617692,
              4.8710814
            ],
            [
              -74.0616954,
              4.8710656
            ],
            [
              -74.0615802,
              4.871046
            ],
            [
              -74.0614724,
              4.8710333
            ],
            [
              -74.0613658,
              4.8710212
            ],
            [
              -74.0613234,
              4.8710241
            ],
            [
              -74.061273,
              4.8710465
            ],
            [
              -74.061246,
              4.8710771
            ],
            [
              -74.0612118,
              4.8711305
            ],
            [
              -74.0611741,
              4.8711908
            ],
            [
              -74.0611179,
              4.8712927
            ],
            [
              -74.0610634,
              4.8714214
            ],
            [
              -74.0610285,
              4.8715224
            ],
            [
              -74.0609977,
              4.8716257
            ],
            [
              -74.060926,
              4.8718745
            ],
            [
              -74.0608943,
              4.8719229
            ],
            [
              -74.0608477,
              4.8719141
            ],
            [
              -74.0607908,
              4.871842
            ],
            [
              -74.0607039,
              4.8717316
            ],
            [
              -74.0605873,
              4.8716359
            ],
            [
              -74.0604524,
              4.8716254
            ],
            [
              -74.0603722,
              4.8716373
            ],
            [
              -74.0602846,
              4.8717433
            ],
            [
              -74.0602191,
              4.8718559
            ],
            [
              -74.0601057,
              4.8721025
            ],
            [
              -74.0600551,
              4.8722691
            ],
            [
              -74.0600877,
              4.8724204
            ],
            [
              -74.0601168,
              4.8725062
            ],
            [
              -74.0601664,
              4.8725665
            ],
            [
              -74.0602544,
              4.8726351
            ],
            [
              -74.0603476,
              4.8727089
            ],
            [
              -74.0604449,
              4.8727537
            ],
            [
              -74.0604833,
              4.8728266
            ],
            [
              -74.0604883,
              4.8729332
            ],
            [
              -74.0604703,
              4.8730194
            ],
            [
              -74.060456,
              4.8730598
            ],
            [
              -74.0604349,
              4.8730891
            ],
            [
              -74.0604038,
              4.8730961
            ],
            [
              -74.0603638,
              4.8730898
            ],
            [
              -74.0603014,
              4.8731001
            ],
            [
              -74.0602702,
              4.873157
            ],
            [
              -74.060271,
              4.8732383
            ],
            [
              -74.0602852,
              4.873304
            ],
            [
              -74.0603316,
              4.8733619
            ],
            [
              -74.0603868,
              4.8734364
            ],
            [
              -74.0604464,
              4.8734914
            ],
            [
              -74.0605305,
              4.8735476
            ],
            [
              -74.0606313,
              4.8736135
            ],
            [
              -74.0607342,
              4.8736728
            ],
            [
              -74.0607745,
              4.8736792
            ],
            [
              -74.0608205,
              4.8736591
            ],
            [
              -74.0608627,
              4.8736262
            ],
            [
              -74.0609241,
              4.8736074
            ],
            [
              -74.0609612,
              4.8736108
            ],
            [
              -74.0609804,
              4.8736039
            ],
            [
              -74.0613258,
              4.8733524
            ],
            [
              -74.0614832,
              4.8732631
            ],
            [
              -74.061566,
              4.8732428
            ],
            [
              -74.0616447,
              4.8732559
            ],
            [
              -74.0617178,
              4.8733084
            ],
            [
              -74.0617736,
              4.8733812
            ],
            [
              -74.0617762,
              4.87347
            ],
            [
              -74.0617577,
              4.8735281
            ],
            [
              -74.0617067,
              4.873576
            ],
            [
              -74.061606,
              4.8736048
            ],
            [
              -74.0614992,
              4.8736438
            ],
            [
              -74.061306,
              4.8737186
            ],
            [
              -74.0612504,
              4.8737542
            ],
            [
              -74.0612049,
              4.8737959
            ],
            [
              -74.0610306,
              4.8739059
            ],
            [
              -74.0609287,
              4.8739833
            ],
            [
              -74.0608328,
              4.8740548
            ],
            [
              -74.0607753,
              4.8740736
            ],
            [
              -74.0606977,
              4.8740814
            ],
            [
              -74.0605894,
              4.8741146
            ],
            [
              -74.0605304,
              4.8741622
            ],
            [
              -74.0604871,
              4.8742342
            ],
            [
              -74.0604823,
              4.8743103
            ],
            [
              -74.060502,
              4.8743831
            ],
            [
              -74.0605754,
              4.8744396
            ],
            [
              -74.0606857,
              4.8744638
            ],
            [
              -74.0607745,
              4.8744585
            ],
            [
              -74.0608767,
              4.8744621
            ],
            [
              -74.0610164,
              4.8744259
            ],
            [
              -74.0611046,
              4.8744434
            ],
            [
              -74.0611807,
              4.8744973
            ],
            [
              -74.0612148,
              4.874618
            ],
            [
              -74.0612775,
              4.8747531
            ],
            [
              -74.0613356,
              4.8749885
            ],
            [
              -74.0613293,
              4.8750714
            ],
            [
              -74.061265,
              4.8751533
            ],
            [
              -74.0611563,
              4.8751797
            ],
            [
              -74.0610446,
              4.8751799
            ],
            [
              -74.0609018,
              4.8751318
            ],
            [
              -74.0607983,
              4.8750656
            ],
            [
              -74.0607062,
              4.875018
            ],
            [
              -74.0606375,
              4.874943
            ],
            [
              -74.0605918,
              4.8748605
            ],
            [
              -74.0605471,
              4.8747344
            ],
            [
              -74.0604251,
              4.874577
            ],
            [
              -74.0603993,
              4.8745593
            ],
            [
              -74.0603633,
              4.8745558
            ],
            [
              -74.0603148,
              4.8745832
            ],
            [
              -74.060253,
              4.8746576
            ],
            [
              -74.0601831,
              4.8747888
            ],
            [
              -74.0599996,
              4.8750845
            ],
            [
              -74.0599983,
              4.875137
            ],
            [
              -74.0600435,
              4.8751876
            ],
            [
              -74.0600408,
              4.8753004
            ],
            [
              -74.0600355,
              4.8754099
            ],
            [
              -74.0599973,
              4.8754752
            ],
            [
              -74.0598835,
              4.8755203
            ],
            [
              -74.0597927,
              4.875551
            ],
            [
              -74.0597019,
              4.8755605
            ],
            [
              -74.0595601,
              4.8755597
            ],
            [
              -74.0594329,
              4.8755269
            ],
            [
              -74.0593837,
              4.8754696
            ],
            [
              -74.0593732,
              4.8754045
            ],
            [
              -74.0594049,
              4.8753602
            ],
            [
              -74.0594561,
              4.8753062
            ],
            [
              -74.0595457,
              4.875206
            ],
            [
              -74.0595832,
              4.8751508
            ],
            [
              -74.0596169,
              4.8750782
            ],
            [
              -74.0596095,
              4.8749906
            ],
            [
              -74.0595566,
              4.8749263
            ],
            [
              -74.059506,
              4.8749241
            ],
            [
              -74.0594555,
              4.8749432
            ],
            [
              -74.0594137,
              4.8749659
            ],
            [
              -74.0593448,
              4.8750196
            ],
            [
              -74.0591688,
              4.8751163
            ],
            [
              -74.0588685,
              4.8752913
            ],
            [
              -74.0587575,
              4.8753138
            ],
            [
              -74.0586213,
              4.8753323
            ],
            [
              -74.0584283,
              4.8753356
            ],
            [
              -74.0583863,
              4.8753619
            ],
            [
              -74.0583394,
              4.8754771
            ],
            [
              -74.0582807,
              4.8755764
            ],
            [
              -74.0582725,
              4.8756544
            ],
            [
              -74.0583025,
              4.8757195
            ],
            [
              -74.0583633,
              4.875742
            ],
            [
              -74.0584318,
              4.8757432
            ],
            [
              -74.058506,
              4.8757319
            ],
            [
              -74.0586191,
              4.875736
            ],
            [
              -74.0587249,
              4.8757177
            ],
            [
              -74.0588056,
              4.8756801
            ],
            [
              -74.0588747,
              4.8756514
            ],
            [
              -74.0589594,
              4.8756362
            ],
            [
              -74.0590023,
              4.8756552
            ],
            [
              -74.0590509,
              4.8757225
            ],
            [
              -74.0590978,
              4.8758282
            ],
            [
              -74.0591433,
              4.875898
            ],
            [
              -74.0591559,
              4.8759755
            ],
            [
              -74.0591626,
              4.8760299
            ],
            [
              -74.059146,
              4.8760842
            ],
            [
              -74.059114,
              4.8761431
            ],
            [
              -74.0590538,
              4.8761778
            ],
            [
              -74.0589934,
              4.8761747
            ],
            [
              -74.0588767,
              4.8761464
            ],
            [
              -74.0587326,
              4.8761305
            ],
            [
              -74.058542,
              4.8761513
            ],
            [
              -74.0583927,
              4.8761097
            ],
            [
              -74.0581804,
              4.8760467
            ],
            [
              -74.0579798,
              4.8760107
            ],
            [
              -74.0579126,
              4.8760058
            ],
            [
              -74.0578551,
              4.8760202
            ],
            [
              -74.0577513,
              4.8760999
            ],
            [
              -74.0576716,
              4.8761859
            ],
            [
              -74.0575608,
              4.8763656
            ],
            [
              -74.057453,
              4.87656
            ],
            [
              -74.0573991,
              4.8766546
            ],
            [
              -74.0573892,
              4.8767057
            ],
            [
              -74.0573891,
              4.8767567
            ],
            [
              -74.0574275,
              4.8768221
            ],
            [
              -74.0574612,
              4.8768517
            ],
            [
              -74.0575064,
              4.8768716
            ],
            [
              -74.0575497,
              4.8768808
            ],
            [
              -74.0576008,
              4.8768784
            ],
            [
              -74.0576952,
              4.8768252
            ],
            [
              -74.0577462,
              4.8767474
            ],
            [
              -74.0578107,
              4.8766696
            ],
            [
              -74.0579139,
              4.876622
            ],
            [
              -74.05805,
              4.8765783
            ],
            [
              -74.0581515,
              4.8765619
            ],
            [
              -74.0582609,
              4.8766034
            ],
            [
              -74.0583136,
              4.8766509
            ],
            [
              -74.0583528,
              4.8767148
            ],
            [
              -74.0583622,
              4.8767963
            ],
            [
              -74.0583561,
              4.8768934
            ],
            [
              -74.0583081,
              4.8769563
            ],
            [
              -74.0582387,
              4.8769844
            ],
            [
              -74.0581184,
              4.8770719
            ],
            [
              -74.0579981,
              4.8771816
            ],
            [
              -74.057949,
              4.8772039
            ],
            [
              -74.0578943,
              4.8772061
            ],
            [
              -74.0578154,
              4.8771873
            ],
            [
              -74.0577142,
              4.8771584
            ],
            [
              -74.0575675,
              4.877114
            ],
            [
              -74.0575129,
              4.8771071
            ],
            [
              -74.0574582,
              4.8771224
            ],
            [
              -74.0573974,
              4.8771622
            ],
            [
              -74.0573492,
              4.877221
            ],
            [
              -74.0573444,
              4.8772787
            ],
            [
              -74.0573566,
              4.8773461
            ],
            [
              -74.0573766,
              4.8774147
            ],
            [
              -74.0574159,
              4.8775369
            ],
            [
              -74.0574128,
              4.8775837
            ],
            [
              -74.0573941,
              4.8776283
            ],
            [
              -74.0573275,
              4.8777144
            ],
            [
              -74.0571916,
              4.8779161
            ],
            [
              -74.0571364,
              4.8780334
            ],
            [
              -74.0571203,
              4.8781199
            ],
            [
              -74.0571166,
              4.8781828
            ],
            [
              -74.0571409,
              4.8782469
            ],
            [
              -74.0571943,
              4.8783148
            ],
            [
              -74.057279,
              4.8783737
            ],
            [
              -74.0574995,
              4.8785469
            ],
            [
              -74.0575259,
              4.8786546
            ],
            [
              -74.0574877,
              4.87874
            ],
            [
              -74.0574466,
              4.8787997
            ],
            [
              -74.0573787,
              4.8788417
            ],
            [
              -74.0572252,
              4.8788838
            ],
            [
              -74.0571362,
              4.8789137
            ],
            [
              -74.057065,
              4.8789636
            ],
            [
              -74.0569427,
              4.8790302
            ],
            [
              -74.0568204,
              4.8790989
            ],
            [
              -74.0566884,
              4.8791631
            ],
            [
              -74.0565533,
              4.879163
            ],
            [
              -74.0564323,
              4.8791774
            ],
            [
              -74.0563405,
              4.8792679
            ],
            [
              -74.0562822,
              4.8793784
            ],
            [
              -74.0562858,
              4.8794445
            ],
            [
              -74.0563006,
              4.8795351
            ],
            [
              -74.0563306,
              4.8796825
            ],
            [
              -74.0563767,
              4.8798167
            ],
            [
              -74.0564423,
              4.8799057
            ],
            [
              -74.0566087,
              4.8799653
            ],
            [
              -74.0567645,
              4.8800107
            ],
            [
              -74.0569087,
              4.8800421
            ],
            [
              -74.0570659,
              4.8800855
            ],
            [
              -74.0572045,
              4.8801405
            ],
            [
              -74.0572514,
              4.8801951
            ],
            [
              -74.0572814,
              4.8803007
            ],
            [
              -74.0572225,
              4.8803673
            ],
            [
              -74.0570729,
              4.8804344
            ],
            [
              -74.056884,
              4.880448
            ],
            [
              -74.0566525,
              4.8804625
            ],
            [
              -74.0564289,
              4.8804482
            ],
            [
              -74.056237,
              4.8803797
            ],
            [
              -74.0560071,
              4.8802625
            ],
            [
              -74.0558844,
              4.8802792
            ],
            [
              -74.0557152,
              4.8803642
            ],
            [
              -74.0555798,
              4.8804805
            ],
            [
              -74.0555336,
              4.8806675
            ],
            [
              -74.0555383,
              4.880833
            ],
            [
              -74.0573015,
              4.8817284
            ],
            [
              -74.0573417,
              4.8817284
            ],
            [
              -74.0573873,
              4.8817445
            ],
            [
              -74.0574034,
              4.8817899
            ],
            [
              -74.0578594,
              4.8820197
            ],
            [
              -74.0582027,
              4.8821908
            ],
            [
              -74.0590488,
              4.8826245
            ],
            [
              -74.0596478,
              4.8811858
            ],
            [
              -74.0597794,
              4.8812513
            ],
            [
              -74.0602175,
              4.8814751
            ],
            [
              -74.0601748,
              4.8815588
            ],
            [
              -74.0604145,
              4.8816559
            ],
            [
              -74.0603944,
              4.8817208
            ],
            [
              -74.0609335,
              4.8819393
            ],
            [
              -74.0618125,
              4.8822957
            ],
            [
              -74.0618256,
              4.8823399
            ],
            [
              -74.0628112,
              4.8827904
            ],
            [
              -74.0633768,
              4.8830489
            ],
            [
              -74.0634705,
              4.8830742
            ],
            [
              -74.063817,
              4.8832229
            ],
            [
              -74.0638421,
              4.8832337
            ],
            [
              -74.0640637,
              4.8833288
            ],
            [
              -74.0646539,
              4.8835821
            ],
            [
              -74.0652702,
              4.8838465
            ],
            [
              -74.0655033,
              4.8839466
            ],
            [
              -74.065737,
              4.8840469
            ],
            [
              -74.0659757,
              4.8841493
            ],
            [
              -74.0665045,
              4.8843762
            ],
            [
              -74.0668528,
              4.8845257
            ],
            [
              -74.0669828,
              4.8845815
            ],
            [
              -74.066729,
              4.8849872
            ],
            [
              -74.0662775,
              4.8857576
            ],
            [
              -74.0656247,
              4.8868541
            ],
            [
              -74.065449,
              4.8871553
            ],
            [
              -74.0653047,
              4.8873858
            ],
            [
              -74.0654056,
              4.887446
            ],
            [
              -74.0662233,
              4.8879342
            ],
            [
              -74.0667751,
              4.8882637
            ],
            [
              -74.0671926,
              4.8884984
            ],
            [
              -74.0673565,
              4.8885978
            ],
            [
              -74.0676406,
              4.8887602
            ],
            [
              -74.0678232,
              4.8888646
            ],
            [
              -74.0685246,
              4.8892655
            ],
            [
              -74.0688059,
              4.8894296
            ],
            [
              -74.0692799,
              4.8897086
            ],
            [
              -74.0696371,
              4.8899195
            ],
            [
              -74.0704053,
              4.8903694
            ],
            [
              -74.0708367,
              4.8906172
            ],
            [
              -74.0708563,
              4.8906288
            ],
            [
              -74.0711013,
              4.8907739
            ],
            [
              -74.0715589,
              4.8910547
            ],
            [
              -74.0717498,
              4.8911685
            ],
            [
              -74.0719968,
              4.8913188
            ],
            [
              -74.0724663,
              4.8916053
            ],
            [
              -74.0727756,
              4.8917826
            ],
            [
              -74.073164,
              4.892017
            ],
            [
              -74.0734069,
              4.8921556
            ],
            [
              -74.073908,
              4.8924547
            ],
            [
              -74.0741467,
              4.8926012
            ],
            [
              -74.0744747,
              4.892793
            ],
            [
              -74.0745974,
              4.8928691
            ],
            [
              -74.074655,
              4.8928953
            ],
            [
              -74.0749435,
              4.8930671
            ],
            [
              -74.0751252,
              4.8931714
            ],
            [
              -74.0760348,
              4.8936937
            ],
            [
              -74.0769635,
              4.8942217
            ],
            [
              -74.077303,
              4.8944125
            ],
            [
              -74.0776019,
              4.8945587
            ],
            [
              -74.0777222,
              4.8946229
            ],
            [
              -74.0778479,
              4.8946513
            ],
            [
              -74.0779739,
              4.8946702
            ],
            [
              -74.0780489,
              4.8946918
            ],
            [
              -74.078142,
              4.8947005
            ],
            [
              -74.07819,
              4.8947241
            ],
            [
              -74.0782189,
              4.894753
            ],
            [
              -74.0783438,
              4.8947805
            ],
            [
              -74.078435,
              4.8947989
            ],
            [
              -74.0784955,
              4.8948014
            ],
            [
              -74.0785718,
              4.8948024
            ],
            [
              -74.078635,
              4.8948327
            ],
            [
              -74.0787207,
              4.8948669
            ],
            [
              -74.0787925,
              4.894901
            ],
            [
              -74.078877,
              4.8949408
            ],
            [
              -74.0789425,
              4.8949738
            ],
            [
              -74.0790064,
              4.8950012
            ],
            [
              -74.0790893,
              4.8950258
            ],
            [
              -74.0791702,
              4.8950808
            ],
            [
              -74.0792181,
              4.8951157
            ],
            [
              -74.0792754,
              4.8951532
            ],
            [
              -74.0793351,
              4.8951823
            ],
            [
              -74.0794183,
              4.8951983
            ],
            [
              -74.0794719,
              4.8952076
            ],
            [
              -74.079526,
              4.8952183
            ],
            [
              -74.0795753,
              4.8952577
            ],
            [
              -74.0796002,
              4.8952958
            ],
            [
              -74.0796197,
              4.8953325
            ],
            [
              -74.0796474,
              4.8953895
            ],
            [
              -74.0796783,
              4.8954529
            ],
            [
              -74.0797097,
              4.8954905
            ],
            [
              -74.079729,
              4.8955453
            ],
            [
              -74.0797433,
              4.8955827
            ],
            [
              -74.079777,
              4.8955929
            ],
            [
              -74.0797996,
              4.8956131
            ],
            [
              -74.0798143,
              4.8956556
            ],
            [
              -74.0798335,
              4.8956981
            ],
            [
              -74.0798557,
              4.8957163
            ],
            [
              -74.0798797,
              4.8957244
            ],
            [
              -74.0798994,
              4.8957425
            ],
            [
              -74.0799041,
              4.8957686
            ],
            [
              -74.0799257,
              4.8958046
            ],
            [
              -74.0799507,
              4.8958219
            ],
            [
              -74.0799518,
              4.8958504
            ],
            [
              -74.0799297,
              4.895873
            ],
            [
              -74.0799424,
              4.895906
            ],
            [
              -74.0799575,
              4.895917
            ],
            [
              -74.0799808,
              4.895924
            ],
            [
              -74.0799947,
              4.8959501
            ],
            [
              -74.0800043,
              4.8959781
            ],
            [
              -74.0800134,
              4.8960017
            ],
            [
              -74.0800315,
              4.8960123
            ],
            [
              -74.0800453,
              4.8960498
            ],
            [
              -74.0800504,
              4.8961133
            ],
            [
              -74.0800738,
              4.8961879
            ],
            [
              -74.0801226,
              4.8962805
            ],
            [
              -74.0801429,
              4.896336
            ],
            [
              -74.0801694,
              4.8963943
            ],
            [
              -74.080206,
              4.896438
            ],
            [
              -74.0802405,
              4.8964585
            ],
            [
              -74.0802662,
              4.8964943
            ],
            [
              -74.0803113,
              4.8965493
            ],
            [
              -74.0803505,
              4.8966047
            ],
            [
              -74.0803943,
              4.8966384
            ],
            [
              -74.080417,
              4.8966511
            ],
            [
              -74.080446,
              4.8967192
            ],
            [
              -74.0805025,
              4.8968584
            ],
            [
              -74.0805337,
              4.8969081
            ],
            [
              -74.0805654,
              4.8971598
            ],
            [
              -74.0807969,
              4.8972501
            ],
            [
              -74.0810835,
              4.897161
            ],
            [
              -74.0811546,
              4.896924
            ],
            [
              -74.0812786,
              4.8966222
            ],
            [
              -74.0813051,
              4.8963083
            ],
            [
              -74.0813945,
              4.8960025
            ],
            [
              -74.0813956,
              4.8956425
            ],
            [
              -74.0814169,
              4.8954707
            ],
            [
              -74.0814062,
              4.895231
            ],
            [
              -74.0814679,
              4.8948874
            ],
            [
              -74.0815999,
              4.8946435
            ],
            [
              -74.0817447,
              4.8943995
            ],
            [
              -74.0818916,
              4.8941408
            ],
            [
              -74.0820555,
              4.8939117
            ],
            [
              -74.0821705,
              4.893725
            ],
            [
              -74.0822812,
              4.8935914
            ],
            [
              -74.0823301,
              4.8934726
            ],
            [
              -74.0823182,
              4.8933175
            ],
            [
              -74.0823594,
              4.8932032
            ],
            [
              -74.0824806,
              4.8930351
            ],
            [
              -74.082495,
              4.8929385
            ],
            [
              -74.0825036,
              4.8926037
            ],
            [
              -74.0824977,
              4.8923897
            ],
            [
              -74.0824771,
              4.8920922
            ],
            [
              -74.0824359,
              4.891827
            ],
            [
              -74.0823962,
              4.8916423
            ],
            [
              -74.0823079,
              4.8914444
            ],
            [
              -74.082205,
              4.8911821
            ],
            [
              -74.0821197,
              4.8909974
            ],
            [
              -74.0820961,
              4.8909183
            ],
            [
              -74.0820638,
              4.8907307
            ],
            [
              -74.082052,
              4.8905079
            ],
            [
              -74.0820461,
              4.8902602
            ],
            [
              -74.0820314,
              4.8900507
            ],
            [
              -74.0819799,
              4.8897385
            ],
            [
              -74.0819328,
              4.8895582
            ],
            [
              -74.0819034,
              4.8893296
            ],
            [
              -74.0819019,
              4.8890306
            ],
            [
              -74.0818725,
              4.8886994
            ],
            [
              -74.0818578,
              4.8882963
            ],
            [
              -74.0818093,
              4.8880091
            ],
            [
              -74.0817196,
              4.8876705
            ],
            [
              -74.0816548,
              4.8873378
            ],
            [
              -74.0816784,
              4.887055
            ],
            [
              -74.0816872,
              4.8864291
            ],
            [
              -74.0816725,
              4.8860789
            ],
            [
              -74.0816269,
              4.885815
            ],
            [
              -74.0816269,
              4.8856069
            ],
            [
              -74.0815975,
              4.8853651
            ],
            [
              -74.0814282,
              4.885167
            ],
            [
              -74.0811501,
              4.8849067
            ],
            [
              -74.0808624,
              4.8846043
            ],
            [
              -74.0810051,
              4.88424
            ],
            [
              -74.0816026,
              4.884009
            ],
            [
              -74.0817185,
              4.8836535
            ],
            [
              -74.0818701,
              4.8828449
            ],
            [
              -74.0819209,
              4.8819427
            ],
            [
              -74.0824269,
              4.8813975
            ],
            [
              -74.0828211,
              4.8809812
            ],
            [
              -74.0828329,
              4.8807116
            ],
            [
              -74.0827446,
              4.8802074
            ],
            [
              -74.0828505,
              4.8798674
            ],
            [
              -74.0829741,
              4.8793222
            ],
            [
              -74.0829564,
              4.8788414
            ],
            [
              -74.0829388,
              4.8785776
            ],
            [
              -74.0826034,
              4.8778683
            ],
            [
              -74.0823798,
              4.877411
            ],
            [
              -74.0823092,
              4.8770534
            ],
            [
              -74.0823386,
              4.8766606
            ],
            [
              -74.0823386,
              4.876344
            ],
            [
              -74.0822621,
              4.8760626
            ],
            [
              -74.0822254,
              4.8756984
            ],
            [
              -74.0823269,
              4.8750542
            ],
            [
              -74.0823984,
              4.8746368
            ],
            [
              -74.0824092,
              4.8745735
            ],
            [
              -74.0825533,
              4.8735372
            ],
            [
              -74.0820193,
              4.8734419
            ],
            [
              -74.0808635,
              4.8735457
            ],
            [
              -74.0801646,
              4.8737624
            ],
            [
              -74.0795779,
              4.8737767
            ],
            [
              -74.0786932,
              4.8739152
            ],
            [
              -74.0777367,
              4.874057
            ],
            [
              -74.0771651,
              4.8740813
            ],
            [
              -74.0767189,
              4.8742245
            ],
            [
              -74.0768665,
              4.874475
            ],
            [
              -74.0769703,
              4.8747102
            ],
            [
              -74.0771269,
              4.8747371
            ],
            [
              -74.0772888,
              4.8747583
            ],
            [
              -74.0772661,
              4.8750067
            ],
            [
              -74.0771388,
              4.8749375
            ],
            [
              -74.076987,
              4.8748795
            ],
            [
              -74.0768948,
              4.8748513
            ],
            [
              -74.07682,
              4.8753027
            ],
            [
              -74.0767957,
              4.8754497
            ],
            [
              -74.0765653,
              4.8763106
            ],
            [
              -74.0757787,
              4.8762421
            ],
            [
              -74.0745387,
              4.8759882
            ],
            [
              -74.0745647,
              4.8761954
            ],
            [
              -74.0746442,
              4.8766318
            ],
            [
              -74.0746449,
              4.8767761
            ],
            [
              -74.0745903,
              4.8769736
            ],
            [
              -74.0737701,
              4.876688
            ],
            [
              -74.0742148,
              4.8754019
            ],
            [
              -74.0726057,
              4.8748422
            ],
            [
              -74.0725008,
              4.8751227
            ],
            [
              -74.072421,
              4.8753363
            ],
            [
              -74.0715908,
              4.8748608
            ],
            [
              -74.0720964,
              4.8737989
            ],
            [
              -74.0717049,
              4.8736009
            ],
            [
              -74.071861,
              4.8733286
            ],
            [
              -74.0717098,
              4.8731924
            ],
            [
              -74.0715049,
              4.8730639
            ],
            [
              -74.0710781,
              4.872717
            ],
            [
              -74.0709765,
              4.8726534
            ],
            [
              -74.0706678,
              4.8731525
            ],
            [
              -74.070431,
              4.8728792
            ],
            [
              -74.0704411,
              4.8727432
            ],
            [
              -74.0703775,
              4.8727014
            ],
            [
              -74.0701401,
              4.8732564
            ],
            [
              -74.0693549,
              4.8729226
            ],
            [
              -74.069456,
              4.8726483
            ],
            [
              -74.0687496,
              4.8723362
            ],
            [
              -74.0687125,
              4.8722796
            ],
            [
              -74.0690388,
              4.8715775
            ],
            [
              -74.0688719,
              4.8714885
            ],
            [
              -74.0685419,
              4.8711598
            ],
            [
              -74.0678934,
              4.8715026
            ],
            [
              -74.0675746,
              4.8713324
            ],
            [
              -74.0680324,
              4.8706693
            ],
            [
              -74.0677995,
              4.8706187
            ],
            [
              -74.0677904,
              4.8705686
            ],
            [
              -74.0677305,
              4.8705349
            ],
            [
              -74.0677922,
              4.8704051
            ],
            [
              -74.0678411,
              4.870376
            ],
            [
              -74.0681209,
              4.8698657
            ],
            [
              -74.0682371,
              4.8699546
            ],
            [
              -74.068167,
              4.8700494
            ],
            [
              -74.0682443,
              4.8700951
            ],
            [
              -74.068537,
              4.8697434
            ],
            [
              -74.0683719,
              4.8695838
            ],
            [
              -74.0682964,
              4.8693929
            ],
            [
              -74.0680028,
              4.8691553
            ],
            [
              -74.0678032,
              4.868826
            ],
            [
              -74.0677998,
              4.8687472
            ],
            [
              -74.0677717,
              4.8686945
            ]
          ]
        ]
      },
      "id": "relation/16204379"
    },
    {
      "type": "Feature",
      "properties": {
        "@id": "relation/16204380",
        "admin_level": "8",
        "boundary": "administrative",
        "name": "Fagua",
        "type": "boundary"
      },
      "geometry": {
        "type": "Polygon",
        "coordinates": [
          [
            [
              -74.0570928,
              4.9024566
            ],
            [
              -74.0573743,
              4.9019467
            ],
            [
              -74.05764,
              4.9013999
            ],
            [
              -74.057687,
              4.9012997
            ],
            [
              -74.0579312,
              4.9008475
            ],
            [
              -74.0581932,
              4.9003492
            ],
            [
              -74.0584514,
              4.9005551
            ],
            [
              -74.060528,
              4.9022418
            ],
            [
              -74.0610444,
              4.9026613
            ],
            [
              -74.063376,
              4.9045599
            ],
            [
              -74.0634527,
              4.9045616
            ],
            [
              -74.0636281,
              4.9046799
            ],
            [
              -74.0640699,
              4.9050248
            ],
            [
              -74.0643034,
              4.9052009
            ],
            [
              -74.064627,
              4.9054626
            ],
            [
              -74.0648375,
              4.9056351
            ],
            [
              -74.065298,
              4.906035
            ],
            [
              -74.0657466,
              4.9064108
            ],
            [
              -74.0661464,
              4.9067428
            ],
            [
              -74.066379,
              4.9069642
            ],
            [
              -74.0664343,
              4.9070069
            ],
            [
              -74.0683619,
              4.9085746
            ],
            [
              -74.0688783,
              4.9089681
            ],
            [
              -74.0705049,
              4.9103858
            ],
            [
              -74.0707467,
              4.9105612
            ],
            [
              -74.0710116,
              4.9105919
            ],
            [
              -74.0716617,
              4.910509
            ],
            [
              -74.072167,
              4.9105029
            ],
            [
              -74.0726538,
              4.9106195
            ],
            [
              -74.0730174,
              4.9104753
            ],
            [
              -74.0734611,
              4.9104261
            ],
            [
              -74.0737723,
              4.9105489
            ],
            [
              -74.0744655,
              4.9107423
            ],
            [
              -74.074977,
              4.9109449
            ],
            [
              -74.0756918,
              4.9112335
            ],
            [
              -74.0761508,
              4.911258
            ],
            [
              -74.076536,
              4.9111936
            ],
            [
              -74.0767933,
              4.9112226
            ],
            [
              -74.0769716,
              4.9110494
            ],
            [
              -74.0773774,
              4.9107295
            ],
            [
              -74.0776271,
              4.9104229
            ],
            [
              -74.0777698,
              4.9102452
            ],
            [
              -74.0779169,
              4.9100897
            ],
            [
              -74.0780061,
              4.9097299
            ],
            [
              -74.0780775,
              4.9094855
            ],
            [
              -74.0782112,
              4.9089968
            ],
            [
              -74.0782826,
              4.9088102
            ],
            [
              -74.0783138,
              4.9085525
            ],
            [
              -74.0783675,
              4.9083156
            ],
            [
              -74.0784936,
              4.9081633
            ],
            [
              -74.0786599,
              4.9078559
            ],
            [
              -74.0787484,
              4.9076796
            ],
            [
              -74.0788959,
              4.9074043
            ],
            [
              -74.0789764,
              4.9072146
            ],
            [
              -74.0791239,
              4.907081
            ],
            [
              -74.0793653,
              4.9069153
            ],
            [
              -74.0795772,
              4.9068057
            ],
            [
              -74.079604,
              4.9066373
            ],
            [
              -74.0796201,
              4.9064476
            ],
            [
              -74.079655,
              4.906322
            ],
            [
              -74.0796952,
              4.9061216
            ],
            [
              -74.0797408,
              4.9059265
            ],
            [
              -74.0797328,
              4.9057635
            ],
            [
              -74.0797676,
              4.9056486
            ],
            [
              -74.0798159,
              4.905539
            ],
            [
              -74.0798776,
              4.9054535
            ],
            [
              -74.0798561,
              4.905221
            ],
            [
              -74.0798508,
              4.9049431
            ],
            [
              -74.0798266,
              4.9046918
            ],
            [
              -74.0798105,
              4.9045395
            ],
            [
              -74.0797998,
              4.9044139
            ],
            [
              -74.0798025,
              4.9042589
            ],
            [
              -74.0798615,
              4.9040077
            ],
            [
              -74.0799286,
              4.9037512
            ],
            [
              -74.0800037,
              4.9033797
            ],
            [
              -74.080068,
              4.9031579
            ],
            [
              -74.0801002,
              4.9030563
            ],
            [
              -74.0801163,
              4.9029254
            ],
            [
              -74.0801807,
              4.9028158
            ],
            [
              -74.080288,
              4.9026929
            ],
            [
              -74.0804113,
              4.9026047
            ],
            [
              -74.0804918,
              4.9025112
            ],
            [
              -74.0805186,
              4.9024043
            ],
            [
              -74.0804891,
              4.9021932
            ],
            [
              -74.0804167,
              4.9020168
            ],
            [
              -74.0803684,
              4.9018538
            ],
            [
              -74.0803175,
              4.901656
            ],
            [
              -74.0802638,
              4.9015064
            ],
            [
              -74.0801887,
              4.9012765
            ],
            [
              -74.0801404,
              4.9011376
            ],
            [
              -74.0801378,
              4.9010414
            ],
            [
              -74.0801324,
              4.9009558
            ],
            [
              -74.0800788,
              4.9008249
            ],
            [
              -74.080009,
              4.9006245
            ],
            [
              -74.0799366,
              4.900424
            ],
            [
              -74.0798508,
              4.9002022
            ],
            [
              -74.0798052,
              4.9000205
            ],
            [
              -74.0797944,
              4.8998521
            ],
            [
              -74.0798052,
              4.8996544
            ],
            [
              -74.0798615,
              4.8994566
            ],
            [
              -74.0799473,
              4.8993257
            ],
            [
              -74.0799849,
              4.8992642
            ],
            [
              -74.0799554,
              4.8991199
            ],
            [
              -74.0799607,
              4.8989034
            ],
            [
              -74.0799849,
              4.8987858
            ],
            [
              -74.0799178,
              4.8986789
            ],
            [
              -74.0798615,
              4.8985908
            ],
            [
              -74.0798561,
              4.8984571
            ],
            [
              -74.0798356,
              4.8981633
            ],
            [
              -74.0797076,
              4.8977525
            ],
            [
              -74.0796179,
              4.8973366
            ],
            [
              -74.0795283,
              4.8971273
            ],
            [
              -74.0795232,
              4.896964
            ],
            [
              -74.0797409,
              4.8968849
            ],
            [
              -74.0799919,
              4.8970814
            ],
            [
              -74.0802659,
              4.8971171
            ],
            [
              -74.080312,
              4.8971248
            ],
            [
              -74.0803606,
              4.8971375
            ],
            [
              -74.0805654,
              4.8971598
            ],
            [
              -74.0805337,
              4.8969081
            ],
            [
              -74.0805025,
              4.8968584
            ],
            [
              -74.080446,
              4.8967192
            ],
            [
              -74.080417,
              4.8966511
            ],
            [
              -74.0803943,
              4.8966384
            ],
            [
              -74.0803505,
              4.8966047
            ],
            [
              -74.0803113,
              4.8965493
            ],
            [
              -74.0802662,
              4.8964943
            ],
            [
              -74.0802405,
              4.8964585
            ],
            [
              -74.080206,
              4.896438
            ],
            [
              -74.0801694,
              4.8963943
            ],
            [
              -74.0801429,
              4.896336
            ],
            [
              -74.0801226,
              4.8962805
            ],
            [
              -74.0800738,
              4.8961879
            ],
            [
              -74.0800504,
              4.8961133
            ],
            [
              -74.0800453,
              4.8960498
            ],
            [
              -74.0800315,
              4.8960123
            ],
            [
              -74.0800134,
              4.8960017
            ],
            [
              -74.0800043,
              4.8959781
            ],
            [
              -74.0799947,
              4.8959501
            ],
            [
              -74.0799808,
              4.895924
            ],
            [
              -74.0799575,
              4.895917
            ],
            [
              -74.0799424,
              4.895906
            ],
            [
              -74.0799297,
              4.895873
            ],
            [
              -74.0799518,
              4.8958504
            ],
            [
              -74.0799507,
              4.8958219
            ],
            [
              -74.0799257,
              4.8958046
            ],
            [
              -74.0799041,
              4.8957686
            ],
            [
              -74.0798994,
              4.8957425
            ],
            [
              -74.0798797,
              4.8957244
            ],
            [
              -74.0798557,
              4.8957163
            ],
            [
              -74.0798335,
              4.8956981
            ],
            [
              -74.0798143,
              4.8956556
            ],
            [
              -74.0797996,
              4.8956131
            ],
            [
              -74.079777,
              4.8955929
            ],
            [
              -74.0797433,
              4.8955827
            ],
            [
              -74.079729,
              4.8955453
            ],
            [
              -74.0797097,
              4.8954905
            ],
            [
              -74.0796783,
              4.8954529
            ],
            [
              -74.0796474,
              4.8953895
            ],
            [
              -74.0796197,
              4.8953325
            ],
            [
              -74.0796002,
              4.8952958
            ],
            [
              -74.0795753,
              4.8952577
            ],
            [
              -74.079526,
              4.8952183
            ],
            [
              -74.0794719,
              4.8952076
            ],
            [
              -74.0794183,
              4.8951983
            ],
            [
              -74.0793351,
              4.8951823
            ],
            [
              -74.0792754,
              4.8951532
            ],
            [
              -74.0792181,
              4.8951157
            ],
            [
              -74.0791702,
              4.8950808
            ],
            [
              -74.0790893,
              4.8950258
            ],
            [
              -74.0790064,
              4.8950012
            ],
            [
              -74.0789425,
              4.8949738
            ],
            [
              -74.078877,
              4.8949408
            ],
            [
              -74.0787925,
              4.894901
            ],
            [
              -74.0787207,
              4.8948669
            ],
            [
              -74.078635,
              4.8948327
            ],
            [
              -74.0785718,
              4.8948024
            ],
            [
              -74.0784955,
              4.8948014
            ],
            [
              -74.078435,
              4.8947989
            ],
            [
              -74.0783438,
              4.8947805
            ],
            [
              -74.0782189,
              4.894753
            ],
            [
              -74.07819,
              4.8947241
            ],
            [
              -74.078142,
              4.8947005
            ],
            [
              -74.0780489,
              4.8946918
            ],
            [
              -74.0779739,
              4.8946702
            ],
            [
              -74.0778479,
              4.8946513
            ],
            [
              -74.0777222,
              4.8946229
            ],
            [
              -74.0776019,
              4.8945587
            ],
            [
              -74.077303,
              4.8944125
            ],
            [
              -74.0769635,
              4.8942217
            ],
            [
              -74.0760348,
              4.8936937
            ],
            [
              -74.0751252,
              4.8931714
            ],
            [
              -74.0749435,
              4.8930671
            ],
            [
              -74.074655,
              4.8928953
            ],
            [
              -74.0745974,
              4.8928691
            ],
            [
              -74.0744747,
              4.892793
            ],
            [
              -74.0741467,
              4.8926012
            ],
            [
              -74.073908,
              4.8924547
            ],
            [
              -74.0734069,
              4.8921556
            ],
            [
              -74.073164,
              4.892017
            ],
            [
              -74.0727756,
              4.8917826
            ],
            [
              -74.0724663,
              4.8916053
            ],
            [
              -74.0719968,
              4.8913188
            ],
            [
              -74.0717498,
              4.8911685
            ],
            [
              -74.0715589,
              4.8910547
            ],
            [
              -74.0711013,
              4.8907739
            ],
            [
              -74.0708563,
              4.8906288
            ],
            [
              -74.0708367,
              4.8906172
            ],
            [
              -74.0704053,
              4.8903694
            ],
            [
              -74.0696371,
              4.8899195
            ],
            [
              -74.0692799,
              4.8897086
            ],
            [
              -74.0688059,
              4.8894296
            ],
            [
              -74.0685246,
              4.8892655
            ],
            [
              -74.0678232,
              4.8888646
            ],
            [
              -74.0676406,
              4.8887602
            ],
            [
              -74.0673565,
              4.8885978
            ],
            [
              -74.0671926,
              4.8884984
            ],
            [
              -74.0667751,
              4.8882637
            ],
            [
              -74.0662233,
              4.8879342
            ],
            [
              -74.0654056,
              4.887446
            ],
            [
              -74.0653047,
              4.8873858
            ],
            [
              -74.065449,
              4.8871553
            ],
            [
              -74.0656247,
              4.8868541
            ],
            [
              -74.0662775,
              4.8857576
            ],
            [
              -74.066729,
              4.8849872
            ],
            [
              -74.0669828,
              4.8845815
            ],
            [
              -74.0668528,
              4.8845257
            ],
            [
              -74.0665045,
              4.8843762
            ],
            [
              -74.0659757,
              4.8841493
            ],
            [
              -74.065737,
              4.8840469
            ],
            [
              -74.0655033,
              4.8839466
            ],
            [
              -74.0652702,
              4.8838465
            ],
            [
              -74.0646539,
              4.8835821
            ],
            [
              -74.0640637,
              4.8833288
            ],
            [
              -74.0638421,
              4.8832337
            ],
            [
              -74.063817,
              4.8832229
            ],
            [
              -74.0634705,
              4.8830742
            ],
            [
              -74.0633768,
              4.8830489
            ],
            [
              -74.0628112,
              4.8827904
            ],
            [
              -74.0618256,
              4.8823399
            ],
            [
              -74.0618125,
              4.8822957
            ],
            [
              -74.0609335,
              4.8819393
            ],
            [
              -74.0603944,
              4.8817208
            ],
            [
              -74.0604145,
              4.8816559
            ],
            [
              -74.0601748,
              4.8815588
            ],
            [
              -74.0602175,
              4.8814751
            ],
            [
              -74.0597794,
              4.8812513
            ],
            [
              -74.0596478,
              4.8811858
            ],
            [
              -74.0590488,
              4.8826245
            ],
            [
              -74.0582027,
              4.8821908
            ],
            [
              -74.0578594,
              4.8820197
            ],
            [
              -74.0574034,
              4.8817899
            ],
            [
              -74.0573873,
              4.8817445
            ],
            [
              -74.0573417,
              4.8817284
            ],
            [
              -74.0573015,
              4.8817284
            ],
            [
              -74.0555383,
              4.880833
            ],
            [
              -74.0555317,
              4.880973
            ],
            [
              -74.0555373,
              4.8811987
            ],
            [
              -74.0555697,
              4.8813087
            ],
            [
              -74.0555565,
              4.8814087
            ],
            [
              -74.0555104,
              4.881449
            ],
            [
              -74.0553561,
              4.8814953
            ],
            [
              -74.0551066,
              4.8814993
            ],
            [
              -74.0548967,
              4.8814366
            ],
            [
              -74.0547207,
              4.8813528
            ],
            [
              -74.0546622,
              4.8813572
            ],
            [
              -74.0546156,
              4.8813953
            ],
            [
              -74.0545645,
              4.8815186
            ],
            [
              -74.0545564,
              4.8816789
            ],
            [
              -74.0545719,
              4.881851
            ],
            [
              -74.0545945,
              4.8820537
            ],
            [
              -74.0545269,
              4.8823332
            ],
            [
              -74.0545258,
              4.8823658
            ],
            [
              -74.0545192,
              4.8825538
            ],
            [
              -74.0545213,
              4.8830503
            ],
            [
              -74.0545019,
              4.8832067
            ],
            [
              -74.0544488,
              4.883353
            ],
            [
              -74.0543393,
              4.8834838
            ],
            [
              -74.0542607,
              4.8835373
            ],
            [
              -74.0542003,
              4.8835784
            ],
            [
              -74.0540807,
              4.8836286
            ],
            [
              -74.0539196,
              4.8836366
            ],
            [
              -74.0538261,
              4.8835597
            ],
            [
              -74.0537549,
              4.8834585
            ],
            [
              -74.0537433,
              4.883302
            ],
            [
              -74.053746,
              4.8831383
            ],
            [
              -74.053727,
              4.883044
            ],
            [
              -74.0536776,
              4.8829658
            ],
            [
              -74.053636,
              4.8829279
            ],
            [
              -74.0535752,
              4.8829102
            ],
            [
              -74.0535129,
              4.8829336
            ],
            [
              -74.0534587,
              4.8829895
            ],
            [
              -74.0533904,
              4.8830865
            ],
            [
              -74.0533405,
              4.8831977
            ],
            [
              -74.0532923,
              4.8833566
            ],
            [
              -74.053275,
              4.8834954
            ],
            [
              -74.0533025,
              4.883651
            ],
            [
              -74.0532588,
              4.883764
            ],
            [
              -74.0531813,
              4.8838463
            ],
            [
              -74.053121,
              4.8839084
            ],
            [
              -74.0530452,
              4.8838856
            ],
            [
              -74.0528905,
              4.8838621
            ],
            [
              -74.0527388,
              4.8838703
            ],
            [
              -74.0526338,
              4.8839453
            ],
            [
              -74.0525076,
              4.8841524
            ],
            [
              -74.0524887,
              4.8844349
            ],
            [
              -74.0524944,
              4.8845657
            ],
            [
              -74.0525132,
              4.8846051
            ],
            [
              -74.0525492,
              4.8846265
            ],
            [
              -74.0526219,
              4.8846393
            ],
            [
              -74.0527395,
              4.8846806
            ],
            [
              -74.0528262,
              4.8847429
            ],
            [
              -74.0528452,
              4.8848539
            ],
            [
              -74.0528518,
              4.8848923
            ],
            [
              -74.0528562,
              4.8849868
            ],
            [
              -74.0528485,
              4.8850875
            ],
            [
              -74.0527821,
              4.8853211
            ],
            [
              -74.0527038,
              4.8854503
            ],
            [
              -74.0526051,
              4.8855533
            ],
            [
              -74.0524593,
              4.8856089
            ],
            [
              -74.0523877,
              4.8856949
            ],
            [
              -74.052354,
              4.8857643
            ],
            [
              -74.0523426,
              4.8858356
            ],
            [
              -74.0523956,
              4.8859644
            ],
            [
              -74.0524729,
              4.8860973
            ],
            [
              -74.052461,
              4.886201
            ],
            [
              -74.0523812,
              4.8863632
            ],
            [
              -74.0523288,
              4.8865577
            ],
            [
              -74.0523257,
              4.8866253
            ],
            [
              -74.0523064,
              4.8866929
            ],
            [
              -74.0522435,
              4.8868024
            ],
            [
              -74.0521614,
              4.886911
            ],
            [
              -74.0519777,
              4.8869559
            ],
            [
              -74.0518499,
              4.8869092
            ],
            [
              -74.0517364,
              4.8868868
            ],
            [
              -74.0516168,
              4.8868764
            ],
            [
              -74.0514891,
              4.8869104
            ],
            [
              -74.0513536,
              4.8869968
            ],
            [
              -74.0512557,
              4.8871165
            ],
            [
              -74.0511277,
              4.8872444
            ],
            [
              -74.0510711,
              4.8873072
            ],
            [
              -74.0510378,
              4.8873792
            ],
            [
              -74.0510408,
              4.8874557
            ],
            [
              -74.0510807,
              4.8875322
            ],
            [
              -74.0510934,
              4.8875575
            ],
            [
              -74.0511178,
              4.8875828
            ],
            [
              -74.0511447,
              4.8875937
            ],
            [
              -74.0512161,
              4.8876027
            ],
            [
              -74.0513187,
              4.8876166
            ],
            [
              -74.0514086,
              4.8876392
            ],
            [
              -74.0515069,
              4.8876709
            ],
            [
              -74.0515754,
              4.8876667
            ],
            [
              -74.051627,
              4.8876659
            ],
            [
              -74.0517204,
              4.8876449
            ],
            [
              -74.0518007,
              4.8875895
            ],
            [
              -74.0518543,
              4.887527
            ],
            [
              -74.0519053,
              4.8875044
            ],
            [
              -74.0519841,
              4.8874844
            ],
            [
              -74.0520407,
              4.8874503
            ],
            [
              -74.0521385,
              4.887442
            ],
            [
              -74.0522174,
              4.8874719
            ],
            [
              -74.0523113,
              4.8875741
            ],
            [
              -74.0523516,
              4.8876046
            ],
            [
              -74.0523875,
              4.8876422
            ],
            [
              -74.0524012,
              4.8877349
            ],
            [
              -74.0523896,
              4.8878566
            ],
            [
              -74.0523607,
              4.8879548
            ],
            [
              -74.0522659,
              4.8880352
            ],
            [
              -74.0520919,
              4.8881031
            ],
            [
              -74.0519205,
              4.8881462
            ],
            [
              -74.0517547,
              4.8881335
            ],
            [
              -74.0515926,
              4.8881035
            ],
            [
              -74.0514002,
              4.888052
            ],
            [
              -74.0512456,
              4.8880787
            ],
            [
              -74.0511385,
              4.8881507
            ],
            [
              -74.0510869,
              4.8881912
            ],
            [
              -74.0508979,
              4.8883337
            ],
            [
              -74.0508009,
              4.8884692
            ],
            [
              -74.0507971,
              4.8885545
            ],
            [
              -74.0508688,
              4.8886355
            ],
            [
              -74.0508388,
              4.8888198
            ],
            [
              -74.0507558,
              4.888911
            ],
            [
              -74.0505727,
              4.8889472
            ],
            [
              -74.0504609,
              4.8889612
            ],
            [
              -74.0503172,
              4.8891007
            ],
            [
              -74.0502629,
              4.8892621
            ],
            [
              -74.0502811,
              4.8895245
            ],
            [
              -74.0503757,
              4.8897752
            ],
            [
              -74.0505152,
              4.8899601
            ],
            [
              -74.0504884,
              4.8901045
            ],
            [
              -74.0503044,
              4.8902488
            ],
            [
              -74.0498802,
              4.8905683
            ],
            [
              -74.0494921,
              4.8907947
            ],
            [
              -74.0493281,
              4.8909709
            ],
            [
              -74.0493303,
              4.8910789
            ],
            [
              -74.0493929,
              4.8911952
            ],
            [
              -74.0494879,
              4.891274
            ],
            [
              -74.04962,
              4.8913835
            ],
            [
              -74.0497806,
              4.8914333
            ],
            [
              -74.0498974,
              4.8914067
            ],
            [
              -74.049998,
              4.8913375
            ],
            [
              -74.0500612,
              4.8912565
            ],
            [
              -74.0501426,
              4.8911999
            ],
            [
              -74.050232,
              4.8911782
            ],
            [
              -74.0503233,
              4.8912173
            ],
            [
              -74.0503623,
              4.8913
            ],
            [
              -74.0503586,
              4.891413
            ],
            [
              -74.0503344,
              4.8914806
            ],
            [
              -74.0502898,
              4.8915381
            ],
            [
              -74.0502341,
              4.8916501
            ],
            [
              -74.0501353,
              4.8917175
            ],
            [
              -74.0500121,
              4.8917402
            ],
            [
              -74.0499174,
              4.8916875
            ],
            [
              -74.0498126,
              4.8916671
            ],
            [
              -74.0496822,
              4.8916304
            ],
            [
              -74.0494587,
              4.891707
            ],
            [
              -74.0493513,
              4.8918513
            ],
            [
              -74.0493373,
              4.8920583
            ],
            [
              -74.0493241,
              4.8922611
            ],
            [
              -74.0494042,
              4.8924961
            ],
            [
              -74.0494186,
              4.8925775
            ],
            [
              -74.0494122,
              4.892642
            ],
            [
              -74.0494081,
              4.8927187
            ],
            [
              -74.0494004,
              4.8928597
            ],
            [
              -74.049422,
              4.8930626
            ],
            [
              -74.0494729,
              4.8931861
            ],
            [
              -74.0496213,
              4.8933721
            ],
            [
              -74.0496552,
              4.8934885
            ],
            [
              -74.0495231,
              4.8935685
            ],
            [
              -74.0493845,
              4.893611
            ],
            [
              -74.0492346,
              4.8936207
            ],
            [
              -74.0490497,
              4.893647
            ],
            [
              -74.0488504,
              4.8936704
            ],
            [
              -74.0487046,
              4.8936777
            ],
            [
              -74.0485114,
              4.8937589
            ],
            [
              -74.0483705,
              4.8938642
            ],
            [
              -74.0483252,
              4.894077
            ],
            [
              -74.0483578,
              4.8942515
            ],
            [
              -74.0484757,
              4.8943496
            ],
            [
              -74.0486341,
              4.8943698
            ],
            [
              -74.0487258,
              4.8943132
            ],
            [
              -74.0488601,
              4.8943224
            ],
            [
              -74.0489795,
              4.8944906
            ],
            [
              -74.0490108,
              4.8947073
            ],
            [
              -74.0489887,
              4.8949616
            ],
            [
              -74.0491047,
              4.8950583
            ],
            [
              -74.0492235,
              4.8950708
            ],
            [
              -74.0493277,
              4.8950266
            ],
            [
              -74.0493755,
              4.8949316
            ],
            [
              -74.049501,
              4.8948731
            ],
            [
              -74.0496166,
              4.8948654
            ],
            [
              -74.0497342,
              4.8949769
            ],
            [
              -74.0497778,
              4.8952045
            ],
            [
              -74.0497363,
              4.8954718
            ],
            [
              -74.0497351,
              4.8955708
            ],
            [
              -74.049948,
              4.8959756
            ],
            [
              -74.0498954,
              4.8960691
            ],
            [
              -74.0496877,
              4.8961313
            ],
            [
              -74.0494508,
              4.8961208
            ],
            [
              -74.0492295,
              4.8961455
            ],
            [
              -74.0490403,
              4.8961743
            ],
            [
              -74.0488476,
              4.8961684
            ],
            [
              -74.0486941,
              4.896092
            ],
            [
              -74.0485385,
              4.8959885
            ],
            [
              -74.0484483,
              4.8959371
            ],
            [
              -74.0483653,
              4.895982
            ],
            [
              -74.0483085,
              4.8960444
            ],
            [
              -74.0482715,
              4.8962237
            ],
            [
              -74.0483709,
              4.8964409
            ],
            [
              -74.0485275,
              4.8966737
            ],
            [
              -74.0485566,
              4.8967684
            ],
            [
              -74.0485759,
              4.896902
            ],
            [
              -74.0487482,
              4.8969152
            ],
            [
              -74.0488088,
              4.8969849
            ],
            [
              -74.0489543,
              4.8970634
            ],
            [
              -74.0491723,
              4.8971631
            ],
            [
              -74.0492922,
              4.89724
            ],
            [
              -74.0493871,
              4.8973211
            ],
            [
              -74.0497617,
              4.8975582
            ],
            [
              -74.0498816,
              4.897635
            ],
            [
              -74.04996,
              4.8976469
            ],
            [
              -74.0502194,
              4.8977961
            ],
            [
              -74.0506056,
              4.898033
            ],
            [
              -74.0507784,
              4.8981566
            ],
            [
              -74.051002,
              4.898268
            ],
            [
              -74.0513414,
              4.8985029
            ],
            [
              -74.0515325,
              4.8986588
            ],
            [
              -74.0517988,
              4.8988938
            ],
            [
              -74.0521444,
              4.8991449
            ],
            [
              -74.0523619,
              4.8993272
            ],
            [
              -74.0525021,
              4.8994467
            ],
            [
              -74.0528477,
              4.8996857
            ],
            [
              -74.0529778,
              4.8997788
            ],
            [
              -74.0532664,
              4.9000016
            ],
            [
              -74.0534779,
              4.9002021
            ],
            [
              -74.0537015,
              4.9004573
            ],
            [
              -74.0538254,
              4.9006153
            ],
            [
              -74.0540531,
              4.9007672
            ],
            [
              -74.0543194,
              4.9008928
            ],
            [
              -74.0545369,
              4.9010507
            ],
            [
              -74.0546894,
              4.9011682
            ],
            [
              -74.0548337,
              4.9013181
            ],
            [
              -74.0551223,
              4.9014538
            ],
            [
              -74.0552118,
              4.9015672
            ],
            [
              -74.0552707,
              4.9017089
            ],
            [
              -74.0554069,
              4.9018467
            ],
            [
              -74.0555533,
              4.9019621
            ],
            [
              -74.0556976,
              4.9020289
            ],
            [
              -74.055783,
              4.9020897
            ],
            [
              -74.0558013,
              4.9021383
            ],
            [
              -74.0558988,
              4.902191
            ],
            [
              -74.0560676,
              4.9022781
            ],
            [
              -74.0562058,
              4.9023732
            ],
            [
              -74.0563806,
              4.902436
            ],
            [
              -74.0566774,
              4.9025596
            ],
            [
              -74.0567688,
              4.9025555
            ],
            [
              -74.0569965,
              4.9024826
            ],
            [
              -74.0570928,
              4.9024566
            ]
          ]
        ]
      },
      "id": "relation/16204380"
    },
    {
      "type": "Feature",
      "properties": {
        "@id": "relation/16204573",
        "admin_level": "8",
        "boundary": "administrative",
        "name": "La Balsa",
        "type": "boundary"
      },
      "geometry": {
        "type": "Polygon",
        "coordinates": [
          [
            [
              -74.0426436,
              4.8555007
            ],
            [
              -74.0427305,
              4.8565344
            ],
            [
              -74.0426151,
              4.8574119
            ],
            [
              -74.0425075,
              4.8576643
            ],
            [
              -74.041891,
              4.8581445
            ],
            [
              -74.0418019,
              4.8582139
            ],
            [
              -74.0415211,
              4.8582439
            ],
            [
              -74.0410316,
              4.8582963
            ],
            [
              -74.0409286,
              4.8582776
            ],
            [
              -74.040642,
              4.8582256
            ],
            [
              -74.0399448,
              4.858099
            ],
            [
              -74.0396009,
              4.8581172
            ],
            [
              -74.03947,
              4.8583911
            ],
            [
              -74.0396696,
              4.8586565
            ],
            [
              -74.040278,
              4.8586129
            ],
            [
              -74.0406078,
              4.8585892
            ],
            [
              -74.0408547,
              4.8587116
            ],
            [
              -74.0410112,
              4.8587891
            ],
            [
              -74.0410224,
              4.8590183
            ],
            [
              -74.0408518,
              4.859246
            ],
            [
              -74.0406105,
              4.8595679
            ],
            [
              -74.0398461,
              4.8598544
            ],
            [
              -74.0387141,
              4.8602977
            ],
            [
              -74.0383962,
              4.8606298
            ],
            [
              -74.0382049,
              4.8608295
            ],
            [
              -74.0376406,
              4.8619359
            ],
            [
              -74.037275,
              4.8625962
            ],
            [
              -74.0371736,
              4.8627076
            ],
            [
              -74.0370291,
              4.8628041
            ],
            [
              -74.0367345,
              4.863014
            ],
            [
              -74.0365986,
              4.8631003
            ],
            [
              -74.0364849,
              4.8631507
            ],
            [
              -74.0363471,
              4.8631971
            ],
            [
              -74.036222,
              4.8632209
            ],
            [
              -74.0360995,
              4.8632324
            ],
            [
              -74.0359597,
              4.8632134
            ],
            [
              -74.0358248,
              4.8631797
            ],
            [
              -74.0356818,
              4.8631114
            ],
            [
              -74.035603,
              4.8630402
            ],
            [
              -74.0355594,
              4.8629425
            ],
            [
              -74.0355529,
              4.8628473
            ],
            [
              -74.0355755,
              4.8627233
            ],
            [
              -74.0356325,
              4.8625398
            ],
            [
              -74.0357241,
              4.8622653
            ],
            [
              -74.0358227,
              4.8619621
            ],
            [
              -74.035931,
              4.8616126
            ],
            [
              -74.0359742,
              4.8613806
            ],
            [
              -74.0360009,
              4.8611967
            ],
            [
              -74.03601,
              4.8610305
            ],
            [
              -74.0360095,
              4.8609201
            ],
            [
              -74.0359871,
              4.8608072
            ],
            [
              -74.0359404,
              4.8606656
            ],
            [
              -74.0358646,
              4.8605104
            ],
            [
              -74.0357617,
              4.8603406
            ],
            [
              -74.0356563,
              4.8601867
            ],
            [
              -74.0355573,
              4.86008
            ],
            [
              -74.0354208,
              4.8599673
            ],
            [
              -74.035258,
              4.8598562
            ],
            [
              -74.0351361,
              4.8598008
            ],
            [
              -74.0350373,
              4.8597611
            ],
            [
              -74.034889,
              4.8597493
            ],
            [
              -74.03475,
              4.8597718
            ],
            [
              -74.0346315,
              4.8598148
            ],
            [
              -74.0344898,
              4.8598971
            ],
            [
              -74.0343659,
              4.8599659
            ],
            [
              -74.0342423,
              4.8600454
            ],
            [
              -74.0341361,
              4.8601237
            ],
            [
              -74.0340449,
              4.8601551
            ],
            [
              -74.033898,
              4.8601946
            ],
            [
              -74.0337603,
              4.8602089
            ],
            [
              -74.0336685,
              4.860208
            ],
            [
              -74.0335515,
              4.8601706
            ],
            [
              -74.0334951,
              4.8601206
            ],
            [
              -74.0334559,
              4.8600643
            ],
            [
              -74.0334213,
              4.8599829
            ],
            [
              -74.0334051,
              4.8599062
            ],
            [
              -74.03341,
              4.8598272
            ],
            [
              -74.0334411,
              4.8597394
            ],
            [
              -74.0334802,
              4.8596562
            ],
            [
              -74.0335619,
              4.8595388
            ],
            [
              -74.0337116,
              4.8593688
            ],
            [
              -74.0339277,
              4.8590911
            ],
            [
              -74.0341207,
              4.8588805
            ],
            [
              -74.0341985,
              4.8587933
            ],
            [
              -74.0342899,
              4.8586832
            ],
            [
              -74.0343461,
              4.858584
            ],
            [
              -74.0344008,
              4.8584503
            ],
            [
              -74.0344356,
              4.8583158
            ],
            [
              -74.0344414,
              4.858177
            ],
            [
              -74.0344303,
              4.8580962
            ],
            [
              -74.0343911,
              4.8579909
            ],
            [
              -74.0343387,
              4.8579184
            ],
            [
              -74.0342471,
              4.8578488
            ],
            [
              -74.0341308,
              4.8578086
            ],
            [
              -74.034003,
              4.8577987
            ],
            [
              -74.0338598,
              4.857808
            ],
            [
              -74.0337482,
              4.8578299
            ],
            [
              -74.0336168,
              4.8578738
            ],
            [
              -74.0333988,
              4.8579781
            ],
            [
              -74.0332351,
              4.85807
            ],
            [
              -74.0318546,
              4.8589534
            ],
            [
              -74.0314977,
              4.8591963
            ],
            [
              -74.0311659,
              4.8594524
            ],
            [
              -74.030999,
              4.8596125
            ],
            [
              -74.0308798,
              4.8597565
            ],
            [
              -74.0307599,
              4.8599415
            ],
            [
              -74.0306943,
              4.8600945
            ],
            [
              -74.0306542,
              4.8602309
            ],
            [
              -74.0306112,
              4.8605018
            ],
            [
              -74.0305734,
              4.8606379
            ],
            [
              -74.0305601,
              4.8608197
            ],
            [
              -74.0305344,
              4.8610426
            ],
            [
              -74.0305246,
              4.8612661
            ],
            [
              -74.0305068,
              4.8614342
            ],
            [
              -74.0304695,
              4.8615934
            ],
            [
              -74.0304238,
              4.8617887
            ],
            [
              -74.0303495,
              4.8620703
            ],
            [
              -74.0302504,
              4.8623814
            ],
            [
              -74.0301426,
              4.8625658
            ],
            [
              -74.0299212,
              4.8628856
            ],
            [
              -74.0297278,
              4.8632308
            ],
            [
              -74.0296182,
              4.8634384
            ],
            [
              -74.030591,
              4.8639535
            ],
            [
              -74.0307806,
              4.8640577
            ],
            [
              -74.0308877,
              4.8640336
            ],
            [
              -74.0310385,
              4.8639927
            ],
            [
              -74.0312477,
              4.863932
            ],
            [
              -74.0316455,
              4.8638094
            ],
            [
              -74.0326148,
              4.8635025
            ],
            [
              -74.0330755,
              4.8633558
            ],
            [
              -74.0333108,
              4.8632854
            ],
            [
              -74.0335249,
              4.8632396
            ],
            [
              -74.0337587,
              4.8632133
            ],
            [
              -74.0340353,
              4.8632022
            ],
            [
              -74.0342858,
              4.8632022
            ],
            [
              -74.0346599,
              4.8632441
            ],
            [
              -74.0349559,
              4.8633012
            ],
            [
              -74.035208,
              4.8633393
            ],
            [
              -74.0353567,
              4.8633646
            ],
            [
              -74.0358076,
              4.8634469
            ],
            [
              -74.0361682,
              4.8635364
            ],
            [
              -74.0365203,
              4.8636545
            ],
            [
              -74.0368617,
              4.8638006
            ],
            [
              -74.0369703,
              4.8638218
            ],
            [
              -74.0370724,
              4.8638844
            ],
            [
              -74.0371431,
              4.8639354
            ],
            [
              -74.0372321,
              4.8640065
            ],
            [
              -74.0372998,
              4.8640769
            ],
            [
              -74.0373706,
              4.8641557
            ],
            [
              -74.0374351,
              4.864233
            ],
            [
              -74.0374988,
              4.8643147
            ],
            [
              -74.0375523,
              4.8643992
            ],
            [
              -74.0377236,
              4.8646906
            ],
            [
              -74.0377679,
              4.8647741
            ],
            [
              -74.0377998,
              4.8648268
            ],
            [
              -74.0378521,
              4.8648852
            ],
            [
              -74.0379046,
              4.8649401
            ],
            [
              -74.0379847,
              4.8650007
            ],
            [
              -74.0380804,
              4.8650544
            ],
            [
              -74.038157,
              4.8650834
            ],
            [
              -74.0382167,
              4.8650992
            ],
            [
              -74.0382878,
              4.8651115
            ],
            [
              -74.0383766,
              4.8651181
            ],
            [
              -74.038458,
              4.8651171
            ],
            [
              -74.0385417,
              4.8651079
            ],
            [
              -74.0386966,
              4.8650832
            ],
            [
              -74.0388109,
              4.8650632
            ],
            [
              -74.0392461,
              4.8649962
            ],
            [
              -74.039281,
              4.8649908
            ],
            [
              -74.0401202,
              4.8648729
            ],
            [
              -74.0405076,
              4.8648182
            ],
            [
              -74.0407915,
              4.8647787
            ],
            [
              -74.0414236,
              4.864688
            ],
            [
              -74.0418176,
              4.8646333
            ],
            [
              -74.0418238,
              4.8645585
            ],
            [
              -74.0418679,
              4.8644161
            ],
            [
              -74.0421053,
              4.8638188
            ],
            [
              -74.0424298,
              4.8639684
            ],
            [
              -74.04269,
              4.863343
            ],
            [
              -74.0427812,
              4.8633577
            ],
            [
              -74.0430105,
              4.8628366
            ],
            [
              -74.0430526,
              4.8628497
            ],
            [
              -74.0430454,
              4.8629123
            ],
            [
              -74.0430482,
              4.8629643
            ],
            [
              -74.0430676,
              4.8630297
            ],
            [
              -74.0430955,
              4.8631015
            ],
            [
              -74.0431568,
              4.8632645
            ],
            [
              -74.0431717,
              4.8633173
            ],
            [
              -74.0431781,
              4.8633778
            ],
            [
              -74.0431733,
              4.8634296
            ],
            [
              -74.0431486,
              4.8634897
            ],
            [
              -74.0431124,
              4.8635669
            ],
            [
              -74.0429824,
              4.8638444
            ],
            [
              -74.0429536,
              4.8639162
            ],
            [
              -74.0429451,
              4.8639596
            ],
            [
              -74.0429439,
              4.8640249
            ],
            [
              -74.0429526,
              4.8640859
            ],
            [
              -74.0429783,
              4.8641462
            ],
            [
              -74.0430331,
              4.8642226
            ],
            [
              -74.0431044,
              4.8642839
            ],
            [
              -74.0431882,
              4.8643267
            ],
            [
              -74.0433015,
              4.8643159
            ],
            [
              -74.0433753,
              4.8642931
            ],
            [
              -74.0435094,
              4.8642277
            ],
            [
              -74.0435612,
              4.8642161
            ],
            [
              -74.0435947,
              4.8642011
            ],
            [
              -74.0436481,
              4.8641678
            ],
            [
              -74.0436845,
              4.8641301
            ],
            [
              -74.0437238,
              4.8640948
            ],
            [
              -74.0437839,
              4.8640638
            ],
            [
              -74.0438426,
              4.8640459
            ],
            [
              -74.0438931,
              4.8640435
            ],
            [
              -74.0439368,
              4.8640474
            ],
            [
              -74.043964,
              4.8640585
            ],
            [
              -74.0439853,
              4.8640769
            ],
            [
              -74.0440526,
              4.8641568
            ],
            [
              -74.0440854,
              4.8640725
            ],
            [
              -74.0441117,
              4.8640271
            ],
            [
              -74.0441802,
              4.863882
            ],
            [
              -74.0442386,
              4.8637584
            ],
            [
              -74.0442892,
              4.8636512
            ],
            [
              -74.0444445,
              4.8633204
            ],
            [
              -74.0442786,
              4.8632445
            ],
            [
              -74.0444714,
              4.8627699
            ],
            [
              -74.0443771,
              4.8627328
            ],
            [
              -74.0443998,
              4.8626851
            ],
            [
              -74.0445957,
              4.862238
            ],
            [
              -74.0450796,
              4.862452
            ],
            [
              -74.045441,
              4.8615411
            ],
            [
              -74.045302,
              4.8614838
            ],
            [
              -74.0454375,
              4.8611545
            ],
            [
              -74.0453452,
              4.8611141
            ],
            [
              -74.045567,
              4.8605605
            ],
            [
              -74.0460709,
              4.8607536
            ],
            [
              -74.0462272,
              4.8603875
            ],
            [
              -74.0462587,
              4.8603182
            ],
            [
              -74.0458636,
              4.8601635
            ],
            [
              -74.0458449,
              4.8601508
            ],
            [
              -74.0458302,
              4.8601233
            ],
            [
              -74.045828,
              4.8600693
            ],
            [
              -74.0459854,
              4.8596831
            ],
            [
              -74.0464986,
              4.8584141
            ],
            [
              -74.046778,
              4.8578099
            ],
            [
              -74.0471342,
              4.857051
            ],
            [
              -74.048201,
              4.8574998
            ],
            [
              -74.04824,
              4.8573777
            ],
            [
              -74.0483316,
              4.8570331
            ],
            [
              -74.0486071,
              4.8560108
            ],
            [
              -74.0486491,
              4.8558669
            ],
            [
              -74.0485369,
              4.8558414
            ],
            [
              -74.0479508,
              4.8555914
            ],
            [
              -74.0474481,
              4.8553549
            ],
            [
              -74.0474851,
              4.855281
            ],
            [
              -74.0471441,
              4.8551056
            ],
            [
              -74.0473202,
              4.8547436
            ],
            [
              -74.047335,
              4.8546975
            ],
            [
              -74.0463861,
              4.8542081
            ],
            [
              -74.0462056,
              4.8541111
            ],
            [
              -74.0461641,
              4.8542113
            ],
            [
              -74.0461008,
              4.8543448
            ],
            [
              -74.046081,
              4.8543867
            ],
            [
              -74.0460476,
              4.854457
            ],
            [
              -74.0460046,
              4.8545477
            ],
            [
              -74.0459653,
              4.8546305
            ],
            [
              -74.0458147,
              4.8549482
            ],
            [
              -74.0457283,
              4.8551304
            ],
            [
              -74.0456936,
              4.8552035
            ],
            [
              -74.0455336,
              4.8554121
            ],
            [
              -74.0454854,
              4.8553807
            ],
            [
              -74.0452964,
              4.8552588
            ],
            [
              -74.0442938,
              4.8545387
            ],
            [
              -74.0441849,
              4.8544399
            ],
            [
              -74.0441514,
              4.854306
            ],
            [
              -74.0441689,
              4.8541849
            ],
            [
              -74.0443487,
              4.8538641
            ],
            [
              -74.0445094,
              4.853613
            ],
            [
              -74.0446129,
              4.8534511
            ],
            [
              -74.0446897,
              4.853329
            ],
            [
              -74.0448309,
              4.8530956
            ],
            [
              -74.0451928,
              4.8524805
            ],
            [
              -74.0454791,
              4.8519628
            ],
            [
              -74.0456352,
              4.8517003
            ],
            [
              -74.0457481,
              4.8514493
            ],
            [
              -74.0457241,
              4.8513826
            ],
            [
              -74.045759,
              4.8513174
            ],
            [
              -74.0460552,
              4.8507861
            ],
            [
              -74.0460613,
              4.8507247
            ],
            [
              -74.0460394,
              4.8506845
            ],
            [
              -74.0459008,
              4.8505999
            ],
            [
              -74.0458779,
              4.8505745
            ],
            [
              -74.0458855,
              4.8505353
            ],
            [
              -74.0460986,
              4.8501121
            ],
            [
              -74.0469718,
              4.8504206
            ],
            [
              -74.0473332,
              4.8492609
            ],
            [
              -74.0470589,
              4.8491557
            ],
            [
              -74.0467846,
              4.8490615
            ],
            [
              -74.0468367,
              4.848929
            ],
            [
              -74.0465905,
              4.8488586
            ],
            [
              -74.0467237,
              4.848526
            ],
            [
              -74.0468546,
              4.8482428
            ],
            [
              -74.0468514,
              4.8482241
            ],
            [
              -74.0468713,
              4.8481839
            ],
            [
              -74.0468303,
              4.8481596
            ],
            [
              -74.0470128,
              4.8478214
            ],
            [
              -74.0471995,
              4.8479072
            ],
            [
              -74.0477693,
              4.8481989
            ],
            [
              -74.0476175,
              4.8484323
            ],
            [
              -74.0475612,
              4.8484981
            ],
            [
              -74.047582,
              4.8485144
            ],
            [
              -74.0476754,
              4.8485616
            ],
            [
              -74.0477267,
              4.8485794
            ],
            [
              -74.0477254,
              4.848619
            ],
            [
              -74.0477036,
              4.8486203
            ],
            [
              -74.0476831,
              4.8486751
            ],
            [
              -74.0480353,
              4.8488219
            ],
            [
              -74.0480814,
              4.8487223
            ],
            [
              -74.0482473,
              4.848794
            ],
            [
              -74.0483178,
              4.8486728
            ],
            [
              -74.0479725,
              4.8485029
            ],
            [
              -74.0481927,
              4.8480617
            ],
            [
              -74.0484682,
              4.8482169
            ],
            [
              -74.0486909,
              4.8476492
            ],
            [
              -74.0486563,
              4.8476301
            ],
            [
              -74.0488482,
              4.8472107
            ],
            [
              -74.0501062,
              4.847849
            ],
            [
              -74.0505194,
              4.8480472
            ],
            [
              -74.0511834,
              4.8483639
            ],
            [
              -74.0515336,
              4.848531
            ],
            [
              -74.0515965,
              4.8485623
            ],
            [
              -74.0517368,
              4.8486344
            ],
            [
              -74.0517771,
              4.8486075
            ],
            [
              -74.0518831,
              4.8485383
            ],
            [
              -74.0519829,
              4.8484784
            ],
            [
              -74.0521515,
              4.8483948
            ],
            [
              -74.0523103,
              4.848329
            ],
            [
              -74.0525019,
              4.8482741
            ],
            [
              -74.0526346,
              4.8482419
            ],
            [
              -74.0527722,
              4.8482225
            ],
            [
              -74.0529264,
              4.8482073
            ],
            [
              -74.0530685,
              4.8482085
            ],
            [
              -74.0532344,
              4.8482281
            ],
            [
              -74.0534494,
              4.8482629
            ],
            [
              -74.0536386,
              4.8483125
            ],
            [
              -74.0538173,
              4.8483773
            ],
            [
              -74.0545452,
              4.8486652
            ],
            [
              -74.0549854,
              4.8488367
            ],
            [
              -74.055063,
              4.8488677
            ],
            [
              -74.055256,
              4.8489447
            ],
            [
              -74.0558023,
              4.8491797
            ],
            [
              -74.0559513,
              4.8492358
            ],
            [
              -74.0560221,
              4.8492721
            ],
            [
              -74.0564906,
              4.8494732
            ],
            [
              -74.0570246,
              4.8497011
            ],
            [
              -74.0576306,
              4.8499795
            ],
            [
              -74.0581314,
              4.8490121
            ],
            [
              -74.0584218,
              4.8484555
            ],
            [
              -74.0583768,
              4.8484325
            ],
            [
              -74.0584526,
              4.8482646
            ],
            [
              -74.0578866,
              4.8479464
            ],
            [
              -74.0577092,
              4.8478319
            ],
            [
              -74.0574253,
              4.8476703
            ],
            [
              -74.0565788,
              4.8471955
            ],
            [
              -74.0556562,
              4.846677
            ],
            [
              -74.0561716,
              4.8455641
            ],
            [
              -74.056262,
              4.8456332
            ],
            [
              -74.0566488,
              4.8458651
            ],
            [
              -74.0568061,
              4.8459473
            ],
            [
              -74.0574604,
              4.8463268
            ],
            [
              -74.0575765,
              4.8463946
            ],
            [
              -74.0578895,
              4.8465824
            ],
            [
              -74.0580095,
              4.846653
            ],
            [
              -74.0591713,
              4.8473134
            ],
            [
              -74.0592992,
              4.8473309
            ],
            [
              -74.059906,
              4.8476063
            ],
            [
              -74.0608747,
              4.8480509
            ],
            [
              -74.0616738,
              4.8484177
            ],
            [
              -74.0622182,
              4.8486676
            ],
            [
              -74.0624062,
              4.8487539
            ],
            [
              -74.0624808,
              4.8487834
            ],
            [
              -74.0626337,
              4.8488533
            ],
            [
              -74.0629117,
              4.8489808
            ],
            [
              -74.0630096,
              4.8490275
            ],
            [
              -74.0634383,
              4.8492277
            ],
            [
              -74.0639977,
              4.8494815
            ],
            [
              -74.0639553,
              4.8495717
            ],
            [
              -74.0638134,
              4.8498738
            ],
            [
              -74.0637172,
              4.8500787
            ],
            [
              -74.0634688,
              4.8506952
            ],
            [
              -74.0645642,
              4.8512226
            ],
            [
              -74.064834,
              4.8513674
            ],
            [
              -74.0654841,
              4.8517153
            ],
            [
              -74.0665935,
              4.8523723
            ],
            [
              -74.0666619,
              4.8524183
            ],
            [
              -74.0673531,
              4.8527662
            ],
            [
              -74.0675807,
              4.8528734
            ],
            [
              -74.0676281,
              4.8529009
            ],
            [
              -74.0676566,
              4.852938
            ],
            [
              -74.0676818,
              4.8530129
            ],
            [
              -74.0679174,
              4.8528896
            ],
            [
              -74.0680159,
              4.8528294
            ],
            [
              -74.0681196,
              4.8527587
            ],
            [
              -74.0682273,
              4.852683
            ],
            [
              -74.0683139,
              4.852639
            ],
            [
              -74.0683788,
              4.8527322
            ],
            [
              -74.0684125,
              4.8527139
            ],
            [
              -74.0684476,
              4.8527002
            ],
            [
              -74.0684883,
              4.8526924
            ],
            [
              -74.0685415,
              4.8526848
            ],
            [
              -74.0686066,
              4.8526829
            ],
            [
              -74.0686716,
              4.852689
            ],
            [
              -74.0687555,
              4.8526951
            ],
            [
              -74.0688244,
              4.8527026
            ],
            [
              -74.0688906,
              4.8527232
            ],
            [
              -74.0689336,
              4.8527538
            ],
            [
              -74.0689733,
              4.8527965
            ],
            [
              -74.069011,
              4.8528615
            ],
            [
              -74.0690391,
              4.8529361
            ],
            [
              -74.0690528,
              4.8529709
            ],
            [
              -74.0690794,
              4.8529993
            ],
            [
              -74.0691143,
              4.8530213
            ],
            [
              -74.0691544,
              4.8530367
            ],
            [
              -74.0692032,
              4.8530498
            ],
            [
              -74.0692536,
              4.8530577
            ],
            [
              -74.0693024,
              4.8530487
            ],
            [
              -74.0693476,
              4.8530227
            ],
            [
              -74.0693991,
              4.8529836
            ],
            [
              -74.0694385,
              4.852945
            ],
            [
              -74.0694649,
              4.8528937
            ],
            [
              -74.0694902,
              4.8528415
            ],
            [
              -74.069498,
              4.8528009
            ],
            [
              -74.0695016,
              4.8527141
            ],
            [
              -74.0695253,
              4.8525748
            ],
            [
              -74.0695351,
              4.8525224
            ],
            [
              -74.0695245,
              4.8524672
            ],
            [
              -74.0695091,
              4.8524101
            ],
            [
              -74.0694819,
              4.852371
            ],
            [
              -74.069448,
              4.8523372
            ],
            [
              -74.0694095,
              4.8523136
            ],
            [
              -74.0693407,
              4.8522821
            ],
            [
              -74.069264,
              4.8522621
            ],
            [
              -74.0691876,
              4.8522664
            ],
            [
              -74.0691246,
              4.8522576
            ],
            [
              -74.0690795,
              4.8522338
            ],
            [
              -74.0690175,
              4.8522012
            ],
            [
              -74.0689749,
              4.8521746
            ],
            [
              -74.0689048,
              4.8521471
            ],
            [
              -74.0688283,
              4.8521042
            ],
            [
              -74.0687442,
              4.8520655
            ],
            [
              -74.0686523,
              4.8520485
            ],
            [
              -74.0686018,
              4.8520515
            ],
            [
              -74.0685601,
              4.8520584
            ],
            [
              -74.0685315,
              4.8520555
            ],
            [
              -74.0684798,
              4.8520359
            ],
            [
              -74.0684413,
              4.8520264
            ],
            [
              -74.0684153,
              4.852005
            ],
            [
              -74.0683874,
              4.8519666
            ],
            [
              -74.0683631,
              4.8519074
            ],
            [
              -74.0683202,
              4.8517752
            ],
            [
              -74.0682842,
              4.8516778
            ],
            [
              -74.0682633,
              4.8516231
            ],
            [
              -74.0682451,
              4.8515638
            ],
            [
              -74.0682153,
              4.8515237
            ],
            [
              -74.0681788,
              4.8514969
            ],
            [
              -74.0681419,
              4.8514924
            ],
            [
              -74.0681255,
              4.8514751
            ],
            [
              -74.0680993,
              4.8514488
            ],
            [
              -74.0680781,
              4.8514192
            ],
            [
              -74.0680573,
              4.8513725
            ],
            [
              -74.0680501,
              4.8513345
            ],
            [
              -74.068057,
              4.8513001
            ],
            [
              -74.0680755,
              4.8512515
            ],
            [
              -74.0680902,
              4.8512117
            ],
            [
              -74.0681057,
              4.8511829
            ],
            [
              -74.0681227,
              4.8511575
            ],
            [
              -74.0681437,
              4.8511411
            ],
            [
              -74.0683806,
              4.850988
            ],
            [
              -74.0684008,
              4.8509658
            ],
            [
              -74.06841,
              4.8509387
            ],
            [
              -74.0684086,
              4.8509112
            ],
            [
              -74.0684034,
              4.8508404
            ],
            [
              -74.0683791,
              4.8506739
            ],
            [
              -74.0683806,
              4.8506088
            ],
            [
              -74.0683759,
              4.8505625
            ],
            [
              -74.0683471,
              4.8505029
            ],
            [
              -74.068296,
              4.8504075
            ],
            [
              -74.0682763,
              4.8503332
            ],
            [
              -74.0682805,
              4.8502862
            ],
            [
              -74.0683105,
              4.8502383
            ],
            [
              -74.0683475,
              4.8501877
            ],
            [
              -74.0683826,
              4.8501612
            ],
            [
              -74.0684299,
              4.8501494
            ],
            [
              -74.0684819,
              4.8501504
            ],
            [
              -74.0685414,
              4.8501645
            ],
            [
              -74.0685844,
              4.8501862
            ],
            [
              -74.0686092,
              4.850202
            ],
            [
              -74.0686662,
              4.8502545
            ],
            [
              -74.068724,
              4.8503195
            ],
            [
              -74.0687805,
              4.850395
            ],
            [
              -74.0688342,
              4.8504564
            ],
            [
              -74.0689127,
              4.8505571
            ],
            [
              -74.068953,
              4.8506154
            ],
            [
              -74.0689926,
              4.8506566
            ],
            [
              -74.0690572,
              4.8506974
            ],
            [
              -74.0691234,
              4.8507272
            ],
            [
              -74.0692104,
              4.8507591
            ],
            [
              -74.0692899,
              4.8507786
            ],
            [
              -74.0693747,
              4.8507982
            ],
            [
              -74.0694674,
              4.8508115
            ],
            [
              -74.0695214,
              4.8508015
            ],
            [
              -74.0695666,
              4.8507637
            ],
            [
              -74.0695996,
              4.8507095
            ],
            [
              -74.0696257,
              4.8506564
            ],
            [
              -74.0696408,
              4.8505991
            ],
            [
              -74.0696347,
              4.8505159
            ],
            [
              -74.0696073,
              4.8504124
            ],
            [
              -74.0695748,
              4.850282
            ],
            [
              -74.0695732,
              4.8502221
            ],
            [
              -74.0695828,
              4.8501351
            ],
            [
              -74.0696009,
              4.850093
            ],
            [
              -74.0696258,
              4.8500452
            ],
            [
              -74.0696548,
              4.8499957
            ],
            [
              -74.0696929,
              4.8499364
            ],
            [
              -74.0697209,
              4.8498494
            ],
            [
              -74.0697386,
              4.8497304
            ],
            [
              -74.0697404,
              4.8496497
            ],
            [
              -74.069756,
              4.8495557
            ],
            [
              -74.0698151,
              4.8493611
            ],
            [
              -74.0698676,
              4.8492406
            ],
            [
              -74.0699015,
              4.8491724
            ],
            [
              -74.0699437,
              4.8491107
            ],
            [
              -74.0699977,
              4.8490302
            ],
            [
              -74.0700158,
              4.8489978
            ],
            [
              -74.0700284,
              4.8489632
            ],
            [
              -74.0700267,
              4.8489151
            ],
            [
              -74.0700159,
              4.84889
            ],
            [
              -74.0699507,
              4.8488214
            ],
            [
              -74.0698772,
              4.8487621
            ],
            [
              -74.0698203,
              4.84871
            ],
            [
              -74.0697077,
              4.8486362
            ],
            [
              -74.0695659,
              4.8485514
            ],
            [
              -74.0695034,
              4.8485073
            ],
            [
              -74.0694622,
              4.8484567
            ],
            [
              -74.0694445,
              4.8484116
            ],
            [
              -74.0694417,
              4.8483661
            ],
            [
              -74.0694556,
              4.8483045
            ],
            [
              -74.0694945,
              4.8482423
            ],
            [
              -74.069549,
              4.8481881
            ],
            [
              -74.0696192,
              4.8481461
            ],
            [
              -74.0696883,
              4.8481176
            ],
            [
              -74.0697433,
              4.8480689
            ],
            [
              -74.0697733,
              4.8479999
            ],
            [
              -74.069775,
              4.8479256
            ],
            [
              -74.0697458,
              4.847849
            ],
            [
              -74.0697185,
              4.847815
            ],
            [
              -74.0696821,
              4.8477789
            ],
            [
              -74.0696245,
              4.8477278
            ],
            [
              -74.0696007,
              4.847663
            ],
            [
              -74.0695933,
              4.8475918
            ],
            [
              -74.0695994,
              4.8475354
            ],
            [
              -74.0696143,
              4.8474899
            ],
            [
              -74.06964,
              4.8474552
            ],
            [
              -74.0697121,
              4.8474182
            ],
            [
              -74.0697549,
              4.8474054
            ],
            [
              -74.0698186,
              4.8474167
            ],
            [
              -74.069887,
              4.8474454
            ],
            [
              -74.0699292,
              4.8474796
            ],
            [
              -74.0699684,
              4.8475356
            ],
            [
              -74.0699978,
              4.8475716
            ],
            [
              -74.0700395,
              4.8476215
            ],
            [
              -74.0700785,
              4.8476515
            ],
            [
              -74.0701414,
              4.8476777
            ],
            [
              -74.0701955,
              4.8476829
            ],
            [
              -74.0702409,
              4.8476747
            ],
            [
              -74.0703259,
              4.8476436
            ],
            [
              -74.0704459,
              4.847602
            ],
            [
              -74.0705219,
              4.847585
            ],
            [
              -74.0706201,
              4.8475708
            ],
            [
              -74.0707023,
              4.8475594
            ],
            [
              -74.0707826,
              4.8475474
            ],
            [
              -74.0708507,
              4.8475311
            ],
            [
              -74.0708937,
              4.847491
            ],
            [
              -74.0709368,
              4.8474465
            ],
            [
              -74.0709723,
              4.8473764
            ],
            [
              -74.070979,
              4.8472943
            ],
            [
              -74.0709696,
              4.847197
            ],
            [
              -74.0709562,
              4.8471154
            ],
            [
              -74.0709435,
              4.847051
            ],
            [
              -74.0709168,
              4.8469901
            ],
            [
              -74.0708992,
              4.8469076
            ],
            [
              -74.0708816,
              4.846846
            ],
            [
              -74.0708593,
              4.8468288
            ],
            [
              -74.0708259,
              4.8468121
            ],
            [
              -74.0707755,
              4.8468094
            ],
            [
              -74.0707019,
              4.8468162
            ],
            [
              -74.0706102,
              4.8468318
            ],
            [
              -74.0705225,
              4.846821
            ],
            [
              -74.0704332,
              4.8467973
            ],
            [
              -74.0702902,
              4.8467539
            ],
            [
              -74.0700171,
              4.8466845
            ],
            [
              -74.0699391,
              4.8466492
            ],
            [
              -74.0699142,
              4.8466191
            ],
            [
              -74.0698974,
              4.8465779
            ],
            [
              -74.069899,
              4.8465199
            ],
            [
              -74.069916,
              4.8464493
            ],
            [
              -74.0699397,
              4.8463941
            ],
            [
              -74.0699657,
              4.8463531
            ],
            [
              -74.0700023,
              4.8463249
            ],
            [
              -74.0701011,
              4.8462429
            ],
            [
              -74.0701715,
              4.8461801
            ],
            [
              -74.0701897,
              4.8461501
            ],
            [
              -74.0701997,
              4.8461026
            ],
            [
              -74.0702105,
              4.8460146
            ],
            [
              -74.0702592,
              4.8457876
            ],
            [
              -74.0703336,
              4.8455641
            ],
            [
              -74.0703767,
              4.845502
            ],
            [
              -74.0704291,
              4.8454446
            ],
            [
              -74.0704778,
              4.8454128
            ],
            [
              -74.0705581,
              4.8454066
            ],
            [
              -74.0706228,
              4.8454094
            ],
            [
              -74.0706923,
              4.8454172
            ],
            [
              -74.0707863,
              4.8454029
            ],
            [
              -74.07084,
              4.8453824
            ],
            [
              -74.0709061,
              4.8453386
            ],
            [
              -74.0709938,
              4.8452693
            ],
            [
              -74.071077,
              4.8452003
            ],
            [
              -74.071227,
              4.8450478
            ],
            [
              -74.0712695,
              4.8450106
            ],
            [
              -74.0713187,
              4.8449589
            ],
            [
              -74.0713508,
              4.8448993
            ],
            [
              -74.0713665,
              4.8448196
            ],
            [
              -74.0713689,
              4.8447711
            ],
            [
              -74.0713786,
              4.8447086
            ],
            [
              -74.0713818,
              4.8446143
            ],
            [
              -74.0713793,
              4.8445255
            ],
            [
              -74.0714018,
              4.8444667
            ],
            [
              -74.0714522,
              4.8444269
            ],
            [
              -74.0715149,
              4.8444205
            ],
            [
              -74.0715665,
              4.8444284
            ],
            [
              -74.0716043,
              4.8444455
            ],
            [
              -74.0716436,
              4.8444744
            ],
            [
              -74.0716861,
              4.844546
            ],
            [
              -74.0716976,
              4.8446131
            ],
            [
              -74.0717116,
              4.8446768
            ],
            [
              -74.0717398,
              4.8447164
            ],
            [
              -74.0717668,
              4.8447456
            ],
            [
              -74.0718261,
              4.844747
            ],
            [
              -74.0718844,
              4.8447233
            ],
            [
              -74.0719202,
              4.8447008
            ],
            [
              -74.0719398,
              4.8446568
            ],
            [
              -74.0719492,
              4.8445995
            ],
            [
              -74.0719473,
              4.8445378
            ],
            [
              -74.0719361,
              4.844454
            ],
            [
              -74.0719122,
              4.844387
            ],
            [
              -74.0718897,
              4.8443105
            ],
            [
              -74.071883,
              4.8442001
            ],
            [
              -74.0718879,
              4.8441461
            ],
            [
              -74.0719053,
              4.8441016
            ],
            [
              -74.0719411,
              4.844053
            ],
            [
              -74.0719858,
              4.8440235
            ],
            [
              -74.072055,
              4.8440075
            ],
            [
              -74.072119,
              4.8440113
            ],
            [
              -74.0722073,
              4.844016
            ],
            [
              -74.0722648,
              4.8440064
            ],
            [
              -74.0723169,
              4.8439833
            ],
            [
              -74.0723631,
              4.8439381
            ],
            [
              -74.0724026,
              4.8438787
            ],
            [
              -74.0724462,
              4.8438173
            ],
            [
              -74.072498,
              4.843742
            ],
            [
              -74.0725304,
              4.843708
            ],
            [
              -74.072579,
              4.8436989
            ],
            [
              -74.0726629,
              4.8437042
            ],
            [
              -74.0727631,
              4.8437236
            ],
            [
              -74.072837,
              4.8437432
            ],
            [
              -74.0729304,
              4.8437664
            ],
            [
              -74.0730127,
              4.8438053
            ],
            [
              -74.0730566,
              4.8438364
            ],
            [
              -74.0730963,
              4.8438689
            ],
            [
              -74.0731507,
              4.8438926
            ],
            [
              -74.0732432,
              4.8439027
            ],
            [
              -74.0733122,
              4.8438979
            ],
            [
              -74.0733483,
              4.8438751
            ],
            [
              -74.0733844,
              4.8438185
            ],
            [
              -74.0733993,
              4.8437407
            ],
            [
              -74.0733821,
              4.8436421
            ],
            [
              -74.0733593,
              4.8434992
            ],
            [
              -74.0733583,
              4.8430947
            ],
            [
              -74.0733911,
              4.8427672
            ],
            [
              -74.0734058,
              4.8426899
            ],
            [
              -74.0734339,
              4.8426066
            ],
            [
              -74.0734781,
              4.842538
            ],
            [
              -74.0735178,
              4.8424925
            ],
            [
              -74.0735692,
              4.8424639
            ],
            [
              -74.0736107,
              4.8424561
            ],
            [
              -74.0736602,
              4.8424497
            ],
            [
              -74.0737358,
              4.8424619
            ],
            [
              -74.0738441,
              4.8425046
            ],
            [
              -74.0739685,
              4.8425517
            ],
            [
              -74.0740232,
              4.8425534
            ],
            [
              -74.0740668,
              4.8425423
            ],
            [
              -74.0741318,
              4.842504
            ],
            [
              -74.0741984,
              4.8424481
            ],
            [
              -74.0742582,
              4.8423874
            ],
            [
              -74.0743551,
              4.8422874
            ],
            [
              -74.0744178,
              4.8422605
            ],
            [
              -74.0744908,
              4.8422686
            ],
            [
              -74.0745544,
              4.8423005
            ],
            [
              -74.0746137,
              4.8423204
            ],
            [
              -74.0747399,
              4.8423376
            ],
            [
              -74.0748428,
              4.8423397
            ],
            [
              -74.0748897,
              4.8423324
            ],
            [
              -74.0749583,
              4.8423108
            ],
            [
              -74.0749986,
              4.8422653
            ],
            [
              -74.0750211,
              4.8422097
            ],
            [
              -74.0750428,
              4.8421376
            ],
            [
              -74.0750805,
              4.8420636
            ],
            [
              -74.0751231,
              4.8420175
            ],
            [
              -74.0752381,
              4.8419631
            ],
            [
              -74.0753208,
              4.8419351
            ],
            [
              -74.0754058,
              4.8419071
            ],
            [
              -74.0754425,
              4.8418945
            ],
            [
              -74.0754733,
              4.8418789
            ],
            [
              -74.0755046,
              4.8418521
            ],
            [
              -74.0755257,
              4.8418208
            ],
            [
              -74.0755673,
              4.8417382
            ],
            [
              -74.0755819,
              4.8416314
            ],
            [
              -74.0756194,
              4.8415718
            ],
            [
              -74.075685,
              4.8415342
            ],
            [
              -74.0757882,
              4.8415378
            ],
            [
              -74.0758927,
              4.8415694
            ],
            [
              -74.0759907,
              4.8416264
            ],
            [
              -74.0760318,
              4.8416689
            ],
            [
              -74.0760705,
              4.8417188
            ],
            [
              -74.07609,
              4.8417709
            ],
            [
              -74.076085,
              4.8418523
            ],
            [
              -74.0760776,
              4.8419591
            ],
            [
              -74.0760897,
              4.842065
            ],
            [
              -74.076097,
              4.8421954
            ],
            [
              -74.0761115,
              4.842439
            ],
            [
              -74.076147,
              4.8425022
            ],
            [
              -74.076218,
              4.8425399
            ],
            [
              -74.0762898,
              4.8425509
            ],
            [
              -74.076353,
              4.8425302
            ],
            [
              -74.0764145,
              4.8425074
            ],
            [
              -74.0764467,
              4.8424749
            ],
            [
              -74.0764915,
              4.8424148
            ],
            [
              -74.0765154,
              4.8423517
            ],
            [
              -74.0765197,
              4.8422873
            ],
            [
              -74.0765063,
              4.8422259
            ],
            [
              -74.0764868,
              4.8421571
            ],
            [
              -74.0764601,
              4.8420514
            ],
            [
              -74.0764091,
              4.8419422
            ],
            [
              -74.0763677,
              4.8418899
            ],
            [
              -74.0763239,
              4.8418083
            ],
            [
              -74.0762289,
              4.8416012
            ],
            [
              -74.076193,
              4.8414795
            ],
            [
              -74.0761749,
              4.8414054
            ],
            [
              -74.0762205,
              4.8413325
            ],
            [
              -74.0762771,
              4.841316
            ],
            [
              -74.0763448,
              4.8413287
            ],
            [
              -74.0764385,
              4.8413566
            ],
            [
              -74.0765158,
              4.841391
            ],
            [
              -74.0765906,
              4.8414449
            ],
            [
              -74.0766494,
              4.8414946
            ],
            [
              -74.0766996,
              4.8415383
            ],
            [
              -74.0767807,
              4.8415943
            ],
            [
              -74.0768752,
              4.841632
            ],
            [
              -74.0769791,
              4.8416421
            ],
            [
              -74.0771172,
              4.8416765
            ],
            [
              -74.0775157,
              4.8417566
            ],
            [
              -74.0776076,
              4.8417648
            ],
            [
              -74.0776873,
              4.8417019
            ],
            [
              -74.0777205,
              4.8416649
            ],
            [
              -74.077726,
              4.8416017
            ],
            [
              -74.0776572,
              4.841476
            ],
            [
              -74.0775115,
              4.8412865
            ],
            [
              -74.0774256,
              4.841126
            ],
            [
              -74.0774015,
              4.8410511
            ],
            [
              -74.0774041,
              4.8409709
            ],
            [
              -74.0774493,
              4.8408462
            ],
            [
              -74.0775235,
              4.8407415
            ],
            [
              -74.0776353,
              4.8406116
            ],
            [
              -74.0777268,
              4.8405495
            ],
            [
              -74.0778359,
              4.8404899
            ],
            [
              -74.0779282,
              4.8404421
            ],
            [
              -74.0780326,
              4.8403933
            ],
            [
              -74.0781279,
              4.840348
            ],
            [
              -74.0782032,
              4.8403064
            ],
            [
              -74.0782401,
              4.8402818
            ],
            [
              -74.0782636,
              4.840253
            ],
            [
              -74.0782913,
              4.8402094
            ],
            [
              -74.0782988,
              4.84018
            ],
            [
              -74.0782992,
              4.8401533
            ],
            [
              -74.0782978,
              4.8401195
            ],
            [
              -74.078283,
              4.8400927
            ],
            [
              -74.0782607,
              4.8400746
            ],
            [
              -74.0782356,
              4.8400649
            ],
            [
              -74.0781653,
              4.8400478
            ],
            [
              -74.07809,
              4.8400376
            ],
            [
              -74.0779628,
              4.8400271
            ],
            [
              -74.0778538,
              4.8399956
            ],
            [
              -74.0777986,
              4.8399755
            ],
            [
              -74.0777447,
              4.8399512
            ],
            [
              -74.0776863,
              4.8398898
            ],
            [
              -74.0776405,
              4.8398228
            ],
            [
              -74.0775852,
              4.83973
            ],
            [
              -74.0775666,
              4.8396774
            ],
            [
              -74.0775608,
              4.8396247
            ],
            [
              -74.0775703,
              4.8395796
            ],
            [
              -74.0775879,
              4.839538
            ],
            [
              -74.0776097,
              4.8394999
            ],
            [
              -74.0776309,
              4.8394664
            ],
            [
              -74.0777002,
              4.8393745
            ],
            [
              -74.0777817,
              4.839296
            ],
            [
              -74.0778431,
              4.8392465
            ],
            [
              -74.0779057,
              4.8391946
            ],
            [
              -74.078018,
              4.8391132
            ],
            [
              -74.0780922,
              4.8390746
            ],
            [
              -74.0781447,
              4.8390678
            ],
            [
              -74.0781926,
              4.8390772
            ],
            [
              -74.0783686,
              4.8391488
            ],
            [
              -74.0784481,
              4.8391894
            ],
            [
              -74.0785308,
              4.8392428
            ],
            [
              -74.0785787,
              4.8392848
            ],
            [
              -74.0786092,
              4.8393062
            ],
            [
              -74.0786412,
              4.8393212
            ],
            [
              -74.0786776,
              4.8393255
            ],
            [
              -74.0787115,
              4.8393202
            ],
            [
              -74.0787543,
              4.8393053
            ],
            [
              -74.0787818,
              4.8392824
            ],
            [
              -74.0788231,
              4.8392319
            ],
            [
              -74.0788555,
              4.8391781
            ],
            [
              -74.0788756,
              4.8391193
            ],
            [
              -74.0788861,
              4.8390605
            ],
            [
              -74.078895,
              4.8389432
            ],
            [
              -74.0789109,
              4.838835
            ],
            [
              -74.0789188,
              4.838803
            ],
            [
              -74.0789437,
              4.8387028
            ],
            [
              -74.0789932,
              4.8385846
            ],
            [
              -74.0790548,
              4.8384699
            ],
            [
              -74.0790996,
              4.8383811
            ],
            [
              -74.0791492,
              4.8383205
            ],
            [
              -74.0792153,
              4.8382619
            ],
            [
              -74.0792831,
              4.8382146
            ],
            [
              -74.079343,
              4.8381979
            ],
            [
              -74.0794126,
              4.8381836
            ],
            [
              -74.0795668,
              4.8381574
            ],
            [
              -74.0796928,
              4.8381194
            ],
            [
              -74.0798147,
              4.8380717
            ],
            [
              -74.0799395,
              4.8380105
            ],
            [
              -74.0800676,
              4.8379517
            ],
            [
              -74.0801377,
              4.8379127
            ],
            [
              -74.0801918,
              4.8378785
            ],
            [
              -74.0803037,
              4.8378169
            ],
            [
              -74.0803442,
              4.8377981
            ],
            [
              -74.0803864,
              4.8377906
            ],
            [
              -74.0804521,
              4.8378015
            ],
            [
              -74.0804912,
              4.8378268
            ],
            [
              -74.0805015,
              4.8378915
            ],
            [
              -74.0805231,
              4.8379433
            ],
            [
              -74.0805544,
              4.8379681
            ],
            [
              -74.0805869,
              4.8379809
            ],
            [
              -74.0806401,
              4.8379694
            ],
            [
              -74.0806972,
              4.837926
            ],
            [
              -74.0807429,
              4.8378384
            ],
            [
              -74.0807713,
              4.8377602
            ],
            [
              -74.0807931,
              4.8376836
            ],
            [
              -74.0807977,
              4.837584
            ],
            [
              -74.0807885,
              4.8374956
            ],
            [
              -74.0807516,
              4.837419
            ],
            [
              -74.0806605,
              4.8372979
            ],
            [
              -74.0806077,
              4.8372458
            ],
            [
              -74.0805662,
              4.8371969
            ],
            [
              -74.0805178,
              4.8371228
            ],
            [
              -74.0804824,
              4.8370343
            ],
            [
              -74.0804612,
              4.8367712
            ],
            [
              -74.0804502,
              4.8365318
            ],
            [
              -74.0804537,
              4.8364067
            ],
            [
              -74.0804652,
              4.8362881
            ],
            [
              -74.0804904,
              4.8362373
            ],
            [
              -74.0805221,
              4.8362059
            ],
            [
              -74.080576,
              4.8361828
            ],
            [
              -74.0806267,
              4.8361886
            ],
            [
              -74.0807448,
              4.8362146
            ],
            [
              -74.0808542,
              4.8362313
            ],
            [
              -74.0810118,
              4.8362504
            ],
            [
              -74.081163,
              4.8362912
            ],
            [
              -74.0812109,
              4.8363248
            ],
            [
              -74.0812313,
              4.8363648
            ],
            [
              -74.081256,
              4.8364767
            ],
            [
              -74.0812726,
              4.8365504
            ],
            [
              -74.0812856,
              4.8365802
            ],
            [
              -74.0813082,
              4.8366052
            ],
            [
              -74.0813518,
              4.8366219
            ],
            [
              -74.0813938,
              4.8366258
            ],
            [
              -74.0814358,
              4.8366197
            ],
            [
              -74.0814745,
              4.8366023
            ],
            [
              -74.0815076,
              4.8365626
            ],
            [
              -74.0815295,
              4.8365165
            ],
            [
              -74.0815686,
              4.8363636
            ],
            [
              -74.0815991,
              4.8362257
            ],
            [
              -74.0816249,
              4.8361331
            ],
            [
              -74.0816343,
              4.8360544
            ],
            [
              -74.0817081,
              4.8359122
            ],
            [
              -74.0817866,
              4.8357671
            ],
            [
              -74.081956,
              4.8354095
            ],
            [
              -74.0820126,
              4.8352688
            ],
            [
              -74.0820415,
              4.8351699
            ],
            [
              -74.0820407,
              4.8351484
            ],
            [
              -74.0820385,
              4.8350868
            ],
            [
              -74.0820243,
              4.8350141
            ],
            [
              -74.0816666,
              4.8352247
            ],
            [
              -74.0812853,
              4.8354118
            ],
            [
              -74.0806494,
              4.8356335
            ],
            [
              -74.0800135,
              4.8358346
            ],
            [
              -74.0787315,
              4.8362676
            ],
            [
              -74.0767992,
              4.8368764
            ],
            [
              -74.07641,
              4.8369487
            ],
            [
              -74.0761705,
              4.8369656
            ],
            [
              -74.0757841,
              4.8369805
            ],
            [
              -74.0753932,
              4.8369603
            ],
            [
              -74.0750477,
              4.8369367
            ],
            [
              -74.0747051,
              4.8368751
            ],
            [
              -74.0742993,
              4.8367269
            ],
            [
              -74.07392,
              4.8365611
            ],
            [
              -74.0736716,
              4.836421
            ],
            [
              -74.0734586,
              4.8362751
            ],
            [
              -74.0730107,
              4.8359152
            ],
            [
              -74.0726081,
              4.8354908
            ],
            [
              -74.0720344,
              4.8348319
            ],
            [
              -74.0717513,
              4.8344183
            ],
            [
              -74.0716251,
              4.8340851
            ],
            [
              -74.0715085,
              4.8336797
            ],
            [
              -74.0709389,
              4.8319537
            ],
            [
              -74.070865,
              4.8315212
            ],
            [
              -74.070873,
              4.8303444
            ],
            [
              -74.0708814,
              4.8296928
            ],
            [
              -74.0708837,
              4.8294999
            ],
            [
              -74.0708683,
              4.8288331
            ],
            [
              -74.0708092,
              4.8286966
            ],
            [
              -74.0706846,
              4.8285961
            ],
            [
              -74.0704559,
              4.8285649
            ],
            [
              -74.0696554,
              4.8287368
            ],
            [
              -74.0689568,
              4.8288605
            ],
            [
              -74.0685797,
              4.8288371
            ],
            [
              -74.0681171,
              4.8286777
            ],
            [
              -74.0677571,
              4.8284472
            ],
            [
              -74.0673811,
              4.8281221
            ],
            [
              -74.0672024,
              4.8280523
            ],
            [
              -74.0670508,
              4.8280853
            ],
            [
              -74.0669588,
              4.8281608
            ],
            [
              -74.0668845,
              4.8283453
            ],
            [
              -74.0669462,
              4.8286767
            ],
            [
              -74.0671903,
              4.8298067
            ],
            [
              -74.0673053,
              4.8301915
            ],
            [
              -74.0674064,
              4.8309535
            ],
            [
              -74.0674113,
              4.8312068
            ],
            [
              -74.0674642,
              4.8316999
            ],
            [
              -74.0674216,
              4.8325749
            ],
            [
              -74.0673705,
              4.8329285
            ],
            [
              -74.0671602,
              4.8335609
            ],
            [
              -74.0670204,
              4.8339097
            ],
            [
              -74.0666904,
              4.834526
            ],
            [
              -74.0663985,
              4.8351956
            ],
            [
              -74.0662607,
              4.8353934
            ],
            [
              -74.066085,
              4.8355456
            ],
            [
              -74.0658658,
              4.8356315
            ],
            [
              -74.0657262,
              4.8356594
            ],
            [
              -74.0655354,
              4.8356312
            ],
            [
              -74.0653717,
              4.8355574
            ],
            [
              -74.0652255,
              4.8354338
            ],
            [
              -74.0651357,
              4.8353103
            ],
            [
              -74.064964,
              4.8349829
            ],
            [
              -74.0648487,
              4.8346555
            ],
            [
              -74.0648096,
              4.8343373
            ],
            [
              -74.0648537,
              4.833909
            ],
            [
              -74.0651001,
              4.8325477
            ],
            [
              -74.0650891,
              4.8322248
            ],
            [
              -74.0649928,
              4.8319062
            ],
            [
              -74.0649223,
              4.8316076
            ],
            [
              -74.0648673,
              4.831344
            ],
            [
              -74.0648342,
              4.8309939
            ],
            [
              -74.0648135,
              4.8307489
            ],
            [
              -74.0647253,
              4.830585
            ],
            [
              -74.0646573,
              4.8304958
            ],
            [
              -74.0645668,
              4.8304429
            ],
            [
              -74.0644152,
              4.830428
            ],
            [
              -74.064272,
              4.8304914
            ],
            [
              -74.0641149,
              4.8306428
            ],
            [
              -74.064028,
              4.8308389
            ],
            [
              -74.0639453,
              4.8310685
            ],
            [
              -74.0639019,
              4.8313093
            ],
            [
              -74.0638724,
              4.8317957
            ],
            [
              -74.0639958,
              4.8325868
            ],
            [
              -74.0641433,
              4.8331742
            ],
            [
              -74.064203,
              4.8335001
            ],
            [
              -74.0642234,
              4.8337784
            ],
            [
              -74.0641735,
              4.83401
            ],
            [
              -74.0640843,
              4.8342305
            ],
            [
              -74.0639121,
              4.8344402
            ],
            [
              -74.0637791,
              4.8346275
            ],
            [
              -74.0636845,
              4.8348095
            ],
            [
              -74.0636095,
              4.8350083
            ],
            [
              -74.0634401,
              4.8354183
            ],
            [
              -74.0633742,
              4.8355434
            ],
            [
              -74.0632662,
              4.8356657
            ],
            [
              -74.0631483,
              4.835717
            ],
            [
              -74.0630247,
              4.835718
            ],
            [
              -74.0629106,
              4.8356791
            ],
            [
              -74.0628134,
              4.835587
            ],
            [
              -74.0627535,
              4.8354713
            ],
            [
              -74.0627161,
              4.8353626
            ],
            [
              -74.0626757,
              4.8351444
            ],
            [
              -74.0626859,
              4.8349011
            ],
            [
              -74.0628585,
              4.8335236
            ],
            [
              -74.0628599,
              4.8327485
            ],
            [
              -74.0627901,
              4.8322848
            ],
            [
              -74.0625098,
              4.8318973
            ],
            [
              -74.0620968,
              4.8311409
            ],
            [
              -74.0619493,
              4.8307026
            ],
            [
              -74.0617427,
              4.8300424
            ],
            [
              -74.0614611,
              4.8294985
            ],
            [
              -74.0613658,
              4.8293029
            ],
            [
              -74.0613486,
              4.8291147
            ],
            [
              -74.0612799,
              4.8289693
            ],
            [
              -74.0612199,
              4.8288239
            ],
            [
              -74.0611426,
              4.8286187
            ],
            [
              -74.0610053,
              4.8283621
            ],
            [
              -74.0609498,
              4.8282146
            ],
            [
              -74.0609273,
              4.828082
            ],
            [
              -74.0608911,
              4.8278508
            ],
            [
              -74.0608079,
              4.8277121
            ],
            [
              -74.0605761,
              4.8276009
            ],
            [
              -74.0603453,
              4.8276811
            ],
            [
              -74.0602514,
              4.8277853
            ],
            [
              -74.0602328,
              4.827943
            ],
            [
              -74.060353,
              4.828191
            ],
            [
              -74.0604388,
              4.8284818
            ],
            [
              -74.0603873,
              4.8286785
            ],
            [
              -74.0601556,
              4.8288496
            ],
            [
              -74.0599582,
              4.8289779
            ],
            [
              -74.0595633,
              4.8290976
            ],
            [
              -74.059141,
              4.8291591
            ],
            [
              -74.0587494,
              4.8292353
            ],
            [
              -74.05813,
              4.8292515
            ],
            [
              -74.0577006,
              4.8291885
            ],
            [
              -74.0572717,
              4.8291746
            ],
            [
              -74.0566794,
              4.8291489
            ],
            [
              -74.056322,
              4.8290134
            ],
            [
              -74.0560614,
              4.8290206
            ],
            [
              -74.0559572,
              4.8290701
            ],
            [
              -74.0558845,
              4.8291731
            ],
            [
              -74.0556742,
              4.8295654
            ],
            [
              -74.0554583,
              4.8296977
            ],
            [
              -74.054915,
              4.8302153
            ],
            [
              -74.0545182,
              4.8305823
            ],
            [
              -74.0541903,
              4.8309193
            ],
            [
              -74.0538973,
              4.8313601
            ],
            [
              -74.0537444,
              4.8317088
            ],
            [
              -74.053641,
              4.8320653
            ],
            [
              -74.0536451,
              4.8323784
            ],
            [
              -74.0536384,
              4.832655
            ],
            [
              -74.0536331,
              4.8329035
            ],
            [
              -74.0535365,
              4.8330799
            ],
            [
              -74.0533125,
              4.833243
            ],
            [
              -74.0530745,
              4.8332542
            ],
            [
              -74.0529458,
              4.833237
            ],
            [
              -74.0527312,
              4.8331686
            ],
            [
              -74.0525595,
              4.8330746
            ],
            [
              -74.0522935,
              4.8328949
            ],
            [
              -74.0520961,
              4.8327667
            ],
            [
              -74.0519416,
              4.8326042
            ],
            [
              -74.0516497,
              4.8323134
            ],
            [
              -74.0514497,
              4.8321231
            ],
            [
              -74.0513064,
              4.8319627
            ],
            [
              -74.0510823,
              4.8316941
            ],
            [
              -74.0509173,
              4.8314964
            ],
            [
              -74.0506518,
              4.8311529
            ],
            [
              -74.0503795,
              4.8309271
            ],
            [
              -74.0500361,
              4.8307739
            ],
            [
              -74.0497271,
              4.8306371
            ],
            [
              -74.0494696,
              4.8305858
            ],
            [
              -74.0491263,
              4.8306029
            ],
            [
              -74.048911,
              4.8306812
            ],
            [
              -74.0487032,
              4.8307213
            ],
            [
              -74.0484189,
              4.8307614
            ],
            [
              -74.0481908,
              4.8307739
            ],
            [
              -74.0479419,
              4.8307739
            ],
            [
              -74.0476672,
              4.8306627
            ],
            [
              -74.0475192,
              4.8305957
            ],
            [
              -74.0471951,
              4.8304489
            ],
            [
              -74.0469291,
              4.8303292
            ],
            [
              -74.0465943,
              4.8301923
            ],
            [
              -74.0463025,
              4.8301111
            ],
            [
              -74.0460558,
              4.8301306
            ],
            [
              -74.0458533,
              4.8302108
            ],
            [
              -74.0455891,
              4.8303738
            ],
            [
              -74.0451787,
              4.8306598
            ],
            [
              -74.0450124,
              4.8308442
            ],
            [
              -74.0448461,
              4.8311489
            ],
            [
              -74.0447406,
              4.8314989
            ],
            [
              -74.0446762,
              4.8318624
            ],
            [
              -74.0445153,
              4.8323755
            ],
            [
              -74.04447,
              4.832487
            ],
            [
              -74.0443807,
              4.8326912
            ],
            [
              -74.0443329,
              4.8328032
            ],
            [
              -74.0441408,
              4.8331205
            ],
            [
              -74.0439681,
              4.8333698
            ],
            [
              -74.0439112,
              4.8335012
            ],
            [
              -74.0437643,
              4.8338402
            ],
            [
              -74.0437083,
              4.8339985
            ],
            [
              -74.0436417,
              4.8341864
            ],
            [
              -74.0436383,
              4.8342291
            ],
            [
              -74.043616,
              4.8343489
            ],
            [
              -74.0436503,
              4.8344772
            ],
            [
              -74.0437276,
              4.834614
            ],
            [
              -74.0437876,
              4.8347423
            ],
            [
              -74.0439164,
              4.8348877
            ],
            [
              -74.0439851,
              4.8349732
            ],
            [
              -74.0440795,
              4.8350416
            ],
            [
              -74.0442597,
              4.8351785
            ],
            [
              -74.0444142,
              4.8353153
            ],
            [
              -74.0444657,
              4.8354351
            ],
            [
              -74.0444228,
              4.8355377
            ],
            [
              -74.044337,
              4.835589
            ],
            [
              -74.0441739,
              4.8356745
            ],
            [
              -74.0440537,
              4.8357429
            ],
            [
              -74.0438735,
              4.8358456
            ],
            [
              -74.0437018,
              4.8359054
            ],
            [
              -74.0434958,
              4.8359396
            ],
            [
              -74.0432984,
              4.8359739
            ],
            [
              -74.0430581,
              4.8359995
            ],
            [
              -74.0428864,
              4.8359995
            ],
            [
              -74.0427319,
              4.8359739
            ],
            [
              -74.0425345,
              4.8359396
            ],
            [
              -74.0423543,
              4.8358798
            ],
            [
              -74.0421654,
              4.83576
            ],
            [
              -74.0420453,
              4.8356403
            ],
            [
              -74.0418565,
              4.8354693
            ],
            [
              -74.0416762,
              4.8353068
            ],
            [
              -74.0415303,
              4.8351699
            ],
            [
              -74.0413415,
              4.8349133
            ],
            [
              -74.0412041,
              4.8347765
            ],
            [
              -74.0410765,
              4.8346921
            ],
            [
              -74.0409467,
              4.8347081
            ],
            [
              -74.0407746,
              4.834826
            ],
            [
              -74.0407527,
              4.8351364
            ],
            [
              -74.0407816,
              4.8354957
            ],
            [
              -74.0408451,
              4.8358264
            ],
            [
              -74.0409037,
              4.8362475
            ],
            [
              -74.0409896,
              4.8364015
            ],
            [
              -74.041084,
              4.8366752
            ],
            [
              -74.0412385,
              4.836889
            ],
            [
              -74.0413501,
              4.837137
            ],
            [
              -74.0414445,
              4.8373081
            ],
            [
              -74.0415217,
              4.8374877
            ],
            [
              -74.0416419,
              4.8376587
            ],
            [
              -74.0417449,
              4.8378298
            ],
            [
              -74.0418908,
              4.8380008
            ],
            [
              -74.0421569,
              4.8382488
            ],
            [
              -74.0423114,
              4.83836
            ],
            [
              -74.0424659,
              4.8384883
            ],
            [
              -74.0426289,
              4.8386166
            ],
            [
              -74.0428435,
              4.8387534
            ],
            [
              -74.0430323,
              4.8388903
            ],
            [
              -74.0432298,
              4.8390442
            ],
            [
              -74.0434014,
              4.8392238
            ],
            [
              -74.0435302,
              4.8393008
            ],
            [
              -74.0436332,
              4.8394034
            ],
            [
              -74.0437705,
              4.8396087
            ],
            [
              -74.0437791,
              4.8397455
            ],
            [
              -74.043719,
              4.839831
            ],
            [
              -74.0435988,
              4.8399166
            ],
            [
              -74.0434357,
              4.8398995
            ],
            [
              -74.0432383,
              4.839831
            ],
            [
              -74.0430495,
              4.83966
            ],
            [
              -74.042895,
              4.8395317
            ],
            [
              -74.0427491,
              4.8393949
            ],
            [
              -74.0426204,
              4.8392837
            ],
            [
              -74.0424315,
              4.8391383
            ],
            [
              -74.0421569,
              4.8389587
            ],
            [
              -74.0419852,
              4.8388047
            ],
            [
              -74.0417363,
              4.8386764
            ],
            [
              -74.0415561,
              4.8384968
            ],
            [
              -74.0413672,
              4.8383258
            ],
            [
              -74.0411441,
              4.8381547
            ],
            [
              -74.0409724,
              4.8380008
            ],
            [
              -74.040775,
              4.8378126
            ],
            [
              -74.0405947,
              4.8378298
            ],
            [
              -74.0403716,
              4.8378896
            ],
            [
              -74.04026,
              4.8380008
            ],
            [
              -74.0402343,
              4.8382317
            ],
            [
              -74.0402686,
              4.8384626
            ],
            [
              -74.0403544,
              4.8387107
            ],
            [
              -74.0404059,
              4.8388475
            ],
            [
              -74.0405347,
              4.8389672
            ],
            [
              -74.0406462,
              4.8390613
            ],
            [
              -74.0408007,
              4.8392153
            ],
            [
              -74.0409724,
              4.839335
            ],
            [
              -74.0411269,
              4.8394291
            ],
            [
              -74.0412883,
              4.8395295
            ],
            [
              -74.0414531,
              4.8396001
            ],
            [
              -74.0417449,
              4.8397027
            ],
            [
              -74.0421617,
              4.8398401
            ],
            [
              -74.0423409,
              4.8398813
            ],
            [
              -74.042586,
              4.8399914
            ],
            [
              -74.0427148,
              4.8400791
            ],
            [
              -74.0427748,
              4.8401218
            ],
            [
              -74.0428263,
              4.8401731
            ],
            [
              -74.0428639,
              4.8402709
            ],
            [
              -74.0428639,
              4.8404181
            ],
            [
              -74.0427889,
              4.8405669
            ],
            [
              -74.0425842,
              4.8407957
            ],
            [
              -74.042455,
              4.8408828
            ],
            [
              -74.0419306,
              4.8411431
            ],
            [
              -74.0417871,
              4.8411928
            ],
            [
              -74.0413284,
              4.841292
            ],
            [
              -74.040847,
              4.8413619
            ],
            [
              -74.0406028,
              4.8413486
            ],
            [
              -74.0403628,
              4.8412997
            ],
            [
              -74.0396984,
              4.8410358
            ],
            [
              -74.0393845,
              4.8409001
            ],
            [
              -74.0385548,
              4.8405622
            ],
            [
              -74.0382087,
              4.8404212
            ],
            [
              -74.0375537,
              4.8402481
            ],
            [
              -74.0364277,
              4.8400493
            ],
            [
              -74.0357937,
              4.8400704
            ],
            [
              -74.0355473,
              4.8400937
            ],
            [
              -74.0352788,
              4.8402628
            ],
            [
              -74.0349676,
              4.8405685
            ],
            [
              -74.0347828,
              4.8408277
            ],
            [
              -74.03458,
              4.8410778
            ],
            [
              -74.0343572,
              4.8414273
            ],
            [
              -74.0342255,
              4.8418453
            ],
            [
              -74.0341401,
              4.8422003
            ],
            [
              -74.0340231,
              4.8429038
            ],
            [
              -74.0339899,
              4.8431838
            ],
            [
              -74.0341746,
              4.8437182
            ],
            [
              -74.0343837,
              4.8440525
            ],
            [
              -74.0348059,
              4.8445395
            ],
            [
              -74.0349803,
              4.8447679
            ],
            [
              -74.0351348,
              4.8448762
            ],
            [
              -74.0358781,
              4.845215
            ],
            [
              -74.0360301,
              4.8452726
            ],
            [
              -74.0370207,
              4.8456482
            ],
            [
              -74.0371557,
              4.8456994
            ],
            [
              -74.0377995,
              4.8459816
            ],
            [
              -74.0383745,
              4.8465375
            ],
            [
              -74.039044,
              4.8472816
            ],
            [
              -74.0394474,
              4.8477348
            ],
            [
              -74.0397907,
              4.8482907
            ],
            [
              -74.0399068,
              4.8484668
            ],
            [
              -74.0399881,
              4.8485901
            ],
            [
              -74.0399625,
              4.8487509
            ],
            [
              -74.0399281,
              4.8489664
            ],
            [
              -74.0399366,
              4.8495394
            ],
            [
              -74.04028,
              4.8500269
            ],
            [
              -74.0408207,
              4.8506084
            ],
            [
              -74.04089,
              4.850748
            ],
            [
              -74.0412241,
              4.8514209
            ],
            [
              -74.0413542,
              4.8517644
            ],
            [
              -74.0413958,
              4.8518742
            ],
            [
              -74.0413958,
              4.8523103
            ],
            [
              -74.0414473,
              4.8526268
            ],
            [
              -74.041473,
              4.8530458
            ],
            [
              -74.0413528,
              4.8531656
            ],
            [
              -74.0411726,
              4.8531741
            ],
            [
              -74.0409666,
              4.8531057
            ],
            [
              -74.0408256,
              4.8530421
            ],
            [
              -74.0403728,
              4.8528378
            ],
            [
              -74.0400568,
              4.8526952
            ],
            [
              -74.0396448,
              4.8525412
            ],
            [
              -74.0391899,
              4.8525412
            ],
            [
              -74.0390011,
              4.8526182
            ],
            [
              -74.0390869,
              4.8529261
            ],
            [
              -74.03925,
              4.8531399
            ],
            [
              -74.0395703,
              4.8535511
            ],
            [
              -74.0397564,
              4.8537899
            ],
            [
              -74.0400243,
              4.8540742
            ],
            [
              -74.0401512,
              4.8542089
            ],
            [
              -74.0404945,
              4.85438
            ],
            [
              -74.0410181,
              4.8544741
            ],
            [
              -74.0414301,
              4.8544056
            ],
            [
              -74.0415769,
              4.8543416
            ],
            [
              -74.0417047,
              4.8542859
            ],
            [
              -74.0418678,
              4.8541491
            ],
            [
              -74.0421253,
              4.8541063
            ],
            [
              -74.0423313,
              4.8541918
            ],
            [
              -74.0424257,
              4.85438
            ],
            [
              -74.0425459,
              4.8547563
            ],
            [
              -74.0426436,
              4.8555007
            ]
          ]
        ]
      },
      "id": "relation/16204573"
    },
    {
      "type": "Feature",
      "properties": {
        "@id": "relation/16207146",
        "admin_level": "8",
        "boundary": "administrative",
        "name": "Yerbabuena",
        "type": "boundary"
      },
      "geometry": {
        "type": "Polygon",
        "coordinates": [
          [
            [
              -74.0004956,
              4.9131955
            ],
            [
              -74.0058933,
              4.9177189
            ],
            [
              -74.0062144,
              4.9179233
            ],
            [
              -74.006449,
              4.9178744
            ],
            [
              -74.0064302,
              4.9177248
            ],
            [
              -74.0063632,
              4.9174536
            ],
            [
              -74.0062746,
              4.9171409
            ],
            [
              -74.0061848,
              4.9167454
            ],
            [
              -74.0060037,
              4.9157727
            ],
            [
              -74.0058213,
              4.9148935
            ],
            [
              -74.0057918,
              4.9146997
            ],
            [
              -74.005761,
              4.9145314
            ],
            [
              -74.0057422,
              4.9144178
            ],
            [
              -74.005757,
              4.9142922
            ],
            [
              -74.0057811,
              4.91418
            ],
            [
              -74.0058026,
              4.9140971
            ],
            [
              -74.0058374,
              4.9139942
            ],
            [
              -74.005879,
              4.9138927
            ],
            [
              -74.0059273,
              4.9138125
            ],
            [
              -74.0059756,
              4.9137537
            ],
            [
              -74.0060453,
              4.9136896
            ],
            [
              -74.0061218,
              4.9136361
            ],
            [
              -74.0062706,
              4.9135934
            ],
            [
              -74.0064168,
              4.9135626
            ],
            [
              -74.0065576,
              4.9135573
            ],
            [
              -74.0066931,
              4.9135506
            ],
            [
              -74.0068151,
              4.913552
            ],
            [
              -74.0069371,
              4.913588
            ],
            [
              -74.0070619,
              4.9136401
            ],
            [
              -74.0072161,
              4.9137203
            ],
            [
              -74.0073529,
              4.9137911
            ],
            [
              -74.0074709,
              4.91387
            ],
            [
              -74.0075943,
              4.9139555
            ],
            [
              -74.007778,
              4.9140971
            ],
            [
              -74.0079644,
              4.9142267
            ],
            [
              -74.0081012,
              4.9142989
            ],
            [
              -74.0082581,
              4.9143857
            ],
            [
              -74.0084218,
              4.9144579
            ],
            [
              -74.0085049,
              4.9144926
            ],
            [
              -74.0086162,
              4.91453
            ],
            [
              -74.0087758,
              4.9145701
            ],
            [
              -74.0088871,
              4.9145701
            ],
            [
              -74.0090078,
              4.9145594
            ],
            [
              -74.0091124,
              4.9145287
            ],
            [
              -74.0092117,
              4.9144846
            ],
            [
              -74.0092935,
              4.9144352
            ],
            [
              -74.0094101,
              4.9144004
            ],
            [
              -74.0095402,
              4.9143537
            ],
            [
              -74.0096274,
              4.9142842
            ],
            [
              -74.0097159,
              4.9142107
            ],
            [
              -74.0098111,
              4.9141519
            ],
            [
              -74.0099104,
              4.9140797
            ],
            [
              -74.0100351,
              4.9139728
            ],
            [
              -74.0100874,
              4.91387
            ],
            [
              -74.0101464,
              4.9137323
            ],
            [
              -74.0101947,
              4.9135987
            ],
            [
              -74.0102202,
              4.9134771
            ],
            [
              -74.0102148,
              4.9133689
            ],
            [
              -74.010196,
              4.9132553
            ],
            [
              -74.0101638,
              4.9131885
            ],
            [
              -74.0101129,
              4.913127
            ],
            [
              -74.0100284,
              4.9131043
            ],
            [
              -74.0099359,
              4.913095
            ],
            [
              -74.0098245,
              4.9131003
            ],
            [
              -74.0096971,
              4.913127
            ],
            [
              -74.0095483,
              4.9131498
            ],
            [
              -74.0094276,
              4.9131725
            ],
            [
              -74.0092599,
              4.9132086
            ],
            [
              -74.0091513,
              4.9132299
            ],
            [
              -74.0090346,
              4.9132567
            ],
            [
              -74.0089287,
              4.9132714
            ],
            [
              -74.0087932,
              4.913282
            ],
            [
              -74.0086605,
              4.913274
            ],
            [
              -74.0085518,
              4.9132553
            ],
            [
              -74.0083963,
              4.9132019
            ],
            [
              -74.00823,
              4.913107
            ],
            [
              -74.0081616,
              4.9130629
            ],
            [
              -74.0080087,
              4.9129333
            ],
            [
              -74.0077713,
              4.9127128
            ],
            [
              -74.0076023,
              4.9125512
            ],
            [
              -74.0074763,
              4.9124028
            ],
            [
              -74.0073569,
              4.9122291
            ],
            [
              -74.0072671,
              4.9120755
            ],
            [
              -74.0072201,
              4.9119165
            ],
            [
              -74.0072148,
              4.9117575
            ],
            [
              -74.0072241,
              4.9116265
            ],
            [
              -74.0072845,
              4.9115343
            ],
            [
              -74.0073797,
              4.9114448
            ],
            [
              -74.0075004,
              4.9113833
            ],
            [
              -74.0075983,
              4.9113579
            ],
            [
              -74.0077056,
              4.9113419
            ],
            [
              -74.0078223,
              4.9113433
            ],
            [
              -74.0079604,
              4.911366
            ],
            [
              -74.0081415,
              4.9113954
            ],
            [
              -74.0082742,
              4.911398
            ],
            [
              -74.008415,
              4.9113914
            ],
            [
              -74.0086135,
              4.9113847
            ],
            [
              -74.0087195,
              4.9113459
            ],
            [
              -74.0088549,
              4.9112791
            ],
            [
              -74.0090092,
              4.911211
            ],
            [
              -74.0091218,
              4.9111402
            ],
            [
              -74.0092197,
              4.9110653
            ],
            [
              -74.0092787,
              4.9109852
            ],
            [
              -74.0093283,
              4.9108943
            ],
            [
              -74.0093377,
              4.9108008
            ],
            [
              -74.0093015,
              4.9106645
            ],
            [
              -74.0092197,
              4.9105322
            ],
            [
              -74.0091379,
              4.910444
            ],
            [
              -74.0090011,
              4.9103799
            ],
            [
              -74.0088844,
              4.9103438
            ],
            [
              -74.0087503,
              4.9103371
            ],
            [
              -74.0085867,
              4.9103398
            ],
            [
              -74.0084539,
              4.9103384
            ],
            [
              -74.0083158,
              4.9103718
            ],
            [
              -74.0082528,
              4.9104039
            ],
            [
              -74.0081589,
              4.910456
            ],
            [
              -74.0080422,
              4.9104801
            ],
            [
              -74.0079215,
              4.9104921
            ],
            [
              -74.0078035,
              4.9104921
            ],
            [
              -74.00766,
              4.9104948
            ],
            [
              -74.0074736,
              4.9104574
            ],
            [
              -74.0072832,
              4.9103999
            ],
            [
              -74.0070297,
              4.9103024
            ],
            [
              -74.0068218,
              4.9102035
            ],
            [
              -74.0066448,
              4.9100939
            ],
            [
              -74.0064892,
              4.909967
            ],
            [
              -74.0063471,
              4.9098668
            ],
            [
              -74.0062425,
              4.9097332
            ],
            [
              -74.0061955,
              4.9096236
            ],
            [
              -74.0061378,
              4.9094405
            ],
            [
              -74.0061285,
              4.9091773
            ],
            [
              -74.0060896,
              4.9089314
            ],
            [
              -74.0060346,
              4.908731
            ],
            [
              -74.0060078,
              4.9085453
            ],
            [
              -74.0060252,
              4.9084063
            ],
            [
              -74.0060601,
              4.9082567
            ],
            [
              -74.0060386,
              4.9081565
            ],
            [
              -74.0060681,
              4.9080643
            ],
            [
              -74.0061003,
              4.9079346
            ],
            [
              -74.0061151,
              4.9077596
            ],
            [
              -74.0061083,
              4.9076273
            ],
            [
              -74.0060896,
              4.9075017
            ],
            [
              -74.0060158,
              4.9073935
            ],
            [
              -74.005942,
              4.9073147
            ],
            [
              -74.005879,
              4.9072853
            ],
            [
              -74.0057583,
              4.9072906
            ],
            [
              -74.0056416,
              4.9073173
            ],
            [
              -74.0055411,
              4.9073708
            ],
            [
              -74.0054512,
              4.9074469
            ],
            [
              -74.00536,
              4.9075378
            ],
            [
              -74.0052581,
              4.9076514
            ],
            [
              -74.0050851,
              4.9078411
            ],
            [
              -74.0050073,
              4.9078959
            ],
            [
              -74.0049201,
              4.9079547
            ],
            [
              -74.0048102,
              4.9079934
            ],
            [
              -74.0046814,
              4.9079988
            ],
            [
              -74.0045527,
              4.907944
            ],
            [
              -74.0044279,
              4.9078505
            ],
            [
              -74.0041745,
              4.9077837
            ],
            [
              -74.0039653,
              4.9077249
            ],
            [
              -74.003862,
              4.9077035
            ],
            [
              -74.0037078,
              4.9076447
            ],
            [
              -74.0035965,
              4.9075712
            ],
            [
              -74.0035026,
              4.9075004
            ],
            [
              -74.003406,
              4.9074015
            ],
            [
              -74.0033551,
              4.9073133
            ],
            [
              -74.003347,
              4.9072171
            ],
            [
              -74.0033819,
              4.9071062
            ],
            [
              -74.0034409,
              4.9069766
            ],
            [
              -74.0035106,
              4.9068457
            ],
            [
              -74.0035616,
              4.9066826
            ],
            [
              -74.0035938,
              4.9064982
            ],
            [
              -74.0036394,
              4.9063005
            ],
            [
              -74.0036783,
              4.9060867
            ],
            [
              -74.0037024,
              4.9058769
            ],
            [
              -74.0037346,
              4.9056965
            ],
            [
              -74.003811,
              4.9055242
            ],
            [
              -74.003917,
              4.9053398
            ],
            [
              -74.0040216,
              4.9051781
            ],
            [
              -74.0041691,
              4.9049322
            ],
            [
              -74.0042295,
              4.9047879
            ],
            [
              -74.0042992,
              4.9046209
            ],
            [
              -74.0044212,
              4.9044793
            ],
            [
              -74.0045272,
              4.9043176
            ],
            [
              -74.0046465,
              4.9041359
            ],
            [
              -74.0048075,
              4.9038806
            ],
            [
              -74.0048866,
              4.9037109
            ],
            [
              -74.0050475,
              4.9034597
            ],
            [
              -74.0051186,
              4.9033702
            ],
            [
              -74.0052433,
              4.903266
            ],
            [
              -74.0053721,
              4.9031538
            ],
            [
              -74.0055652,
              4.9030362
            ],
            [
              -74.0057503,
              4.9029466
            ],
            [
              -74.0059219,
              4.9028638
            ],
            [
              -74.0060775,
              4.9028117
            ],
            [
              -74.006221,
              4.9027676
            ],
            [
              -74.0063377,
              4.9027489
            ],
            [
              -74.0064611,
              4.9027462
            ],
            [
              -74.006563,
              4.9027462
            ],
            [
              -74.0066515,
              4.9027743
            ],
            [
              -74.0067159,
              4.9028384
            ],
            [
              -74.0067776,
              4.9029199
            ],
            [
              -74.0068513,
              4.9030108
            ],
            [
              -74.0069358,
              4.9030763
            ],
            [
              -74.0070672,
              4.9031471
            ],
            [
              -74.0072751,
              4.9032299
            ],
            [
              -74.0073676,
              4.9032566
            ],
            [
              -74.0074696,
              4.9032593
            ],
            [
              -74.007597,
              4.9032459
            ],
            [
              -74.0077257,
              4.9032246
            ],
            [
              -74.0084875,
              4.9030535
            ],
            [
              -74.0088898,
              4.9029921
            ],
            [
              -74.0090266,
              4.9029707
            ],
            [
              -74.0092251,
              4.9029573
            ],
            [
              -74.0093686,
              4.902952
            ],
            [
              -74.0095228,
              4.90296
            ],
            [
              -74.0096274,
              4.9029787
            ],
            [
              -74.0097441,
              4.9029907
            ],
            [
              -74.0098634,
              4.9029894
            ],
            [
              -74.0099855,
              4.9029266
            ],
            [
              -74.010125,
              4.9028558
            ],
            [
              -74.0102161,
              4.902793
            ],
            [
              -74.0102671,
              4.9027008
            ],
            [
              -74.0102872,
              4.9026086
            ],
            [
              -74.0102336,
              4.9024496
            ],
            [
              -74.0101022,
              4.9023053
            ],
            [
              -74.00996,
              4.9022438
            ],
            [
              -74.0098071,
              4.902193
            ],
            [
              -74.0096194,
              4.9021823
            ],
            [
              -74.0094584,
              4.902177
            ],
            [
              -74.0093511,
              4.9021423
            ],
            [
              -74.0092197,
              4.9020407
            ],
            [
              -74.0091714,
              4.901875
            ],
            [
              -74.0091634,
              4.9016532
            ],
            [
              -74.0091687,
              4.9014341
            ],
            [
              -74.009209,
              4.901231
            ],
            [
              -74.0093002,
              4.9010626
            ],
            [
              -74.0093914,
              4.9008916
            ],
            [
              -74.0095121,
              4.9007473
            ],
            [
              -74.0096247,
              4.900611
            ],
            [
              -74.0097025,
              4.9004907
            ],
            [
              -74.0098125,
              4.9002823
            ],
            [
              -74.0099064,
              4.9001112
            ],
            [
              -74.0099707,
              4.8999856
            ],
            [
              -74.0100592,
              4.8998627
            ],
            [
              -74.0101907,
              4.8997077
            ],
            [
              -74.0104227,
              4.8994231
            ],
            [
              -74.0105246,
              4.8992868
            ],
            [
              -74.0106574,
              4.8991425
            ],
            [
              -74.0107459,
              4.8990236
            ],
            [
              -74.0108237,
              4.8989554
            ],
            [
              -74.0109377,
              4.8988539
            ],
            [
              -74.0110798,
              4.8987256
            ],
            [
              -74.0111978,
              4.8986053
            ],
            [
              -74.011281,
              4.8985038
            ],
            [
              -74.01134,
              4.8984223
            ],
            [
              -74.0113923,
              4.8983354
            ],
            [
              -74.0114486,
              4.8982098
            ],
            [
              -74.0115438,
              4.897992
            ],
            [
              -74.0116256,
              4.8978611
            ],
            [
              -74.0117316,
              4.8976833
            ],
            [
              -74.0118362,
              4.8975497
            ],
            [
              -74.01191,
              4.8974548
            ],
            [
              -74.0119985,
              4.8974228
            ],
            [
              -74.0120897,
              4.8974268
            ],
            [
              -74.0121755,
              4.8974522
            ],
            [
              -74.0122385,
              4.8975136
            ],
            [
              -74.0122935,
              4.8975805
            ],
            [
              -74.0123981,
              4.8977715
            ],
            [
              -74.0124692,
              4.8978758
            ],
            [
              -74.0125979,
              4.898127
            ],
            [
              -74.0126932,
              4.8983394
            ],
            [
              -74.012783,
              4.8985492
            ],
            [
              -74.0128487,
              4.8986842
            ],
            [
              -74.012893,
              4.8988124
            ],
            [
              -74.012952,
              4.898906
            ],
            [
              -74.0130043,
              4.8989541
            ],
            [
              -74.0130472,
              4.8989821
            ],
            [
              -74.0131237,
              4.8990048
            ],
            [
              -74.0132041,
              4.8990075
            ],
            [
              -74.013298,
              4.8989768
            ],
            [
              -74.013408,
              4.8989247
            ],
            [
              -74.0134911,
              4.8988498
            ],
            [
              -74.0135421,
              4.8987777
            ],
            [
              -74.0135944,
              4.8986908
            ],
            [
              -74.01364,
              4.8985973
            ],
            [
              -74.0136601,
              4.8984891
            ],
            [
              -74.0136454,
              4.8983728
            ],
            [
              -74.0136159,
              4.8982913
            ],
            [
              -74.013585,
              4.8982285
            ],
            [
              -74.0135287,
              4.898155
            ],
            [
              -74.0134093,
              4.8980294
            ],
            [
              -74.0132779,
              4.8979172
            ],
            [
              -74.0131022,
              4.8977181
            ],
            [
              -74.0129426,
              4.8975043
            ],
            [
              -74.0128702,
              4.897388
            ],
            [
              -74.0128219,
              4.897225
            ],
            [
              -74.0127884,
              4.8971221
            ],
            [
              -74.0127642,
              4.8969845
            ],
            [
              -74.0127736,
              4.8968442
            ],
            [
              -74.0128058,
              4.896752
            ],
            [
              -74.0128434,
              4.8966892
            ],
            [
              -74.0129024,
              4.8966277
            ],
            [
              -74.0129748,
              4.8965917
            ],
            [
              -74.013066,
              4.8965836
            ],
            [
              -74.0131733,
              4.8965836
            ],
            [
              -74.0133007,
              4.8965903
            ],
            [
              -74.013416,
              4.8965983
            ],
            [
              -74.0135421,
              4.8965703
            ],
            [
              -74.0137285,
              4.8965489
            ],
            [
              -74.0138841,
              4.8965395
            ],
            [
              -74.0140088,
              4.8965195
            ],
            [
              -74.0141724,
              4.8964888
            ],
            [
              -74.0142877,
              4.896446
            ],
            [
              -74.0144031,
              4.8964019
            ],
            [
              -74.0144822,
              4.8963698
            ],
            [
              -74.0145855,
              4.896275
            ],
            [
              -74.0146914,
              4.8961667
            ],
            [
              -74.014792,
              4.8960946
            ],
            [
              -74.0149865,
              4.8959449
            ],
            [
              -74.0152413,
              4.8957458
            ],
            [
              -74.0154693,
              4.8955494
            ],
            [
              -74.0155645,
              4.8954585
            ],
            [
              -74.0156463,
              4.8953998
            ],
            [
              -74.0157992,
              4.8953517
            ],
            [
              -74.0159816,
              4.8953169
            ],
            [
              -74.0160781,
              4.8953062
            ],
            [
              -74.0162243,
              4.8953142
            ],
            [
              -74.016518,
              4.8953263
            ],
            [
              -74.0166467,
              4.8953142
            ],
            [
              -74.0167158,
              4.8952898
            ],
            [
              -74.016974,
              4.895218
            ],
            [
              -74.0170598,
              4.8951753
            ],
            [
              -74.0171403,
              4.8950791
            ],
            [
              -74.0171617,
              4.8949775
            ],
            [
              -74.0171349,
              4.8947958
            ],
            [
              -74.017092,
              4.8944537
            ],
            [
              -74.0170652,
              4.8943415
            ],
            [
              -74.0170759,
              4.8940849
            ],
            [
              -74.0171349,
              4.8937856
            ],
            [
              -74.0171564,
              4.8935397
            ],
            [
              -74.0171456,
              4.893203
            ],
            [
              -74.017151,
              4.892869
            ],
            [
              -74.0172395,
              4.8924227
            ],
            [
              -74.0173978,
              4.8920325
            ],
            [
              -74.0175667,
              4.8915595
            ],
            [
              -74.0176553,
              4.8912949
            ],
            [
              -74.0177035,
              4.8910357
            ],
            [
              -74.0177169,
              4.8907925
            ],
            [
              -74.0176767,
              4.8905039
            ],
            [
              -74.0176284,
              4.8901351
            ],
            [
              -74.0175775,
              4.8898063
            ],
            [
              -74.0174219,
              4.8892852
            ],
            [
              -74.0173012,
              4.888879
            ],
            [
              -74.0171376,
              4.8884487
            ],
            [
              -74.0170303,
              4.8881468
            ],
            [
              -74.0169525,
              4.8879517
            ],
            [
              -74.0169472,
              4.8878715
            ],
            [
              -74.0169847,
              4.8877272
            ],
            [
              -74.0170276,
              4.8875909
            ],
            [
              -74.0171054,
              4.8875348
            ],
            [
              -74.0172288,
              4.887492
            ],
            [
              -74.0173736,
              4.8874947
            ],
            [
              -74.017548,
              4.8875642
            ],
            [
              -74.0177143,
              4.8876283
            ],
            [
              -74.0181193,
              4.8878795
            ],
            [
              -74.0183312,
              4.8879811
            ],
            [
              -74.0185243,
              4.8880372
            ],
            [
              -74.0186772,
              4.8880425
            ],
            [
              -74.0188247,
              4.8880051
            ],
            [
              -74.018932,
              4.8879116
            ],
            [
              -74.0190098,
              4.887818
            ],
            [
              -74.0190366,
              4.8876016
            ],
            [
              -74.0190554,
              4.8873049
            ],
            [
              -74.0191144,
              4.8869709
            ],
            [
              -74.0192163,
              4.8867384
            ],
            [
              -74.019388,
              4.8864417
            ],
            [
              -74.0195221,
              4.8862734
            ],
            [
              -74.0197259,
              4.8860703
            ],
            [
              -74.0198359,
              4.8859767
            ],
            [
              -74.0199485,
              4.8858591
            ],
            [
              -74.0200961,
              4.8856427
            ],
            [
              -74.0202114,
              4.8855384
            ],
            [
              -74.0203723,
              4.8854048
            ],
            [
              -74.020544,
              4.8851349
            ],
            [
              -74.0206808,
              4.8849505
            ],
            [
              -74.0209168,
              4.8846779
            ],
            [
              -74.0211529,
              4.8844668
            ],
            [
              -74.0213621,
              4.8843519
            ],
            [
              -74.0216222,
              4.8842503
            ],
            [
              -74.0218556,
              4.8841888
            ],
            [
              -74.0221104,
              4.8840926
            ],
            [
              -74.0224108,
              4.8840365
            ],
            [
              -74.0226495,
              4.8840445
            ],
            [
              -74.0230814,
              4.8840312
            ],
            [
              -74.0233254,
              4.883975
            ],
            [
              -74.0236768,
              4.8839056
            ],
            [
              -74.0239719,
              4.8838414
            ],
            [
              -74.0243608,
              4.8837292
            ],
            [
              -74.0245807,
              4.8836143
            ],
            [
              -74.0250206,
              4.8832294
            ],
            [
              -74.0252084,
              4.8830103
            ],
            [
              -74.0253586,
              4.8824758
            ],
            [
              -74.0251815,
              4.8823475
            ],
            [
              -74.0251225,
              4.8820322
            ],
            [
              -74.0249455,
              4.8813908
            ],
            [
              -74.024806,
              4.8800331
            ],
            [
              -74.0248114,
              4.8796804
            ],
            [
              -74.0247792,
              4.8790016
            ],
            [
              -74.0246719,
              4.8786809
            ],
            [
              -74.0245003,
              4.8783174
            ],
            [
              -74.0241194,
              4.8781143
            ],
            [
              -74.0237761,
              4.8779379
            ],
            [
              -74.0235454,
              4.8777081
            ],
            [
              -74.0235668,
              4.8774515
            ],
            [
              -74.0238887,
              4.8771522
            ],
            [
              -74.0241087,
              4.8767834
            ],
            [
              -74.0242267,
              4.8764039
            ],
            [
              -74.0242964,
              4.8762649
            ],
            [
              -74.0247256,
              4.8761901
            ],
            [
              -74.0253693,
              4.8763772
            ],
            [
              -74.0258038,
              4.876452
            ],
            [
              -74.0260398,
              4.8762863
            ],
            [
              -74.0262651,
              4.8758801
            ],
            [
              -74.0263349,
              4.8754952
            ],
            [
              -74.0263563,
              4.8748752
            ],
            [
              -74.0262008,
              4.8747202
            ],
            [
              -74.0259862,
              4.8747737
            ],
            [
              -74.0255785,
              4.8750195
            ],
            [
              -74.025203,
              4.8752494
            ],
            [
              -74.0248758,
              4.8753456
            ],
            [
              -74.0245378,
              4.8754097
            ],
            [
              -74.0242159,
              4.8753563
            ],
            [
              -74.0241516,
              4.8752814
            ],
            [
              -74.0241194,
              4.8750623
            ],
            [
              -74.0243018,
              4.8746881
            ],
            [
              -74.0244949,
              4.874469
            ],
            [
              -74.0248168,
              4.8741483
            ],
            [
              -74.0252727,
              4.8736993
            ],
            [
              -74.0257663,
              4.8732396
            ],
            [
              -74.026174,
              4.8729617
            ],
            [
              -74.0266514,
              4.8729884
            ],
            [
              -74.0270859,
              4.8733252
            ],
            [
              -74.0274239,
              4.8736726
            ],
            [
              -74.0277189,
              4.8738062
            ],
            [
              -74.0280944,
              4.8737581
            ],
            [
              -74.0286094,
              4.873555
            ],
            [
              -74.0292102,
              4.8732343
            ],
            [
              -74.029811,
              4.8729403
            ],
            [
              -74.0303689,
              4.8725555
            ],
            [
              -74.0308785,
              4.8719461
            ],
            [
              -74.0311414,
              4.8714384
            ],
            [
              -74.0312058,
              4.8712513
            ],
            [
              -74.0311199,
              4.870968
            ],
            [
              -74.0305835,
              4.8705832
            ],
            [
              -74.0302616,
              4.8703587
            ],
            [
              -74.0296823,
              4.8700861
            ],
            [
              -74.029001,
              4.8700006
            ],
            [
              -74.0283305,
              4.8700006
            ],
            [
              -74.0280032,
              4.8699578
            ],
            [
              -74.0276814,
              4.8696211
            ],
            [
              -74.0275419,
              4.8690117
            ],
            [
              -74.0274582,
              4.8683983
            ],
            [
              -74.0274265,
              4.8677075
            ],
            [
              -74.0273541,
              4.8670581
            ],
            [
              -74.027492,
              4.8665577
            ],
            [
              -74.0275687,
              4.8663659
            ],
            [
              -74.0276787,
              4.8662697
            ],
            [
              -74.027794,
              4.866251
            ],
            [
              -74.027912,
              4.8662857
            ],
            [
              -74.0280435,
              4.8663926
            ],
            [
              -74.0281776,
              4.8666332
            ],
            [
              -74.0283948,
              4.8672398
            ],
            [
              -74.0285611,
              4.8675178
            ],
            [
              -74.0289581,
              4.8681057
            ],
            [
              -74.0292853,
              4.8683623
            ],
            [
              -74.0296662,
              4.8684852
            ],
            [
              -74.0299988,
              4.8684772
            ],
            [
              -74.0302777,
              4.868397
            ],
            [
              -74.0305406,
              4.8682233
            ],
            [
              -74.030664,
              4.8680202
            ],
            [
              -74.0306801,
              4.8678492
            ],
            [
              -74.0306425,
              4.8677129
            ],
            [
              -74.0305513,
              4.8676113
            ],
            [
              -74.0303046,
              4.8674964
            ],
            [
              -74.0300605,
              4.8674964
            ],
            [
              -74.0297875,
              4.8673281
            ],
            [
              -74.0294465,
              4.8670773
            ],
            [
              -74.0290453,
              4.866608
            ],
            [
              -74.0289133,
              4.8663848
            ],
            [
              -74.0287261,
              4.8660836
            ],
            [
              -74.0284589,
              4.8652386
            ],
            [
              -74.0282865,
              4.8650921
            ],
            [
              -74.028084,
              4.8652403
            ],
            [
              -74.0278808,
              4.865389
            ],
            [
              -74.0276739,
              4.8656167
            ],
            [
              -74.0274081,
              4.8656937
            ],
            [
              -74.0273345,
              4.8655522
            ],
            [
              -74.0273219,
              4.8652987
            ],
            [
              -74.027425,
              4.8651851
            ],
            [
              -74.0275503,
              4.8650822
            ],
            [
              -74.0278812,
              4.8648937
            ],
            [
              -74.0286932,
              4.8644313
            ],
            [
              -74.028845,
              4.8643549
            ],
            [
              -74.028986,
              4.8641984
            ],
            [
              -74.0291452,
              4.863982
            ],
            [
              -74.0292782,
              4.8638663
            ],
            [
              -74.0291922,
              4.8637824
            ],
            [
              -74.0292423,
              4.863737
            ],
            [
              -74.028649,
              4.8631283
            ],
            [
              -74.028278,
              4.8627665
            ],
            [
              -74.0280842,
              4.8625498
            ],
            [
              -74.0279281,
              4.8624302
            ],
            [
              -74.0278108,
              4.8622678
            ],
            [
              -74.0277357,
              4.8620433
            ],
            [
              -74.0275844,
              4.862021
            ],
            [
              -74.0275293,
              4.8620219
            ],
            [
              -74.0274751,
              4.8620159
            ],
            [
              -74.0273703,
              4.8620388
            ],
            [
              -74.0272547,
              4.8619101
            ],
            [
              -74.0270276,
              4.8613427
            ],
            [
              -74.0269396,
              4.8612067
            ],
            [
              -74.02684,
              4.8611702
            ],
            [
              -74.0266063,
              4.8611966
            ],
            [
              -74.0262282,
              4.8612715
            ],
            [
              -74.0260208,
              4.8613485
            ],
            [
              -74.025657,
              4.8614457
            ],
            [
              -74.0252789,
              4.8615713
            ],
            [
              -74.025035,
              4.8617151
            ],
            [
              -74.0247057,
              4.8618245
            ],
            [
              -74.022631,
              4.8609231
            ],
            [
              -74.0221072,
              4.8600543
            ],
            [
              -74.0214571,
              4.8596491
            ],
            [
              -74.0207146,
              4.8594772
            ],
            [
              -74.0204126,
              4.8597658
            ],
            [
              -74.0197749,
              4.8598763
            ],
            [
              -74.0194914,
              4.8597995
            ],
            [
              -74.0188074,
              4.8601556
            ],
            [
              -74.0183607,
              4.8604442
            ],
            [
              -74.01788,
              4.860874
            ],
            [
              -74.0176551,
              4.8610214
            ],
            [
              -74.0170204,
              4.8612025
            ],
            [
              -74.0166353,
              4.8614143
            ],
            [
              -74.0159359,
              4.861442
            ],
            [
              -74.0151071,
              4.8616047
            ],
            [
              -74.01488,
              4.861656
            ],
            [
              -74.0148153,
              4.8617674
            ],
            [
              -74.0147564,
              4.8617483
            ],
            [
              -74.0148285,
              4.8615944
            ],
            [
              -74.0146184,
              4.8602644
            ],
            [
              -74.0146233,
              4.8599452
            ],
            [
              -74.0142198,
              4.859085
            ],
            [
              -74.0140902,
              4.859241
            ],
            [
              -74.0139997,
              4.859414
            ],
            [
              -74.0137479,
              4.8596162
            ],
            [
              -74.0135645,
              4.8597186
            ],
            [
              -74.0134275,
              4.8597283
            ],
            [
              -74.0129898,
              4.8592848
            ],
            [
              -74.0122773,
              4.8586283
            ],
            [
              -74.0122142,
              4.8586108
            ],
            [
              -74.0123171,
              4.8583588
            ],
            [
              -74.0124288,
              4.8578282
            ],
            [
              -74.0124635,
              4.8577957
            ],
            [
              -74.012508,
              4.8577777
            ],
            [
              -74.012567,
              4.85779
            ],
            [
              -74.0129244,
              4.8580185
            ],
            [
              -74.012964,
              4.8580106
            ],
            [
              -74.012997,
              4.8579878
            ],
            [
              -74.0130085,
              4.8579668
            ],
            [
              -74.0130081,
              4.8579404
            ],
            [
              -74.0128888,
              4.8577268
            ],
            [
              -74.012891,
              4.8576773
            ],
            [
              -74.0129253,
              4.8576334
            ],
            [
              -74.0129705,
              4.85747
            ],
            [
              -74.013055,
              4.8572888
            ],
            [
              -74.0131472,
              4.8567249
            ],
            [
              -74.0132318,
              4.8564008
            ],
            [
              -74.0133803,
              4.8561456
            ],
            [
              -74.0135801,
              4.855625
            ],
            [
              -74.0135929,
              4.8553239
            ],
            [
              -74.0136902,
              4.8550814
            ],
            [
              -74.013662,
              4.8547523
            ],
            [
              -74.0135237,
              4.8544052
            ],
            [
              -74.0133086,
              4.8541755
            ],
            [
              -74.0128425,
              4.8539382
            ],
            [
              -74.0124993,
              4.8537289
            ],
            [
              -74.0118462,
              4.8535222
            ],
            [
              -74.0118052,
              4.8531854
            ],
            [
              -74.0119461,
              4.8527873
            ],
            [
              -74.0118027,
              4.852282
            ],
            [
              -74.0118129,
              4.851644
            ],
            [
              -74.0114083,
              4.8511234
            ],
            [
              -74.0107962,
              4.8506284
            ],
            [
              -74.0105247,
              4.850562
            ],
            [
              -74.0104612,
              4.8505053
            ],
            [
              -74.0103007,
              4.8502182
            ],
            [
              -74.009614,
              4.8493416
            ],
            [
              -74.0088415,
              4.8486147
            ],
            [
              -74.0146679,
              4.843194
            ],
            [
              -74.0148651,
              4.8407932
            ],
            [
              -74.0135864,
              4.8405445
            ],
            [
              -74.0126806,
              4.8403756
            ],
            [
              -74.0108782,
              4.8401945
            ],
            [
              -74.0105701,
              4.8395252
            ],
            [
              -74.0092237,
              4.8381099
            ],
            [
              -74.0093038,
              4.8377569
            ],
            [
              -74.0093408,
              4.8373946
            ],
            [
              -74.0094671,
              4.8369372
            ],
            [
              -74.0093377,
              4.8364521
            ],
            [
              -74.0092822,
              4.836228
            ],
            [
              -74.009341,
              4.8357386
            ],
            [
              -74.0094548,
              4.8353284
            ],
            [
              -74.0093253,
              4.8351043
            ],
            [
              -74.0093007,
              4.8349539
            ],
            [
              -74.0093931,
              4.8346407
            ],
            [
              -74.0093839,
              4.8342079
            ],
            [
              -74.0095718,
              4.833818
            ],
            [
              -74.0097505,
              4.8334895
            ],
            [
              -74.0098645,
              4.8333421
            ],
            [
              -74.0098584,
              4.833075
            ],
            [
              -74.0099354,
              4.8328447
            ],
            [
              -74.0101511,
              4.8322062
            ],
            [
              -74.0103976,
              4.8319206
            ],
            [
              -74.0105793,
              4.8318777
            ],
            [
              -74.0105331,
              4.8317487
            ],
            [
              -74.0105793,
              4.8315338
            ],
            [
              -74.0105362,
              4.8313005
            ],
            [
              -74.0106471,
              4.8310058
            ],
            [
              -74.0105639,
              4.8306588
            ],
            [
              -74.0107426,
              4.8303303
            ],
            [
              -74.010909,
              4.8300233
            ],
            [
              -74.0110446,
              4.8297286
            ],
            [
              -74.011174,
              4.8295075
            ],
            [
              -74.0111678,
              4.8291913
            ],
            [
              -74.0112079,
              4.8289457
            ],
            [
              -74.0112849,
              4.8287646
            ],
            [
              -74.0112602,
              4.8285036
            ],
            [
              -74.0113742,
              4.8283317
            ],
            [
              -74.0115191,
              4.8279449
            ],
            [
              -74.011556,
              4.8278681
            ],
            [
              -74.0115529,
              4.8277299
            ],
            [
              -74.0115283,
              4.8275335
            ],
            [
              -74.0116361,
              4.827337
            ],
            [
              -74.0116361,
              4.8270699
            ],
            [
              -74.0117347,
              4.8268826
            ],
            [
              -74.0119689,
              4.8266247
            ],
            [
              -74.0120089,
              4.8264589
            ],
            [
              -74.0119658,
              4.8261243
            ],
            [
              -74.0120059,
              4.8259462
            ],
            [
              -74.0118826,
              4.8256852
            ],
            [
              -74.0118025,
              4.8255655
            ],
            [
              -74.0120675,
              4.8253874
            ],
            [
              -74.0122493,
              4.8251725
            ],
            [
              -74.0120521,
              4.8245217
            ],
            [
              -74.0110569,
              4.8241717
            ],
            [
              -74.0097536,
              4.8238063
            ],
            [
              -74.0082408,
              4.8235085
            ],
            [
              -74.0063279,
              4.8233437
            ],
            [
              -74.0062432,
              4.8245994
            ],
            [
              -74.0059428,
              4.8267803
            ],
            [
              -74.0052776,
              4.8296668
            ],
            [
              -74.0044193,
              4.8318263
            ],
            [
              -74.0042262,
              4.8333444
            ],
            [
              -74.0039472,
              4.8348411
            ],
            [
              -74.0030675,
              4.8368295
            ],
            [
              -74.00178,
              4.8384759
            ],
            [
              -74.0004282,
              4.8401222
            ],
            [
              -74.0004282,
              4.8414693
            ],
            [
              -74.0004282,
              4.8433722
            ],
            [
              -74.0001921,
              4.8450399
            ],
            [
              -73.9995913,
              4.8469856
            ],
            [
              -73.9975314,
              4.8481615
            ],
            [
              -73.9959435,
              4.8490809
            ],
            [
              -73.9949102,
              4.8508058
            ],
            [
              -73.9948251,
              4.8525028
            ],
            [
              -73.9938202,
              4.8544204
            ],
            [
              -73.9935052,
              4.8555404
            ],
            [
              -73.9926792,
              4.8569744
            ],
            [
              -73.9919298,
              4.8578823
            ],
            [
              -73.9916573,
              4.859452
            ],
            [
              -73.9911123,
              4.8611574
            ],
            [
              -73.9906184,
              4.8624641
            ],
            [
              -73.9900649,
              4.8638387
            ],
            [
              -73.9899201,
              4.8655526
            ],
            [
              -73.9899287,
              4.8672326
            ],
            [
              -73.9895966,
              4.869235
            ],
            [
              -73.9894773,
              4.8707198
            ],
            [
              -73.9891282,
              4.8721877
            ],
            [
              -73.9888216,
              4.8736979
            ],
            [
              -73.9886769,
              4.87503
            ],
            [
              -73.988217,
              4.8759634
            ],
            [
              -73.9872122,
              4.8774651
            ],
            [
              -73.9873314,
              4.8781015
            ],
            [
              -73.9876891,
              4.8788651
            ],
            [
              -73.9868801,
              4.8791281
            ],
            [
              -73.9863011,
              4.8800275
            ],
            [
              -73.9855943,
              4.8815547
            ],
            [
              -73.9858923,
              4.8821317
            ],
            [
              -73.985722,
              4.8828868
            ],
            [
              -73.9852281,
              4.8837353
            ],
            [
              -73.9856624,
              4.8843971
            ],
            [
              -73.9860541,
              4.8852625
            ],
            [
              -73.9860541,
              4.88578
            ],
            [
              -73.9858072,
              4.886637
            ],
            [
              -73.9854325,
              4.8876636
            ],
            [
              -73.9856028,
              4.8890551
            ],
            [
              -73.9852111,
              4.8904805
            ],
            [
              -73.984598,
              4.8914901
            ],
            [
              -73.9846491,
              4.8930513
            ],
            [
              -73.9839252,
              4.89485
            ],
            [
              -73.9837209,
              4.8959275
            ],
            [
              -73.9836187,
              4.8965808
            ],
            [
              -73.9833462,
              4.897811
            ],
            [
              -73.9832899,
              4.8986325
            ],
            [
              -73.9831934,
              4.8994663
            ],
            [
              -73.9828715,
              4.9003856
            ],
            [
              -73.982378,
              4.9007383
            ],
            [
              -73.981584,
              4.901679
            ],
            [
              -73.9813373,
              4.9025876
            ],
            [
              -73.9821538,
              4.9026994
            ],
            [
              -73.9828386,
              4.9027189
            ],
            [
              -73.983758,
              4.9026799
            ],
            [
              -73.9844525,
              4.9031672
            ],
            [
              -73.9845504,
              4.9035863
            ],
            [
              -73.9855872,
              4.9037617
            ],
            [
              -73.9864871,
              4.9033329
            ],
            [
              -73.9873479,
              4.9026507
            ],
            [
              -73.988375,
              4.9028261
            ],
            [
              -73.9893434,
              4.9030308
            ],
            [
              -73.9898618,
              4.9031965
            ],
            [
              -73.9903314,
              4.9035571
            ],
            [
              -73.9911824,
              4.9037617
            ],
            [
              -73.9916519,
              4.9041321
            ],
            [
              -73.9917008,
              4.9045706
            ],
            [
              -73.992229,
              4.9049897
            ],
            [
              -73.9932365,
              4.9054868
            ],
            [
              -73.9942538,
              4.9057791
            ],
            [
              -73.9950559,
              4.9062372
            ],
            [
              -73.9953005,
              4.9064516
            ],
            [
              -73.9957309,
              4.9066075
            ],
            [
              -73.9960537,
              4.9065393
            ],
            [
              -73.9965036,
              4.906666
            ],
            [
              -73.9967971,
              4.9071241
            ],
            [
              -73.9968558,
              4.9076016
            ],
            [
              -73.9970123,
              4.9080012
            ],
            [
              -73.9973644,
              4.908352
            ],
            [
              -73.9978242,
              4.9087906
            ],
            [
              -73.9985969,
              4.9089758
            ],
            [
              -73.9991056,
              4.9092292
            ],
            [
              -73.9998979,
              4.9094826
            ],
            [
              -74.0004457,
              4.9095703
            ],
            [
              -74.0006706,
              4.9097165
            ],
            [
              -74.0010423,
              4.9096677
            ],
            [
              -74.0013651,
              4.9097749
            ],
            [
              -74.0016174,
              4.9098582
            ],
            [
              -74.0015164,
              4.9101861
            ],
            [
              -74.00098,
              4.9117548
            ],
            [
              -74.0004956,
              4.9131955
            ]
          ]
        ]
      },
      "id": "relation/16207146"
    },
    {
      "type": "Feature",
      "properties": {
        "@id": "relation/19140976",
        "admin_level": "7",
        "boundary": "administrative",
        "name": "Casco urbano de Calahorra",
        "type": "boundary"
      },
      "geometry": {
        "type": "Polygon",
        "coordinates": [
          [
            [
              -74.0397815,
              4.874467
            ],
            [
              -74.0394893,
              4.8751471
            ],
            [
              -74.0393535,
              4.8754632
            ],
            [
              -74.0392016,
              4.8757961
            ],
            [
              -74.039109,
              4.8760211
            ],
            [
              -74.039096,
              4.8760526
            ],
            [
              -74.0389732,
              4.8763512
            ],
            [
              -74.0389391,
              4.8764339
            ],
            [
              -74.0388724,
              4.8765961
            ],
            [
              -74.038831,
              4.8766828
            ],
            [
              -74.0386298,
              4.8771601
            ],
            [
              -74.0385025,
              4.8774568
            ],
            [
              -74.0382991,
              4.8779288
            ],
            [
              -74.0382545,
              4.8780041
            ],
            [
              -74.0382079,
              4.8780827
            ],
            [
              -74.0381177,
              4.8781968
            ],
            [
              -74.0380564,
              4.8782218
            ],
            [
              -74.0380458,
              4.8784732
            ],
            [
              -74.0381211,
              4.8784761
            ],
            [
              -74.0381656,
              4.8784905
            ],
            [
              -74.0382138,
              4.8785081
            ],
            [
              -74.0384177,
              4.878592
            ],
            [
              -74.0387846,
              4.8787439
            ],
            [
              -74.0389447,
              4.8788088
            ],
            [
              -74.0392584,
              4.8789379
            ],
            [
              -74.0393384,
              4.8789708
            ],
            [
              -74.0394409,
              4.8790347
            ],
            [
              -74.0396024,
              4.8791646
            ],
            [
              -74.0396695,
              4.879198
            ],
            [
              -74.0400715,
              4.8793829
            ],
            [
              -74.0401724,
              4.8794305
            ],
            [
              -74.0403662,
              4.8795183
            ],
            [
              -74.0405561,
              4.8796081
            ],
            [
              -74.040713,
              4.8796811
            ],
            [
              -74.0410678,
              4.8798653
            ],
            [
              -74.0418017,
              4.8802518
            ],
            [
              -74.041855,
              4.8802806
            ],
            [
              -74.0418796,
              4.880294
            ],
            [
              -74.0426268,
              4.8807013
            ],
            [
              -74.0428484,
              4.8808609
            ],
            [
              -74.0430572,
              4.8809535
            ],
            [
              -74.043416,
              4.8811107
            ],
            [
              -74.0434811,
              4.8812091
            ],
            [
              -74.043535,
              4.881314
            ],
            [
              -74.0435773,
              4.8814241
            ],
            [
              -74.0436072,
              4.8815381
            ],
            [
              -74.0437715,
              4.8816165
            ],
            [
              -74.0438755,
              4.8814049
            ],
            [
              -74.0439213,
              4.8812907
            ],
            [
              -74.0441662,
              4.8807812
            ],
            [
              -74.044233,
              4.8806096
            ],
            [
              -74.044525,
              4.8807321
            ],
            [
              -74.0445557,
              4.8805458
            ],
            [
              -74.0446326,
              4.8802753
            ],
            [
              -74.0447529,
              4.8800074
            ],
            [
              -74.0444756,
              4.8798665
            ],
            [
              -74.0445164,
              4.8798258
            ],
            [
              -74.0448502,
              4.8791538
            ],
            [
              -74.0451497,
              4.8787443
            ],
            [
              -74.0457195,
              4.8789956
            ],
            [
              -74.0458869,
              4.8790655
            ],
            [
              -74.0464652,
              4.8792881
            ],
            [
              -74.0464982,
              4.8792842
            ],
            [
              -74.0470552,
              4.8795196
            ],
            [
              -74.0473395,
              4.8787967
            ],
            [
              -74.0468952,
              4.8786318
            ],
            [
              -74.047019,
              4.8783438
            ],
            [
              -74.0470441,
              4.8783203
            ],
            [
              -74.0473233,
              4.8776074
            ],
            [
              -74.0468182,
              4.8774044
            ],
            [
              -74.0466919,
              4.8773536
            ],
            [
              -74.0464065,
              4.8772389
            ],
            [
              -74.0463351,
              4.8772139
            ],
            [
              -74.0460036,
              4.8770978
            ],
            [
              -74.0459256,
              4.877067
            ],
            [
              -74.0451553,
              4.8767416
            ],
            [
              -74.0450791,
              4.8767116
            ],
            [
              -74.0447228,
              4.8765709
            ],
            [
              -74.0446194,
              4.8765284
            ],
            [
              -74.0440629,
              4.8762993
            ],
            [
              -74.0436139,
              4.876112
            ],
            [
              -74.0435692,
              4.8760933
            ],
            [
              -74.0435299,
              4.8760769
            ],
            [
              -74.0434548,
              4.8760468
            ],
            [
              -74.0429805,
              4.8758565
            ],
            [
              -74.0429378,
              4.87584
            ],
            [
              -74.0426427,
              4.8757117
            ],
            [
              -74.0419812,
              4.8754282
            ],
            [
              -74.0417362,
              4.8753205
            ],
            [
              -74.041326,
              4.8751445
            ],
            [
              -74.0408487,
              4.8749351
            ],
            [
              -74.0397815,
              4.874467
            ]
          ]
        ]
      },
      "id": "relation/19140976"
    },
    {
      "type": "Feature",
      "properties": {
        "@id": "node/318687784",
        "@relations": [
          {
            "role": "admin_centre",
            "rel": 340972,
            "reltags": {
              "admin_level": "8",
              "boundary": "administrative",
              "idee:name": "Chía",
              "ine:municipio": "22095",
              "name": "Chía",
              "name:an": "Chía",
              "population": "90",
              "population:date": "2025",
              "ref:ine": "22095000000",
              "source": "BDLL25, EGRN, Instituto Geográfico Nacional",
              "type": "boundary",
              "wikidata": "Q987432",
              "wikipedia": "es:Chía (Huesca)"
            }
          }
        ]
      },
      "geometry": {
        "type": "Point",
        "coordinates": [
          0.465951,
          42.5206948
        ]
      },
      "id": "node/318687784"
    },
    {
      "type": "Feature",
      "properties": {
        "@id": "node/703340869",
        "@relations": [
          {
            "role": "admin_centre",
            "rel": 16204378,
            "reltags": {
              "admin_level": "8",
              "boundary": "administrative",
              "name": "Fonquetá",
              "type": "boundary"
            }
          }
        ]
      },
      "geometry": {
        "type": "Point",
        "coordinates": [
          -74.0766704,
          4.8634708
        ]
      },
      "id": "node/703340869"
    },
    {
      "type": "Feature",
      "properties": {
        "@id": "node/4737557121",
        "@relations": [
          {
            "role": "label",
            "rel": 16204573,
            "reltags": {
              "admin_level": "8",
              "boundary": "administrative",
              "name": "La Balsa",
              "type": "boundary"
            }
          }
        ]
      },
      "geometry": {
        "type": "Point",
        "coordinates": [
          -74.0597532,
          4.8376128
        ]
      },
      "id": "node/4737557121"
    },
    {
      "type": "Feature",
      "properties": {
        "@id": "node/4737541752",
        "@relations": [
          {
            "role": "label",
            "rel": 16204377,
            "reltags": {
              "admin_level": "8",
              "boundary": "administrative",
              "name": "Cerca de Piedra",
              "type": "boundary"
            }
          }
        ]
      },
      "geometry": {
        "type": "Point",
        "coordinates": [
          -74.0792694,
          4.8504598
        ]
      },
      "id": "node/4737541752"
    },
    {
      "type": "Feature",
      "properties": {
        "@id": "node/11177573513",
        "@relations": [
          {
            "role": "label",
            "rel": 7081146,
            "reltags": {
              "admin_level": "7",
              "boundary": "administrative",
              "entidad_te": "Cabecera Municipal",
              "name": "Casco urbano de Chía",
              "type": "boundary"
            }
          },
          {
            "role": "admin_centre",
            "rel": 10687625,
            "reltags": {
              "admin_level": "6",
              "boundary": "administrative",
              "divipola": "25175",
              "entidad_te": "Municipio",
              "name": "Chía",
              "subject:wikidata": "Q1093102",
              "subject:wikipedia": "es:Chía (Colombia)",
              "type": "boundary"
            }
          }
        ]
      },
      "geometry": {
        "type": "Point",
        "coordinates": [
          -74.0601998,
          4.8612776
        ]
      },
      "id": "node/11177573513"
    },
    {
      "type": "Feature",
      "properties": {
        "@id": "node/5540750518",
        "@relations": [
          {
            "role": "label",
            "rel": 10687625,
            "reltags": {
              "admin_level": "6",
              "boundary": "administrative",
              "divipola": "25175",
              "entidad_te": "Municipio",
              "name": "Chía",
              "subject:wikidata": "Q1093102",
              "subject:wikipedia": "es:Chía (Colombia)",
              "type": "boundary"
            }
          }
        ]
      },
      "geometry": {
        "type": "Point",
        "coordinates": [
          -74.0306281,
          4.8660334
        ]
      },
      "id": "node/5540750518"
    },
    {
      "type": "Feature",
      "properties": {
        "@id": "node/12843239354",
        "@relations": [
          {
            "role": "outer",
            "rel": 16204378,
            "reltags": {
              "admin_level": "8",
              "boundary": "administrative",
              "name": "Fonquetá",
              "type": "boundary"
            }
          },
          {
            "role": "outer",
            "rel": 16204379,
            "reltags": {
              "admin_level": "8",
              "boundary": "administrative",
              "name": "Tiquiza",
              "type": "boundary"
            }
          }
        ]
      },
      "geometry": {
        "type": "Point",
        "coordinates": [
          -74.071861,
          4.8733286
        ]
      },
      "id": "node/12843239354"
    },
    {
      "type": "Feature",
      "properties": {
        "@id": "node/4737549821",
        "@relations": [
          {
            "role": "label",
            "rel": 16204379,
            "reltags": {
              "admin_level": "8",
              "boundary": "administrative",
              "name": "Tiquiza",
              "type": "boundary"
            }
          }
        ]
      },
      "geometry": {
        "type": "Point",
        "coordinates": [
          -74.0717415,
          4.8816198
        ]
      },
      "id": "node/4737549821"
    },
    {
      "type": "Feature",
      "properties": {
        "@id": "node/4735602333",
        "@relations": [
          {
            "role": "admin_centre",
            "rel": 7080224,
            "reltags": {
              "admin_level": "8",
              "boundary": "administrative",
              "name": "Bojacá",
              "type": "boundary"
            }
          }
        ]
      },
      "geometry": {
        "type": "Point",
        "coordinates": [
          -74.0433843,
          4.8795697
        ]
      },
      "id": "node/4735602333"
    },
    {
      "type": "Feature",
      "properties": {
        "@id": "node/11117501963",
        "@relations": [
          {
            "role": "label",
            "rel": 16204380,
            "reltags": {
              "admin_level": "8",
              "boundary": "administrative",
              "name": "Fagua",
              "type": "boundary"
            }
          }
        ]
      },
      "geometry": {
        "type": "Point",
        "coordinates": [
          -74.0639061,
          4.8951559
        ]
      },
      "id": "node/11117501963"
    },
    {
      "type": "Feature",
      "properties": {
        "@id": "node/4737559289",
        "@relations": [
          {
            "role": "label",
            "rel": 7081106,
            "reltags": {
              "admin_level": "8",
              "boundary": "administrative",
              "name": "Fusca",
              "place": "suburb",
              "source": "Kaart Ground Survey 2017",
              "type": "boundary"
            }
          }
        ]
      },
      "geometry": {
        "type": "Point",
        "coordinates": [
          -74.0227978,
          4.8419477
        ]
      },
      "id": "node/4737559289"
    },
    {
      "type": "Feature",
      "properties": {
        "@id": "node/11119857424",
        "@relations": [
          {
            "role": "label",
            "rel": 16207146,
            "reltags": {
              "admin_level": "8",
              "boundary": "administrative",
              "name": "Yerbabuena",
              "type": "boundary"
            }
          }
        ]
      },
      "geometry": {
        "type": "Point",
        "coordinates": [
          -74.0044445,
          4.874395
        ]
      },
      "id": "node/11119857424"
    }
  ]
}